Game Order,Team,Date,Passing Yards,Passings TD,Rushing Yards,Rushing TD,Turnovers,Opponent Passing Yards,Opponent Rushing Yards,Time of Possession,Day of Week,Game Number,Week,Home/Away,Opponent,Result,Passing Completions,Passing Attempts,Passing Incompletions,Passing Completion Percentage,Passing TD,Interceptions,TD Percentage per Pass,Interception Percentage per Pass,Passer Rating,Times Sacked,Sack Yards,Sack Percentage,Yards per Attempt,Net Yards per Attempt,Adjusted Yards per Attempt,Adjusted Net Yards per Attempt,Yards per Completion,Opponent Rushing Attempts,Opponent Rushing Yards per Attempt,Opponent Rushing TD,Opponent Pass Completions,Opponent Pass Attempts,Opponent Completion Percentage,Opponent Passing TD,Opponent Times Sacked,Opponent Sack Yards,Opponent Interceptions,Opponent Passer Rating,Rushing Attempts,Rushing Yards per Attempt,Total Yardage,Offense Number of Plays,Yards per Offensive Play,Defense Number of Plays,Yards Allowed per Defensive Play,Turnovers Lost,Total Time,Opponent Turnovers,Penalties,Penalty Yards,Opponent Penalties,Opponent Penalty Yards,Field Goals Made,Opponent Field Goals Made,3rd Down %,Oppoenent 3rd Down %,1st Downs,1st Downs by Rush,1st Downs by Pass,1st Downs by Pen,3rd Down Attempts,3rd Down Conversions,3rd Down Conversion %,4th Down Attempts,4th Down Conversions,4th Down Conversion %,Opponent Total Yards,Opponent Turnovers.1,Penalties.1,Penalty Yards.1,Opponent Penalties.1,Opponent Penalty Yards.1,Combined Penalties,Combined Penalty Yards,Opponent TD,Opponent XPA,Opponent XPM,Opponent Field Goals Attempted,Opponent Field Goals Made.1,Opponent Safeties,Total Yards,Offensive Plays,Yards per Play,Defensive Plays,Defensive Yards per Play,Turnovers.1,Time,Opponent 1st Downs,Opponent 1st Downs by Rush,Opponent 1st Downs by Pass,Opponent 1st Downs by Penalty,Opponent 3rd Down Attempts,Opponent 3rd Down Conversions,Opponent 3rd Down Conversion %,Opponent 4th Down Attempts,Opponent 4th Down Conversions,Opponent 4th Down Conversion %,Total TD,XPA,XPM,Field Goals Attempted,Field Goals Made.1,2PA,2PM,Safeties
1,ATL,2014-09-07,445,3,123,1,1,333,139,31:18,Sun,1,1,,NOR,W 37-34 (OT),31,43,12,72.1,3,0,7.0,0.0,128.8,1,3,2.27,10.3,10.11,11.74,11.48,14.4,28,5.0,3,29,42,69.0,1,0,0,1,90.7,25,4.9,568,69,8.23,70,6.74,1,3:18,2,10,96,3,27,3,2,54.5,61.5,28,6,21,1,11,6,54.5,0,0,,472,2,10,96,3,27,13,123,4,4,4,2,2,0,568,69,8.23,70,6.74,1,3:18,30,9,17,4,13,8,61.5,0,0,,4,4,4,3,3,0,0,0
2,ATL,2014-09-14,212,1,97,0,3,302,170,27:01,Sun,2,2,@,CIN,L 10-24,24,44,20,54.5,1,3,2.3,6.8,48.6,2,19,4.35,4.8,4.61,2.2,2.11,8.8,45,3.8,2,16,24,66.7,1,0,0,0,123.6,19,5.1,309,65,4.75,69,6.84,3,3:11,0,7,56,7,55,1,1,25.0,42.9,19,6,11,2,12,3,25.0,2,1,50.0,472,0,7,56,7,55,14,111,3,3,3,4,1,0,309,65,4.75,69,6.84,3,3:11,21,10,10,1,14,6,42.9,0,0,,1,1,1,1,1,0,0,0
3,ATL,2014-09-18,344,3,144,3,4,153,64,32:39,Thu,3,3,,TAM,W 56-14,24,28,4,85.7,3,1,10.7,3.6,139.6,1,6,3.45,12.3,11.86,12.82,12.38,14.3,18,3.6,0,22,36,61.1,1,3,26,1,68.4,36,4.0,488,65,7.51,57,3.81,4,3:13,5,5,50,11,110,0,0,72.7,23.1,26,7,17,2,11,8,72.7,0,0,,217,5,5,50,11,110,16,160,2,2,2,0,0,0,488,65,7.51,57,3.81,4,3:13,10,3,7,0,13,3,23.1,1,1,100.0,8,8,8,1,0,0,0,0
4,ATL,2014-09-28,288,3,123,1,2,317,241,27:08,Sun,4,4,@,MIN,L 28-41,25,41,16,61.0,3,2,7.3,4.9,87.2,1,10,2.38,7.0,6.86,6.29,6.14,11.5,44,5.5,4,19,30,63.3,0,0,0,0,98.9,22,5.6,411,64,6.42,74,7.54,2,3:19,0,5,50,6,40,0,4,66.7,46.2,23,6,16,1,15,10,66.7,0,0,,558,0,5,50,6,40,11,90,4,3,3,5,4,0,411,64,6.42,74,7.54,2,3:19,26,11,14,1,13,6,46.2,1,1,100.0,4,4,4,0,0,0,0,0
5,ATL,2014-10-05,307,1,90,1,1,193,124,28:19,Sun,5,5,@,NYG,L 20-30,29,45,16,64.4,1,1,2.2,2.2,83.2,1,9,2.17,6.8,6.67,6.27,6.13,10.6,34,3.6,1,19,30,63.3,2,1,7,0,103.9,21,4.3,397,67,5.93,65,4.88,1,3:03,2,8,81,3,15,2,3,15.4,60.0,20,5,13,2,13,2,15.4,2,1,50.0,317,2,8,81,3,15,11,96,3,3,3,3,3,0,397,67,5.93,65,4.88,1,3:03,22,7,11,4,15,9,60.0,0,0,,2,2,2,2,2,0,0,0
6,ATL,2014-10-12,245,1,42,0,1,375,103,23:45,Sun,6,6,,CHI,L 13-27,19,37,18,51.4,1,1,2.7,2.7,73.1,4,26,9.76,6.6,5.98,5.95,5.37,12.9,29,3.6,2,26,38,68.4,1,2,6,0,109.0,13,3.2,287,54,5.31,69,6.93,1,3:04,0,6,52,7,47,2,2,30.8,46.7,12,2,10,0,13,4,30.8,2,0,0.0,478,0,6,52,7,47,13,99,3,2,1,2,2,0,287,54,5.31,69,6.93,1,3:04,23,7,15,1,15,7,46.7,0,0,,1,1,1,2,2,0,0,0
7,ATL,2014-10-19,186,1,68,0,1,248,123,26:47,Sun,7,7,@,BAL,L 7-29,29,44,15,65.9,1,0,2.3,0.0,86.2,5,42,10.2,4.2,3.8,4.68,4.2,6.4,36,3.4,1,16,25,64.0,2,1,10,2,90.1,16,4.3,254,65,3.91,62,5.98,1,3:00,3,7,76,9,72,0,2,26.7,36.4,16,4,11,1,15,4,26.7,3,1,33.3,371,3,7,76,9,72,16,148,3,3,3,2,2,1,254,65,3.91,62,5.98,1,3:00,23,8,12,3,11,4,36.4,1,1,100.0,1,1,1,1,0,0,0,0
8,ATL,2014-10-26,213,2,78,1,1,325,60,29:05,Sun,8,8,,DET,L 21-22,20,27,7,74.1,2,1,7.4,3.7,108.3,2,15,6.9,7.9,7.34,7.7,7.17,10.7,23,2.6,0,24,47,51.1,2,0,0,1,78.8,26,3.0,291,55,5.29,70,5.5,1,3:00,1,5,39,8,85,0,3,50.0,53.3,22,4,15,3,8,4,50.0,0,0,,385,1,5,39,8,85,13,124,2,1,1,3,3,0,291,55,5.29,70,5.5,1,3:00,22,3,17,2,15,8,53.3,0,0,,3,3,3,0,0,0,0,0
9,ATL,2014-11-09,212,1,110,1,0,281,92,29:48,Sun,9,10,@,TAM,W 27-17,20,31,11,64.5,1,0,3.2,0.0,96.0,1,7,3.13,6.8,6.63,7.48,7.25,10.6,23,4.0,0,27,43,62.8,2,4,20,2,77.8,28,3.9,322,60,5.37,70,5.33,0,3:13,3,5,30,10,79,4,1,50.0,70.6,19,6,10,3,12,6,50.0,0,0,,373,3,5,30,10,79,15,109,2,2,2,1,1,0,322,60,5.37,70,5.33,0,3:13,23,5,17,1,17,12,70.6,1,0,0.0,2,1,1,4,4,1,1,0
10,ATL,2014-11-16,260,1,86,0,1,285,106,31:58,Sun,10,11,@,CAR,W 19-17,31,45,14,68.9,1,0,2.2,0.0,91.7,2,8,4.26,5.8,5.53,6.22,5.96,8.4,25,4.2,0,23,37,62.2,2,2,7,2,81.5,27,3.2,346,74,4.68,64,6.11,1,3:07,2,5,58,1,15,4,1,33.3,23.1,22,3,18,1,15,5,33.3,0,0,,391,2,5,58,1,15,6,73,2,2,2,3,1,0,346,74,4.68,64,6.11,1,3:07,22,5,15,2,13,3,23.1,0,0,,1,1,1,4,4,0,0,0
11,ATL,2014-11-23,252,2,63,1,2,313,162,29:23,Sun,11,12,,CLE,L 24-26,27,43,16,62.8,2,1,4.7,2.3,86.7,3,21,6.52,5.9,5.48,5.74,5.37,9.3,29,5.6,2,23,41,56.1,0,1,9,3,50.2,23,2.7,315,69,4.57,71,6.69,2,3:05,3,7,40,5,30,1,4,56.3,40.0,21,5,15,1,16,9,56.3,0,0,,475,3,7,40,5,30,12,70,2,2,2,5,4,0,315,69,4.57,71,6.69,2,3:05,29,10,16,3,10,4,40.0,0,0,,3,3,3,1,1,0,0,0
12,ATL,2014-11-30,358,2,142,0,1,294,35,37:03,Sun,12,13,,ARI,W 29-18,30,41,11,73.2,2,1,4.9,2.4,105.8,1,3,2.38,8.7,8.52,8.61,8.4,11.9,11,3.2,0,24,39,61.5,1,0,0,2,72.0,34,4.2,500,76,6.58,50,6.58,1,3:02,3,9,76,5,34,5,1,43.8,14.3,22,4,16,2,16,7,43.8,1,1,100.0,329,3,9,76,5,34,14,110,2,1,1,1,1,0,500,76,6.58,50,6.58,1,3:02,18,1,15,2,7,1,14.3,0,0,,2,2,2,5,5,0,0,0
13,ATL,2014-12-08,374,4,91,1,1,323,179,26:59,Mon,13,14,@,GNB,L 37-43,24,39,15,61.5,4,1,10.3,2.6,116.9,1,1,2.5,9.6,9.35,10.49,10.23,15.6,30,6.0,2,24,36,66.7,3,1,4,0,122.8,24,3.8,465,64,7.27,67,7.49,1,3:16,0,3,11,5,40,1,3,45.5,58.3,26,8,17,1,11,5,45.5,3,3,100.0,502,0,3,11,5,40,8,51,5,5,4,3,3,0,465,64,7.27,67,7.49,1,3:16,28,10,17,1,12,7,58.3,1,0,0.0,5,4,4,2,1,1,0,0
14,ATL,2014-12-14,310,2,97,0,1,353,45,29:17,Sun,14,15,,PIT,L 20-27,26,37,11,70.3,2,1,5.4,2.7,102.3,0,0,0.0,8.4,8.38,8.24,8.24,11.9,22,2.0,2,27,35,77.1,0,1,7,0,108.4,20,4.9,407,57,7.14,58,6.86,1,2:52,0,3,25,3,34,2,2,54.5,54.5,20,4,15,1,11,6,54.5,0,0,,398,0,3,25,3,34,6,59,3,3,3,2,2,0,407,57,7.14,58,6.86,1,2:52,22,6,15,1,11,6,54.5,0,0,,2,2,2,2,2,0,0,0
15,ATL,2014-12-21,322,1,81,1,0,271,57,32:09,Sun,15,16,@,NOR,W 30-14,30,40,10,75.0,1,0,2.5,0.0,106.5,0,0,0.0,8.1,8.05,8.55,8.55,10.7,18,3.2,1,30,47,63.8,1,5,42,2,68.7,22,3.7,403,62,6.5,70,4.69,0,3:00,4,6,64,3,25,3,0,46.7,50.0,18,3,15,0,15,7,46.7,0,0,,328,4,6,64,3,25,9,89,2,2,2,0,0,0,403,62,6.5,70,4.69,0,3:00,22,2,20,0,14,7,50.0,2,1,50.0,3,3,3,3,3,0,0,0
16,ATL,2014-12-28,225,0,63,0,3,112,194,28:47,Sun,16,17,,CAR,L 3-34,29,47,18,61.7,0,2,0.0,4.3,58.8,6,35,11.32,4.8,4.25,2.87,2.55,7.8,35,5.5,1,10,16,62.5,1,1,2,0,104.2,16,3.9,288,69,4.17,52,5.88,3,2:51,0,6,36,5,36,1,2,43.8,40.0,16,2,13,1,16,7,43.8,3,1,33.3,306,0,6,36,5,36,11,72,4,4,4,2,2,0,288,69,4.17,52,5.88,3,2:51,17,11,6,0,10,4,40.0,1,0,0.0,0,0,0,1,1,0,0,0
17,ATL,2015-09-14,290,2,105,0,2,336,63,35:27,Mon,1,1,,PHI,W 26-24,23,34,11,67.6,2,2,5.9,5.9,90.1,1,8,2.86,8.5,8.29,7.06,6.86,12.6,16,3.9,2,36,52,69.2,1,0,0,2,77.1,35,3.0,395,70,5.64,68,5.87,2,3:03,2,7,57,10,88,4,1,28.6,25.0,21,3,16,2,14,4,28.6,0,0,,399,2,7,57,10,88,17,145,3,3,3,2,1,0,395,70,5.64,68,5.87,2,3:03,23,5,17,1,12,3,25.0,1,1,100.0,2,2,2,4,4,0,0,0
18,ATL,2015-09-20,346,1,56,2,0,291,97,31:35,Sun,2,2,@,NYG,W 24-20,30,46,16,65.2,1,0,2.2,0.0,96.6,2,17,4.17,7.5,7.21,7.96,7.63,11.5,23,4.2,0,27,40,67.5,2,2,1,0,105.3,22,2.5,402,70,5.74,65,5.97,0,3:09,1,6,65,6,35,1,2,64.7,58.8,25,5,19,1,17,11,64.7,0,0,,388,1,6,65,6,35,12,100,2,2,2,2,2,0,402,70,5.74,65,5.97,0,3:09,19,6,12,1,17,10,58.8,1,0,0.0,3,3,3,1,1,0,0,0
19,ATL,2015-09-27,280,2,158,3,0,220,127,34:13,Sun,3,3,@,DAL,W 39-28,24,36,12,66.7,2,0,5.6,0.0,109.1,1,5,2.7,7.8,7.57,8.89,8.65,11.7,21,6.0,4,22,26,84.6,0,2,12,1,85.9,32,4.9,438,69,6.35,49,7.08,0,2:56,1,6,70,5,31,1,0,64.3,16.7,26,10,14,2,14,9,64.3,0,0,,347,1,6,70,5,31,11,101,4,4,4,0,0,0,438,69,6.35,49,7.08,0,2:56,23,9,11,3,6,1,16.7,1,0,0.0,5,4,4,1,1,1,1,0
20,ATL,2015-10-04,243,1,135,4,0,374,54,35:52,Sun,4,4,,HOU,W 48-21,19,27,8,70.4,1,0,3.7,0.0,112.6,2,13,6.9,9.0,8.38,9.74,9.07,12.8,17,3.2,1,29,57,50.9,2,1,8,1,76.2,35,3.9,378,64,5.91,75,5.71,0,3:18,4,10,80,5,35,0,0,56.3,46.7,22,8,10,4,16,9,56.3,1,1,100.0,428,4,10,80,5,35,15,115,3,3,3,1,0,0,378,64,5.91,75,5.71,0,3:18,24,3,19,2,15,7,46.7,2,0,0.0,7,6,6,0,0,1,0,0
21,ATL,2015-10-11,242,0,176,1,3,219,51,34:56,Sun,5,5,,WAS,W 25-19 (OT),24,42,18,57.1,0,2,0.0,4.8,55.1,3,12,6.67,5.8,5.38,3.62,3.38,10.1,24,2.1,1,21,32,65.6,1,1,0,2,69.7,32,5.5,418,77,5.43,57,4.74,3,3:11,2,4,62,5,51,2,2,40.0,33.3,29,12,14,3,15,6,40.0,3,3,100.0,270,2,4,62,5,51,9,113,2,1,1,3,2,0,418,77,5.43,57,4.74,3,3:11,18,4,13,1,12,4,33.3,1,1,100.0,2,1,1,4,2,1,0,0
22,ATL,2015-10-15,263,2,150,1,3,304,81,27:30,Thu,6,6,@,NOR,L 21-31,30,44,14,68.2,2,0,4.5,0.0,102.0,5,32,10.2,6.0,5.37,6.89,6.18,8.8,32,2.5,2,30,39,76.9,1,1,8,0,107.2,21,7.1,413,70,5.9,72,5.35,3,3:07,0,7,41,3,15,0,1,25.0,50.0,23,8,15,0,12,3,25.0,4,3,75.0,385,0,7,41,3,15,10,56,4,4,4,3,1,0,413,70,5.9,72,5.35,3,3:07,25,7,16,2,16,8,50.0,1,1,100.0,3,3,3,0,0,0,0,0
23,ATL,2015-10-25,251,1,127,0,2,179,77,34:45,Sun,7,7,@,TEN,W 10-7,22,38,16,57.9,1,2,2.6,5.3,64.7,0,0,0.0,6.6,6.61,4.76,4.76,11.4,16,4.8,0,22,35,62.9,1,1,8,2,61.5,31,4.1,378,69,5.48,52,4.92,2,2:57,2,6,53,5,45,1,0,35.7,11.1,21,9,10,2,14,5,35.7,2,0,0.0,256,2,6,53,5,45,11,98,1,1,1,0,0,0,378,69,5.48,52,4.92,2,2:57,15,5,10,0,9,1,11.1,1,0,0.0,1,1,1,2,1,0,0,0
24,ATL,2015-11-01,395,2,101,0,4,173,117,39:05,Sun,8,8,,TAM,L 20-23 (OT),37,45,8,82.2,2,1,4.4,2.2,109.0,1,2,2.17,8.8,8.59,8.67,8.48,10.7,32,3.7,1,16,29,55.2,1,2,4,0,84.4,27,3.7,496,73,6.79,63,4.6,4,3:34,0,11,124,8,43,2,3,50.0,46.2,28,7,19,2,12,6,50.0,3,2,66.7,290,0,11,124,8,43,19,167,2,2,2,3,3,0,496,73,6.79,63,4.6,4,3:34,21,5,11,5,13,6,46.2,1,0,0.0,2,2,2,2,2,0,0,0
25,ATL,2015-11-08,285,1,17,0,0,185,133,32:08,Sun,9,9,@,SFO,L 16-17,30,45,15,66.7,1,0,2.2,0.0,93.1,2,18,4.26,6.3,6.06,6.78,6.49,9.5,38,3.5,0,15,26,57.7,2,0,0,2,73.4,14,1.2,302,61,4.95,64,4.97,0,3:05,2,6,63,5,30,3,1,33.3,40.0,17,2,15,0,15,5,33.3,0,0,,318,2,6,63,5,30,11,93,2,2,2,1,1,0,302,61,4.95,64,4.97,0,3:05,18,8,8,2,15,6,40.0,2,2,100.0,1,1,1,3,3,0,0,0
26,ATL,2015-11-22,275,3,100,0,4,202,74,27:21,Sun,10,11,,IND,L 21-24,25,46,21,54.3,3,3,6.5,6.5,67.3,1,5,2.13,6.0,5.85,4.35,4.26,11.0,27,2.7,0,23,32,71.9,2,2,11,2,83.1,24,4.2,375,71,5.28,61,4.52,4,3:05,3,6,69,7,42,0,1,50.0,50.0,21,3,15,3,16,8,50.0,1,0,0.0,276,3,6,69,7,42,13,111,3,3,3,1,1,0,375,71,5.28,61,4.52,4,3:05,17,3,11,3,14,7,50.0,0,0,,3,3,3,1,0,0,0,0
27,ATL,2015-11-29,210,1,116,0,3,174,191,26:32,Sun,11,12,,MIN,L 10-20,22,31,9,71.0,1,2,3.2,6.5,76.0,2,20,6.06,6.8,6.36,4.52,4.24,9.5,39,4.9,2,20,28,71.4,0,0,0,1,72.6,24,4.8,326,57,5.72,67,5.45,3,2:53,1,6,78,9,53,1,2,45.5,58.3,22,2,14,6,11,5,45.5,1,0,0.0,365,1,6,78,9,53,15,131,2,2,2,3,2,0,326,57,5.72,67,5.45,3,2:53,24,11,10,3,12,7,58.3,0,0,,1,1,1,1,1,0,0,0
28,ATL,2015-12-06,255,1,64,0,1,222,166,28:45,Sun,12,13,@,TAM,L 19-23,30,45,15,66.7,1,1,2.2,2.2,80.7,3,14,6.25,5.7,5.31,5.11,4.79,8.5,37,4.5,2,18,27,66.7,1,1,5,1,88.8,18,3.6,319,66,4.83,65,5.97,1,2:56,2,7,58,8,53,4,1,50.0,54.5,21,6,14,1,16,8,50.0,0,0,,388,2,7,58,8,53,15,111,3,2,2,1,1,0,319,66,4.83,65,5.97,1,2:56,25,11,10,4,11,6,54.5,0,0,,1,1,1,4,4,0,0,0
29,ATL,2015-12-13,176,0,54,0,4,282,142,28:21,Sun,13,14,@,CAR,L 0-38,25,41,16,61.0,0,2,0.0,4.9,56.5,5,59,10.87,4.3,3.83,2.1,1.87,7.0,32,4.4,2,19,27,70.4,3,2,19,0,141.3,16,3.4,230,62,3.71,61,6.95,4,3:10,0,6,54,6,60,0,1,28.6,50.0,15,3,11,1,14,4,28.6,4,1,25.0,424,0,6,54,6,60,12,114,5,5,5,1,1,0,230,62,3.71,61,6.95,4,3:10,20,7,12,1,12,6,50.0,1,0,0.0,0,0,0,0,0,0,0,0
30,ATL,2015-12-20,245,1,83,1,1,285,85,34:33,Sun,14,15,@,JAX,W 23-17,22,35,13,62.9,1,1,2.9,2.9,81.4,1,1,2.78,7.0,6.81,6.29,6.11,11.1,20,4.3,1,23,38,60.5,1,2,12,1,81.6,33,2.5,328,69,4.75,60,6.17,1,3:18,1,5,43,5,62,3,1,50.0,0.0,22,6,13,3,14,7,50.0,0,0,,370,1,5,43,5,62,10,105,2,2,2,1,1,0,328,69,4.75,60,6.17,1,3:18,21,6,14,1,8,0,0.0,1,0,0.0,2,2,2,3,3,0,0,0
31,ATL,2015-12-27,296,1,77,1,1,113,155,35:38,Sun,15,16,,CAR,W 20-13,23,30,7,76.7,1,0,3.3,0.0,119.6,2,10,6.25,9.9,9.25,10.53,9.88,12.9,20,7.8,1,17,30,56.7,0,2,29,0,65.0,30,2.6,373,62,6.02,52,5.15,1,2:55,1,3,20,4,40,2,2,60.0,40.0,21,6,13,2,15,9,60.0,0,0,,268,1,3,20,4,40,7,60,1,1,1,2,2,0,373,62,6.02,52,5.15,1,2:55,18,11,7,0,10,4,40.0,1,0,0.0,2,2,2,3,2,0,0,0
32,ATL,2016-01-03,327,2,87,0,2,323,67,30:26,Sun,16,17,,NOR,L 17-20,24,36,12,66.7,2,1,5.6,2.8,103.2,1,7,2.7,9.1,8.84,8.94,8.7,13.6,22,3.0,1,32,43,74.4,1,0,0,0,103.1,26,3.3,414,63,6.57,65,6.0,2,2:53,1,4,32,4,45,1,2,66.7,60.0,25,5,18,2,12,8,66.7,0,0,,390,1,4,32,4,45,8,77,2,2,2,2,2,0,414,63,6.57,65,6.0,2,2:53,24,6,16,2,10,6,60.0,1,0,0.0,2,2,2,2,1,0,0,0
33,ATL,2016-09-11,322,2,52,0,0,281,90,32:23,Sun,1,1,,TAM,L 24-31,27,39,12,69.2,2,0,5.1,0.0,112.6,3,12,7.14,8.3,7.67,9.28,8.62,11.9,28,3.2,0,23,32,71.9,4,0,0,1,125.1,22,2.4,374,64,5.84,60,6.18,0,3:02,1,7,74,6,48,3,1,23.1,30.0,19,2,16,1,13,3,23.1,2,1,50.0,371,1,7,74,6,48,13,122,4,4,4,1,1,0,374,64,5.84,60,6.18,0,3:02,20,5,12,3,10,3,30.0,0,0,,2,1,1,3,3,1,1,0
34,ATL,2016-09-18,389,3,139,1,1,299,155,27:15,Sun,2,2,@,LVR,W 35-28,26,34,8,76.5,3,1,8.8,2.9,131.5,1,7,2.86,11.4,11.11,11.88,11.54,15.0,25,6.2,1,34,45,75.6,3,1,0,0,115.0,29,4.8,528,64,8.25,71,6.39,1,3:17,0,7,73,9,58,2,0,50.0,41.7,27,8,18,1,10,5,50.0,0,0,,454,0,7,73,9,58,16,131,4,4,4,1,0,0,528,64,8.25,71,6.39,1,3:17,29,8,17,4,12,5,41.7,2,1,50.0,4,3,3,2,2,1,1,0
35,ATL,2016-09-26,225,2,217,3,0,359,115,27:26,Mon,3,3,@,NOR,W 45-32,20,30,10,66.7,2,0,6.7,0.0,113.2,2,15,6.25,7.5,7.03,8.83,8.28,11.3,23,5.0,1,36,54,66.7,3,2,17,1,96.1,31,7.0,442,63,7.02,79,6.0,0,3:02,2,4,35,5,75,1,1,45.5,53.8,26,11,13,2,11,5,45.5,2,2,100.0,474,2,4,35,5,75,9,110,4,3,3,1,1,0,442,63,7.02,79,6.0,0,3:02,32,9,21,2,13,7,53.8,2,1,50.0,6,6,6,1,1,0,0,0
36,ATL,2016-10-02,481,4,90,1,1,329,49,33:49,Sun,4,4,,CAR,W 48-33,28,37,9,75.7,4,1,10.8,2.7,142.0,3,22,7.5,13.0,12.03,13.95,12.9,17.2,15,3.3,0,31,48,64.6,3,1,8,2,87.9,25,3.6,571,65,8.78,64,5.91,1,3:16,2,8,77,6,55,2,1,61.5,43.8,25,7,18,0,13,8,61.5,0,0,,378,2,8,77,6,55,14,132,4,2,2,1,1,0,571,65,8.78,64,5.91,1,3:16,20,3,16,1,16,7,43.8,1,1,100.0,6,6,6,2,2,0,0,0
37,ATL,2016-10-09,250,1,122,1,1,183,84,28:52,Sun,5,5,@,DEN,W 23-16,15,28,13,53.6,1,0,3.6,0.0,98.4,2,17,6.67,8.9,8.33,9.64,9.0,16.7,24,3.5,0,23,35,65.7,1,6,40,1,76.3,32,3.8,372,62,6.0,65,4.11,1,2:58,1,7,78,8,57,3,3,16.7,25.0,19,8,10,1,12,2,16.7,3,2,66.7,267,1,7,78,8,57,15,135,1,1,1,3,3,0,372,62,6.0,65,4.11,1,2:58,18,5,10,3,16,4,25.0,4,4,100.0,2,2,2,3,3,0,0,0
38,ATL,2016-10-16,310,3,52,0,2,261,72,29:51,Sun,6,6,@,SEA,L 24-26,27,42,15,64.3,3,1,7.1,2.4,102.8,4,25,8.7,7.4,6.74,7.74,7.07,11.5,27,2.7,3,25,37,67.6,0,1,9,0,87.8,18,2.9,362,64,5.66,65,5.12,2,3:14,0,8,66,3,30,1,2,27.3,35.7,22,4,17,1,11,3,27.3,2,1,50.0,333,0,8,66,3,30,11,96,3,3,2,3,2,0,362,64,5.66,65,5.12,2,3:14,22,6,14,2,14,5,35.7,0,0,,3,3,3,1,1,0,0,0
39,ATL,2016-10-23,256,1,130,1,1,348,78,30:30,Sun,7,7,,LAC,L 30-33 (OT),22,34,12,64.7,1,1,2.9,2.9,87.0,3,17,8.11,7.5,6.92,6.79,6.24,11.6,26,3.0,2,27,45,60.0,1,4,23,1,82.5,26,5.0,386,63,6.13,75,5.68,1,3:31,2,9,70,3,14,3,4,50.0,56.3,21,8,13,0,12,6,50.0,1,0,0.0,426,2,9,70,3,14,12,84,3,3,3,4,4,0,386,63,6.13,75,5.68,1,3:31,26,6,19,1,16,9,56.3,1,1,100.0,3,3,3,4,3,0,0,0
40,ATL,2016-10-30,277,3,90,1,0,223,108,28:43,Sun,8,8,,GNB,W 33-32,28,35,7,80.0,3,0,8.6,0.0,129.5,2,11,5.41,7.9,7.49,9.63,9.11,9.9,19,5.7,0,28,38,73.7,4,3,23,0,123.0,19,4.7,367,56,6.55,60,5.52,0,3:06,0,7,46,6,68,2,1,44.4,60.0,25,6,16,3,9,4,44.4,1,1,100.0,331,0,7,46,6,68,13,114,4,3,3,1,1,0,367,56,6.55,60,5.52,0,3:06,24,5,16,3,10,6,60.0,1,0,0.0,4,3,3,2,2,1,0,0
41,ATL,2016-11-03,325,4,136,1,1,326,70,33:28,Thu,9,9,@,TAM,W 43-28,25,34,9,73.5,4,0,11.8,0.0,144.7,2,19,5.56,9.6,9.03,11.91,11.25,13.0,20,3.5,0,33,48,68.8,4,2,10,0,115.5,34,4.0,461,70,6.59,70,5.66,1,3:15,2,6,34,11,85,3,0,60.0,57.1,31,9,20,2,10,6,60.0,0,0,,396,2,6,34,11,85,17,119,4,2,2,0,0,0,461,70,6.59,70,5.66,1,3:15,23,3,18,2,14,8,57.1,2,1,50.0,5,4,4,3,3,1,0,0
42,ATL,2016-11-13,255,1,48,0,1,221,208,21:50,Sun,10,10,@,PHI,L 15-24,18,33,15,54.5,1,1,3.0,3.0,78.7,2,12,5.71,7.7,7.29,6.97,6.57,14.2,38,5.5,2,25,36,69.4,0,2,10,0,85.5,13,3.7,303,48,6.31,76,5.64,1,3:05,1,8,67,10,77,3,3,18.2,35.7,11,3,7,1,11,2,18.2,1,0,0.0,429,1,8,67,10,77,18,144,2,1,1,5,3,0,303,48,6.31,76,5.64,1,3:05,25,12,12,1,14,5,35.7,1,0,0.0,1,1,0,4,3,0,0,0
43,ATL,2016-11-27,244,2,116,3,1,274,58,34:22,Sun,11,12,,ARI,W 38-19,26,34,8,76.5,2,1,5.9,2.9,106.1,3,25,8.11,7.2,6.59,7.03,6.46,9.4,14,4.1,0,25,45,55.6,2,2,15,1,79.3,30,3.9,360,67,5.37,61,5.44,1,3:01,1,4,23,8,60,1,2,44.4,36.4,28,8,15,5,9,4,44.4,1,1,100.0,332,1,4,23,8,60,12,83,2,1,1,2,2,0,360,67,5.37,61,5.44,1,3:01,23,3,17,3,11,4,36.4,2,1,50.0,5,5,5,1,1,0,0,0
44,ATL,2016-12-04,290,1,128,2,1,266,123,31:52,Sun,12,13,,KAN,L 28-29,22,34,12,64.7,1,1,2.9,2.9,90.0,2,7,5.56,8.5,8.06,7.79,7.36,13.2,22,5.6,2,21,25,84.0,1,1,4,0,124.3,30,4.3,418,66,6.33,48,8.1,1,2:59,1,5,30,13,128,3,0,60.0,30.0,32,11,15,6,10,6,60.0,1,0,0.0,389,1,5,30,13,128,18,158,4,4,3,0,0,0,418,66,6.33,48,8.1,1,2:59,17,4,13,0,10,3,30.0,2,2,100.0,3,1,1,3,3,2,0,0
45,ATL,2016-12-11,220,3,66,1,0,208,104,27:08,Sun,13,14,@,LAR,W 42-14,18,30,12,60.0,3,0,10.0,0.0,118.3,2,17,6.25,7.3,6.88,9.33,8.75,12.2,23,4.5,2,24,41,58.5,0,3,27,2,51.7,25,2.6,286,57,5.02,67,4.66,0,3:12,5,5,40,11,105,0,0,30.8,42.9,18,3,12,3,13,4,30.8,0,0,,312,5,5,40,11,105,16,145,2,2,2,0,0,0,286,57,5.02,67,4.66,0,3:12,21,6,13,2,14,6,42.9,0,0,,6,6,6,0,0,0,0,0
46,ATL,2016-12-18,302,2,248,3,1,165,107,36:01,Sun,14,15,,SFO,W 41-13,18,24,6,75.0,2,0,8.3,0.0,144.4,1,0,4.0,12.6,12.08,14.25,13.68,16.8,20,5.4,0,20,33,60.6,2,2,18,0,93.6,41,6.0,550,66,8.33,55,4.95,1,2:54,1,4,27,4,20,2,0,55.6,46.2,29,10,17,2,9,5,55.6,0,0,,272,1,4,27,4,20,8,47,2,2,1,0,0,0,550,66,8.33,55,4.95,1,2:54,15,6,8,1,13,6,46.2,0,0,,5,5,5,2,2,0,0,0
47,ATL,2016-12-24,256,2,152,1,0,183,119,32:45,Sat,15,16,@,CAR,W 33-16,27,33,6,81.8,2,0,6.1,0.0,121.8,4,21,10.81,7.8,6.92,8.97,8.0,9.5,23,5.2,0,18,43,41.9,1,2,15,2,43.1,24,6.3,408,61,6.69,68,4.44,0,3:15,2,6,45,4,24,4,3,42.9,26.7,21,6,13,2,14,6,42.9,0,0,,302,2,6,45,4,24,10,69,1,1,1,3,3,0,408,61,6.69,68,4.44,0,3:15,17,6,10,1,15,4,26.7,4,3,75.0,3,3,3,5,4,0,0,0
48,ATL,2017-01-01,323,4,142,1,0,341,132,29:45,Sun,16,17,,NOR,W 38-32,27,36,9,75.0,4,0,11.1,0.0,139.9,1,8,2.7,9.0,8.73,11.19,10.89,12.0,23,5.7,2,29,50,58.0,2,2,9,1,83.8,22,6.5,465,59,7.88,75,6.31,0,3:17,1,9,63,6,70,1,2,54.5,43.8,25,4,19,2,11,6,54.5,0,0,,473,1,9,63,6,70,15,133,4,2,2,2,2,0,465,59,7.88,75,6.31,0,3:17,26,8,16,2,16,7,43.8,3,3,100.0,5,5,5,1,1,0,0,0
49,ATL,2017-09-10,308,1,64,1,0,176,125,30:34,Sun,1,1,@,CHI,W 23-17,21,30,9,70.0,1,0,3.3,0.0,116.1,2,13,6.25,10.3,9.63,10.93,10.25,14.7,19,6.6,1,26,40,65.0,1,4,37,0,82.9,23,2.8,372,55,6.76,63,4.78,0,2:54,0,8,73,4,40,3,1,45.5,38.5,18,4,12,2,11,5,45.5,0,0,,301,0,8,73,4,40,12,113,2,2,2,1,1,0,372,55,6.76,63,4.78,0,2:54,20,6,11,3,13,5,38.5,2,1,50.0,2,2,2,3,3,0,0,0
50,ATL,2017-09-17,223,1,141,2,0,308,59,28:37,Sun,2,2,,GNB,W 34-23,19,28,9,67.9,1,0,3.6,0.0,108.0,3,29,9.68,8.0,7.19,8.68,7.84,11.7,15,3.9,1,33,50,66.0,2,3,35,1,87.7,27,5.2,364,58,6.28,68,5.4,0,3:10,2,6,34,10,70,2,1,45.5,41.7,19,7,12,0,11,5,45.5,0,0,,367,2,6,34,10,70,16,104,3,2,2,1,1,0,364,58,6.28,68,5.4,0,3:10,24,4,18,2,12,5,41.7,3,3,100.0,4,4,4,2,2,0,0,0
51,ATL,2017-09-24,277,2,151,1,3,253,71,32:35,Sun,3,3,@,DET,W 30-26,24,35,11,68.6,2,3,5.7,8.6,77.6,2,17,5.41,7.9,7.49,5.2,4.92,11.5,19,3.7,0,25,45,55.6,1,2,11,0,79.2,28,5.4,428,65,6.58,66,4.91,3,3:22,0,8,68,9,98,3,4,44.4,23.1,26,9,15,2,9,4,44.4,0,0,,324,0,8,68,9,98,17,166,2,2,2,4,4,0,428,65,6.58,66,4.91,3,3:22,21,3,15,3,13,3,23.1,0,0,,3,3,3,3,3,0,0,0
52,ATL,2017-10-01,242,1,147,1,3,164,117,31:15,Sun,4,4,,BUF,L 17-23,24,42,18,57.1,1,2,2.4,4.8,61.8,1,0,2.33,5.8,5.63,4.1,4.0,10.1,36,3.3,0,12,20,60.0,1,3,18,0,102.9,29,5.1,389,72,5.4,59,4.76,3,2:59,0,4,45,9,55,1,3,38.5,46.2,25,10,13,2,13,5,38.5,2,1,50.0,281,0,4,45,9,55,13,100,2,2,2,3,3,0,389,72,5.4,59,4.76,3,2:59,15,7,8,0,13,6,46.2,0,0,,2,2,2,1,1,0,0,0
53,ATL,2017-10-15,239,1,100,1,1,151,138,25:36,Sun,5,6,,MIA,L 17-20,24,35,11,68.6,1,1,2.9,2.9,86.4,2,9,5.41,6.8,6.46,6.11,5.78,10.0,31,4.5,0,19,33,57.6,2,0,0,1,76.7,19,5.3,339,56,6.05,64,4.52,1,2:52,1,6,73,4,42,1,2,54.5,41.7,19,5,13,1,11,6,54.5,1,0,0.0,289,1,6,73,4,42,10,115,2,2,2,2,2,0,339,56,6.05,64,4.52,1,2:52,20,7,10,3,12,5,41.7,3,2,66.7,2,2,2,2,1,0,0,0
54,ATL,2017-10-22,223,1,120,0,0,241,162,25:55,Sun,6,7,@,NWE,L 7-23,23,33,10,69.7,1,0,3.0,0.0,99.7,1,10,2.94,6.8,6.56,7.36,7.15,9.7,36,4.5,0,21,29,72.4,2,2,8,0,120.0,22,5.5,343,56,6.13,67,6.01,0,2:55,0,6,40,8,65,0,3,22.2,53.8,21,8,13,0,9,2,22.2,3,1,33.3,403,0,6,40,8,65,14,105,2,2,2,3,3,0,343,56,6.13,67,6.01,0,2:55,25,9,13,3,13,7,53.8,0,0,,1,1,1,2,0,0,0,0
55,ATL,2017-10-29,246,2,140,0,2,236,43,28:19,Sun,7,8,@,NYJ,W 25-20,18,29,11,62.1,2,0,6.9,0.0,113.3,1,8,3.33,8.5,8.2,9.86,9.53,13.7,22,2.0,0,26,33,78.8,2,3,21,0,116.7,32,4.4,386,62,6.23,58,4.81,2,3:02,1,6,68,6,50,4,2,35.7,33.3,18,4,12,2,14,5,35.7,0,0,,279,1,6,68,6,50,12,118,2,2,2,4,2,0,386,62,6.23,58,4.81,2,3:02,15,2,11,2,15,5,33.3,1,1,100.0,2,1,1,4,4,1,0,0
56,ATL,2017-11-05,302,2,53,0,1,129,201,27:08,Sun,8,9,@,CAR,L 17-20,24,38,14,63.2,2,1,5.3,2.6,95.6,2,11,5.0,7.9,7.55,7.82,7.43,12.6,38,5.3,2,13,24,54.2,0,1,8,0,69.6,18,2.9,355,58,6.12,63,5.24,1,3:04,2,8,70,5,29,1,2,33.3,30.8,17,3,13,1,12,4,33.3,3,0,0.0,330,2,8,70,5,29,13,99,2,2,2,2,2,0,355,58,6.12,63,5.24,1,3:04,20,12,6,2,13,4,30.8,2,1,50.0,2,2,2,1,1,0,0,0
57,ATL,2017-11-12,204,2,132,1,1,126,107,32:06,Sun,9,10,,DAL,W 27-7,22,29,7,75.9,2,1,6.9,3.4,104.8,1,11,3.33,7.0,6.8,6.86,6.63,9.3,21,5.1,1,20,30,66.7,0,8,50,0,75.1,34,3.9,336,64,5.25,59,3.95,1,2:53,2,5,35,5,54,2,0,53.8,45.5,22,7,13,2,13,7,53.8,1,0,0.0,233,2,5,35,5,54,10,89,1,1,1,1,0,0,336,64,5.25,59,3.95,1,2:53,18,9,9,0,11,5,45.5,1,0,0.0,3,3,3,2,2,0,0,0
58,ATL,2017-11-20,190,2,89,1,1,224,136,30:21,Mon,10,11,@,SEA,W 34-31,19,27,8,70.4,2,0,7.4,0.0,115.5,1,5,3.57,7.0,6.79,8.52,8.21,10.0,23,5.9,1,27,43,62.8,2,3,30,1,81.9,30,3.0,279,58,4.81,69,5.22,1,3:18,2,7,69,9,106,2,3,64.3,41.7,22,6,12,4,14,9,64.3,0,0,,360,2,7,69,9,106,16,175,3,2,2,4,3,0,279,58,4.81,69,5.22,1,3:18,26,9,14,3,12,5,41.7,2,1,50.0,4,4,4,2,2,0,0,0
59,ATL,2017-11-26,368,2,148,2,1,279,94,30:06,Sun,11,12,,TAM,W 34-20,27,36,9,75.0,2,0,5.6,0.0,125.7,0,0,0.0,10.2,10.22,11.33,11.33,13.6,23,4.1,2,27,44,61.4,0,1,4,0,79.6,28,5.3,516,64,8.06,68,5.49,1,2:54,0,4,42,2,15,2,2,78.6,36.4,23,7,16,0,14,11,78.6,0,0,,373,0,4,42,2,15,6,57,2,2,2,2,2,0,516,64,8.06,68,5.49,1,2:54,27,7,18,2,11,4,36.4,2,1,50.0,4,4,4,2,2,0,0,0
60,ATL,2017-12-03,173,0,102,0,0,207,105,25:58,Sun,12,13,,MIN,L 9-14,16,29,13,55.2,0,0,0.0,0.0,72.9,0,0,0.0,6.0,5.97,5.97,5.97,10.8,31,3.4,0,25,30,83.3,2,2,20,0,117.6,22,4.6,275,51,5.39,63,4.95,0,2:44,0,7,55,6,51,3,0,10.0,50.0,15,5,8,2,10,1,10.0,1,1,100.0,312,0,7,55,6,51,13,106,2,2,2,0,0,0,275,51,5.39,63,4.95,0,2:44,22,6,15,1,12,6,50.0,0,0,,0,0,0,4,3,0,0,0
61,ATL,2017-12-07,211,1,132,1,3,256,50,34:41,Thu,13,14,,NOR,W 20-17,15,27,12,55.6,1,3,3.7,11.1,55.2,1,10,3.57,7.8,7.54,3.56,3.43,14.1,15,3.3,0,26,35,74.3,2,2,15,1,101.6,37,3.6,343,65,5.28,52,5.88,3,3:00,1,4,35,11,87,2,1,58.3,30.0,26,6,11,9,12,7,58.3,0,0,,306,1,4,35,11,87,15,122,2,2,2,1,1,0,343,65,5.28,52,5.88,3,3:00,18,2,16,0,10,3,30.0,1,1,100.0,2,2,2,2,2,0,0,0
62,ATL,2017-12-18,209,1,201,1,0,289,84,33:15,Mon,14,15,@,TAM,W 24-21,17,31,14,54.8,1,0,3.2,0.0,87.0,1,3,3.13,6.7,6.53,7.39,7.16,12.3,18,4.7,0,27,35,77.1,3,2,10,0,129.3,35,5.7,410,67,6.12,55,6.78,0,2:58,1,6,60,7,53,1,0,60.0,50.0,24,13,10,1,15,9,60.0,0,0,,373,1,6,60,7,53,13,113,3,3,3,1,0,0,410,67,6.12,55,6.78,0,2:58,22,4,15,3,8,4,50.0,0,0,,2,3,3,2,1,0,0,0
63,ATL,2017-12-24,264,1,67,0,2,229,86,26:12,Sun,15,16,@,NOR,L 13-23,22,36,14,61.1,1,1,2.8,2.8,84.0,5,24,12.2,7.3,6.44,6.64,5.83,12.0,31,2.8,1,21,28,75.0,1,1,10,1,95.7,20,3.4,331,61,5.43,60,5.25,2,3:05,1,10,91,3,30,2,3,15.4,23.1,15,4,11,0,13,2,15.4,2,1,50.0,315,1,10,91,3,30,13,121,2,2,2,3,3,0,331,61,5.43,60,5.25,2,3:05,15,5,9,1,13,3,23.1,1,1,100.0,1,1,1,2,2,0,0,0
64,ATL,2017-12-31,311,1,60,0,0,161,87,34:42,Sun,16,17,,CAR,W 22-10,28,45,17,62.2,1,0,2.2,0.0,90.7,1,6,2.17,6.9,6.76,7.36,7.2,11.1,24,3.6,0,14,34,41.2,1,2,19,3,29.2,26,2.3,371,72,5.15,60,4.13,0,3:09,3,7,60,5,35,5,1,37.5,33.3,20,3,16,1,16,6,37.5,0,0,,248,3,7,60,5,35,12,95,1,1,1,1,1,0,371,72,5.15,60,4.13,0,3:09,15,5,9,1,15,5,33.3,1,1,100.0,1,1,1,5,5,0,0,0
65,ATL,2018-09-06,225,0,74,1,1,119,113,27:50,Thu,1,1,@,PHI,L 12-18,21,43,22,48.8,0,1,0.0,2.3,57.4,4,26,8.51,5.2,4.79,4.19,3.83,10.7,27,4.2,2,20,35,57.1,0,2,13,1,52.0,18,4.1,299,65,4.6,64,3.63,1,3:19,2,15,135,11,101,2,1,26.7,50.0,16,4,9,3,15,4,26.7,1,0,0.0,232,2,15,135,11,101,26,236,2,1,1,1,1,0,299,65,4.6,64,3.63,1,3:19,18,7,6,5,16,8,50.0,0,0,,1,1,0,2,2,0,0,0
66,ATL,2018-09-16,272,2,170,2,1,318,121,29:42,Sun,2,2,,CAR,W 31-24,23,28,5,82.1,2,1,7.1,3.6,116.1,0,0,0.0,9.7,9.71,9.54,9.54,11.8,18,6.7,0,32,45,71.1,3,2,17,1,103.7,32,5.3,442,60,7.37,65,6.75,1,3:08,1,2,26,7,49,1,1,54.5,45.5,23,10,12,1,11,6,54.5,0,0,,439,1,2,26,7,49,9,75,3,3,3,1,1,0,442,60,7.37,65,6.75,1,3:08,27,6,20,1,11,5,45.5,1,1,100.0,4,4,4,1,1,0,0,0
67,ATL,2018-09-23,359,5,48,0,0,391,143,29:20,Sun,3,3,,NOR,L 37-43 (OT),26,35,9,74.3,5,0,14.3,0.0,148.1,3,15,7.89,10.3,9.45,13.11,12.08,13.8,27,5.3,2,39,49,79.6,3,1,5,0,120.3,22,2.2,407,60,6.78,77,6.94,0,3:38,0,5,54,11,120,0,3,36.4,50.0,24,1,19,4,11,4,36.4,0,0,,534,0,5,54,11,120,16,174,5,4,4,3,3,0,407,60,6.78,77,6.94,0,3:38,32,11,19,2,14,7,50.0,1,1,100.0,5,3,3,0,0,2,2,0
68,ATL,2018-09-30,403,3,92,1,0,308,99,29:22,Sun,4,4,,CIN,L 36-37,29,39,10,74.4,3,0,7.7,0.0,134.5,3,16,7.14,10.3,9.6,11.87,11.02,13.9,23,4.3,2,29,41,70.7,3,3,29,1,106.6,24,3.8,495,66,7.5,67,6.07,0,3:25,1,10,95,6,55,3,1,73.3,58.3,25,4,20,1,15,11,73.3,1,0,0.0,407,1,10,95,6,55,16,150,5,4,4,1,1,0,495,66,7.5,67,6.07,0,3:25,30,6,20,4,12,7,58.3,2,2,100.0,4,3,3,3,3,1,0,0
69,ATL,2018-10-07,262,1,62,1,1,250,131,30:52,Sun,5,5,@,PIT,L 17-41,31,45,14,68.9,1,0,2.2,0.0,95.1,6,43,11.76,5.8,5.14,6.27,5.53,8.5,29,4.5,2,19,29,65.5,3,0,0,1,112.7,19,3.3,324,70,4.63,58,6.57,1,3:02,1,7,75,7,58,1,0,42.9,75.0,22,4,14,4,14,6,42.9,3,1,33.3,381,1,7,75,7,58,14,133,6,6,5,0,0,0,324,70,4.63,58,6.57,1,3:02,22,9,11,2,12,9,75.0,0,0,,2,2,2,1,1,0,0,0
70,ATL,2018-10-14,347,3,70,1,0,389,121,31:39,Sun,6,6,,TAM,W 34-29,31,41,10,75.6,3,0,7.3,0.0,125.6,1,8,2.38,8.5,8.26,9.93,9.69,11.2,20,6.1,0,30,41,73.2,4,2,6,2,114.8,22,3.2,417,64,6.52,63,8.1,0,3:09,2,5,30,4,20,2,1,61.5,62.5,26,6,19,1,13,8,61.5,0,0,,510,2,5,30,4,20,9,50,4,3,2,1,1,0,417,64,6.52,63,8.1,0,3:09,30,5,23,2,8,5,62.5,0,0,,4,4,4,2,2,0,0,0
71,ATL,2018-10-22,356,1,67,1,1,372,61,32:17,Mon,7,7,,NYG,W 23-20,31,39,8,79.5,1,0,2.6,0.0,115.7,3,23,7.14,9.1,8.48,9.64,8.95,11.5,20,3.1,1,27,38,71.1,1,4,27,0,110.9,20,3.4,423,62,6.82,62,6.98,1,2:57,0,5,29,4,58,3,2,53.8,41.7,22,5,15,2,13,7,53.8,0,0,,433,0,5,29,4,58,9,87,2,0,0,2,2,0,423,62,6.82,62,6.98,1,2:57,21,6,15,0,12,5,41.7,1,0,0.0,2,2,2,3,3,0,0,0
72,ATL,2018-11-04,337,4,154,1,1,287,79,32:56,Sun,8,9,@,WAS,W 38-14,26,38,12,68.4,4,1,10.5,2.6,121.6,2,13,5.0,8.9,8.43,9.79,9.3,13.0,15,5.3,1,30,46,65.2,1,3,19,1,80.6,24,6.4,491,64,7.67,64,5.72,1,2:57,1,7,50,10,147,1,0,76.9,38.5,25,6,17,2,13,10,76.9,0,0,,366,1,7,50,10,147,17,197,2,2,2,0,0,0,491,64,7.67,64,5.72,1,2:57,20,5,15,0,13,5,38.5,2,2,100.0,5,5,5,1,1,0,0,0
73,ATL,2018-11-11,311,2,71,0,2,216,211,31:23,Sun,9,10,@,CLE,L 16-28,38,52,14,73.1,2,0,3.8,0.0,102.2,2,19,3.7,6.0,5.76,6.75,6.5,8.2,29,7.3,1,17,21,81.0,3,0,0,1,129.3,19,3.7,382,73,5.23,50,8.54,2,2:49,1,1,5,7,38,1,0,35.7,50.0,25,5,19,1,14,5,35.7,4,2,50.0,427,1,1,5,7,38,8,43,4,4,4,0,0,0,382,73,5.23,50,8.54,2,2:49,19,6,13,0,8,4,50.0,0,0,,2,1,1,1,1,1,0,0
74,ATL,2018-11-18,274,1,80,0,1,191,132,28:03,Sun,10,11,,DAL,L 19-22,24,34,10,70.6,1,1,2.9,2.9,94.1,3,17,8.11,8.1,7.41,7.32,6.73,11.4,29,4.6,2,22,32,68.8,0,2,17,0,84.2,18,4.4,354,55,6.44,63,5.13,1,2:45,0,2,15,2,20,4,3,50.0,53.8,19,6,13,0,12,6,50.0,0,0,,323,0,2,15,2,20,4,35,2,2,1,3,3,0,354,55,6.44,63,5.13,1,2:45,20,9,10,1,13,7,53.8,0,0,,1,1,1,4,4,0,0,0
75,ATL,2018-11-22,340,2,26,0,4,162,150,30:59,Thu,11,12,@,NOR,L 17-31,35,47,12,74.5,2,1,4.3,2.1,102.9,6,37,11.32,7.2,6.42,7.13,6.32,9.7,31,4.8,0,15,22,68.2,4,2,9,1,110.2,16,1.6,366,69,5.3,55,5.67,4,2:55,1,2,26,3,19,1,1,33.3,45.5,21,2,18,1,15,5,33.3,6,4,66.7,312,1,2,26,3,19,5,45,4,4,4,1,1,0,366,69,5.3,55,5.67,4,2:55,19,9,9,1,11,5,45.5,0,0,,2,2,2,1,1,0,0,0
76,ATL,2018-12-02,97,1,34,0,1,159,207,20:21,Sun,12,13,,BAL,L 16-26,16,27,11,59.3,1,0,3.7,0.0,84.0,3,34,10.0,3.6,3.23,4.33,3.9,6.1,49,4.2,1,15,26,57.7,0,2,8,0,75.6,15,2.3,131,45,2.91,77,4.75,1,3:09,1,8,82,9,88,1,4,22.2,46.7,16,5,6,5,9,2,22.2,1,0,0.0,366,1,8,82,9,88,17,170,2,2,2,4,4,0,131,45,2.91,77,4.75,1,3:09,25,12,9,4,15,7,46.7,2,2,100.0,2,1,1,1,1,1,0,0
77,ATL,2018-12-09,237,3,107,0,2,162,138,30:49,Sun,13,14,@,GNB,L 20-34,28,42,14,66.7,3,1,7.1,2.4,97.5,2,25,4.55,5.6,5.39,6.0,5.73,8.5,25,5.5,1,21,32,65.6,2,4,34,0,98.7,24,4.5,344,68,5.06,61,4.92,2,3:12,0,13,101,6,37,0,2,25.0,53.8,22,5,16,1,12,3,25.0,3,3,100.0,300,0,13,101,6,37,19,138,4,4,4,2,2,0,344,68,5.06,61,4.92,2,3:12,23,6,11,6,13,7,53.8,0,0,,3,3,2,1,0,0,0,0
78,ATL,2018-12-16,220,2,215,2,0,193,60,30:40,Sun,14,15,,ARI,W 40-14,22,36,14,61.1,2,0,5.6,0.0,98.3,2,11,5.26,6.1,5.79,7.22,6.84,10.0,22,2.7,1,23,36,63.9,1,7,50,2,63.8,27,8.0,435,65,6.69,65,3.89,0,3:07,3,6,50,8,75,2,0,38.5,23.1,23,8,14,1,13,5,38.5,0,0,,253,3,6,50,8,75,14,125,2,2,2,0,0,0,435,65,6.69,65,3.89,0,3:07,18,6,10,2,13,3,23.1,2,2,100.0,5,4,4,2,2,1,0,0
79,ATL,2018-12-23,233,3,194,0,2,295,141,22:31,Sun,15,16,@,CAR,W 24-10,15,26,11,57.7,3,0,11.5,0.0,126.9,1,6,3.7,9.0,8.63,11.27,10.85,15.5,25,5.6,0,37,57,64.9,1,2,17,3,61.7,21,9.2,427,48,8.9,84,5.19,2,3:00,4,4,41,10,86,1,1,40.0,50.0,16,6,8,2,10,4,40.0,0,0,,436,4,4,41,10,86,14,127,1,1,1,1,1,0,427,48,8.9,84,5.19,2,3:00,29,8,19,2,14,7,50.0,2,0,0.0,3,3,3,1,1,0,0,0
80,ATL,2018-12-30,380,3,109,1,1,341,92,34:46,Sun,16,17,@,TAM,W 34-32,32,45,13,71.1,3,1,6.7,2.2,109.8,1,3,2.17,8.4,8.26,8.78,8.59,11.9,20,4.6,0,22,35,62.9,4,1,4,1,121.3,30,3.6,489,76,6.43,56,7.73,1,3:08,1,9,85,3,30,2,2,46.2,40.0,27,7,19,1,13,6,46.2,0,0,,433,1,9,85,3,30,12,115,4,2,2,2,2,0,489,76,6.43,56,7.73,1,3:08,22,4,16,2,10,4,40.0,0,0,,4,4,4,2,2,0,0,0
81,ATL,2019-09-08,272,2,73,0,3,97,172,30:13,Sun,1,1,@,MIN,L 12-28,33,46,13,71.7,2,2,4.3,4.3,85.8,4,32,8.0,5.9,5.44,4.83,4.44,8.2,38,4.5,3,8,10,80.0,1,1,1,0,140.4,17,4.3,345,67,5.15,49,5.49,3,3:07,0,9,78,11,100,0,0,25.0,50.0,27,5,16,6,8,2,25.0,2,2,100.0,269,0,9,78,11,100,20,178,4,4,4,0,0,0,345,67,5.15,49,5.49,3,3:07,18,10,4,4,10,5,50.0,0,0,,2,0,0,0,0,2,0,0
82,ATL,2019-09-15,310,3,57,0,3,237,49,27:06,Sun,2,2,,PHI,W 24-20,27,43,16,62.8,3,3,7.0,7.0,79.6,1,10,2.27,7.2,7.05,5.47,5.34,11.5,21,2.3,1,28,48,58.3,1,3,18,2,60.9,17,3.4,367,61,6.02,72,3.97,3,3:16,3,10,58,7,60,1,2,30.0,50.0,19,3,15,1,10,3,30.0,1,1,100.0,286,3,10,58,7,60,17,118,2,0,0,2,2,0,367,61,6.02,72,3.97,3,3:16,18,5,11,2,18,9,50.0,3,2,66.7,3,3,3,2,1,0,0,0
83,ATL,2019-09-22,304,3,93,0,1,300,79,28:37,Sun,3,3,@,IND,L 24-27,29,34,5,85.3,3,1,8.8,2.9,121.1,0,0,0.0,8.9,8.94,9.38,9.38,10.5,24,3.3,1,28,37,75.7,2,1,10,0,116.9,20,4.7,397,54,7.35,62,6.11,1,2:59,0,16,128,4,39,1,2,80.0,62.5,25,6,17,2,10,8,80.0,0,0,,379,0,16,128,4,39,20,167,3,3,3,2,2,0,397,54,7.35,62,6.11,1,2:59,29,7,15,7,8,5,62.5,0,0,,3,3,3,1,1,0,0,0
84,ATL,2019-09-29,364,0,58,1,1,227,138,30:41,Sun,4,4,,TEN,L 10-24,35,53,18,66.0,0,0,0.0,0.0,88.3,5,33,8.62,6.9,6.28,6.87,6.28,10.4,34,4.1,0,18,27,66.7,3,0,0,0,129.7,17,3.4,422,75,5.63,61,5.98,1,2:57,0,7,50,5,77,1,1,35.7,46.2,24,5,17,2,14,5,35.7,4,1,25.0,365,0,7,50,5,77,12,127,3,3,3,1,1,0,422,75,5.63,61,5.98,1,2:57,22,8,10,4,13,6,46.2,1,0,0.0,1,1,1,2,1,0,0,0
85,ATL,2019-10-06,316,3,57,1,1,426,166,29:00,Sun,5,5,@,HOU,L 32-53,32,46,14,69.6,3,1,6.5,2.2,102.6,2,14,4.17,6.9,6.58,7.2,6.9,9.9,34,4.9,1,28,33,84.8,5,0,0,0,158.3,20,2.9,373,68,5.49,67,8.84,1,3:13,1,7,63,9,89,1,2,56.3,76.9,22,5,14,3,16,9,56.3,1,1,100.0,592,1,7,63,9,89,16,152,7,7,5,2,2,0,373,68,5.49,67,8.84,1,3:13,31,11,18,2,13,10,76.9,0,0,,4,3,3,1,1,1,1,0
86,ATL,2019-10-13,341,4,103,0,0,340,102,32:47,Sun,6,6,@,ARI,L 33-34,30,36,6,83.3,4,0,11.1,0.0,144.9,2,15,5.26,9.5,8.97,11.69,11.08,11.4,29,3.5,1,27,37,73.0,3,0,0,0,128.2,25,4.1,444,63,7.05,66,6.7,0,3:07,0,8,72,8,57,2,2,54.5,53.8,31,7,20,4,11,6,54.5,0,0,,442,0,8,72,8,57,16,129,4,4,4,2,2,0,444,63,7.05,66,6.7,0,3:07,24,6,16,2,13,7,53.8,1,1,100.0,4,4,3,2,2,0,0,0
87,ATL,2019-10-20,186,1,38,0,3,291,90,22:51,Sun,7,7,,LAR,L 10-37,22,33,11,66.7,1,1,3.0,3.0,83.4,5,38,13.16,5.6,4.89,4.88,4.24,8.5,36,2.5,1,23,38,60.5,2,0,0,0,102.0,15,2.5,224,53,4.23,74,5.15,3,3:03,0,5,48,5,24,1,3,25.0,50.0,14,1,12,1,12,3,25.0,0,0,,381,0,5,48,5,24,10,72,4,4,4,4,3,0,224,53,4.23,74,5.15,3,3:03,23,9,13,1,16,8,50.0,1,1,100.0,1,1,1,2,1,0,0,0
88,ATL,2019-10-27,441,1,69,1,3,171,151,30:47,Sun,8,8,,SEA,L 20-27,39,52,13,75.0,1,1,1.9,1.9,99.8,2,19,3.7,8.5,8.17,8.0,7.7,11.3,33,4.6,1,14,20,70.0,2,2,11,0,129.4,17,4.1,510,71,7.18,55,5.85,3,3:00,0,5,40,9,60,2,2,33.3,33.3,30,4,24,2,9,3,33.3,1,1,100.0,322,0,5,40,9,60,14,100,3,3,3,2,2,0,510,71,7.18,55,5.85,3,3:00,18,9,9,0,9,3,33.3,0,0,,2,0,0,4,2,2,1,0
89,ATL,2019-11-10,174,2,143,0,1,258,52,33:46,Sun,9,10,@,NOR,W 26-9,20,35,15,57.1,2,1,5.7,2.9,78.5,1,8,2.78,5.0,4.83,4.83,4.69,8.7,11,4.7,0,33,46,71.7,0,6,46,0,85.2,34,4.2,317,70,4.53,63,4.92,1,3:10,0,7,48,12,90,4,3,40.0,25.0,24,9,9,6,15,6,40.0,1,1,100.0,310,0,7,48,12,90,19,138,0,0,0,3,3,0,317,70,4.53,63,4.92,1,3:10,18,4,13,1,12,3,25.0,3,0,0.0,2,2,2,4,4,0,0,0
90,ATL,2019-11-17,295,1,54,1,0,270,77,31:26,Sun,10,11,@,CAR,W 29-3,22,32,10,68.8,1,0,3.1,0.0,110.7,3,19,8.57,9.2,8.43,9.84,9.0,13.4,15,5.1,0,31,50,62.0,0,5,55,4,42.9,26,2.1,349,61,5.72,70,4.96,0,3:04,4,3,20,8,68,3,1,42.9,14.3,20,4,15,1,14,6,42.9,1,1,100.0,347,4,3,20,8,68,11,88,0,0,0,1,1,0,349,61,5.72,70,4.96,0,3:04,17,2,15,0,14,2,14.3,5,3,60.0,3,2,2,4,3,1,0,0
91,ATL,2019-11-24,280,1,57,1,2,313,133,31:38,Sun,11,12,,TAM,L 22-35,28,55,27,50.9,1,1,1.8,1.8,67.7,6,46,9.84,5.1,4.59,4.64,4.18,10.0,34,3.9,1,18,28,64.3,3,0,0,2,108.2,19,3.0,337,80,4.21,62,7.19,2,3:22,2,7,60,8,51,3,1,25.0,46.2,22,5,14,3,16,4,25.0,3,2,66.7,446,2,7,60,8,51,15,111,5,5,2,1,1,0,337,80,4.21,62,7.19,2,3:22,20,7,13,0,13,6,46.2,0,0,,2,1,1,3,3,1,0,0
92,ATL,2019-11-28,259,2,89,0,3,184,95,35:37,Thu,12,13,,NOR,L 18-26,35,50,15,70.0,2,2,4.0,4.0,83.1,9,53,15.25,5.2,4.39,4.18,3.54,7.4,18,5.3,1,18,31,58.1,1,0,0,0,86.0,26,3.4,348,85,4.09,49,5.69,3,3:12,0,4,18,9,121,2,4,37.5,20.0,27,4,18,5,16,6,37.5,4,2,50.0,279,0,4,18,9,121,13,139,2,2,2,4,4,0,348,85,4.09,49,5.69,3,3:12,14,4,10,0,10,2,20.0,0,0,,2,1,0,3,2,1,0,0
93,ATL,2019-12-08,302,2,159,2,0,245,100,31:44,Sun,13,14,,CAR,W 40-20,20,34,14,58.8,2,0,5.9,0.0,109.1,1,11,2.86,8.9,8.63,10.06,9.77,15.1,22,4.5,1,28,41,68.3,1,5,48,2,71.7,32,5.0,461,67,6.88,68,5.07,0,3:11,4,6,58,7,44,4,2,41.7,30.0,22,9,13,0,12,5,41.7,0,0,,345,4,6,58,7,44,13,102,2,2,2,2,2,0,461,67,6.88,68,5.07,0,3:11,27,8,18,1,10,3,30.0,0,0,,4,4,4,4,4,0,0,0
94,ATL,2019-12-15,201,2,89,1,1,193,120,29:12,Sun,14,15,@,SFO,W 29-22,25,39,14,64.1,2,0,5.1,0.0,95.0,2,9,4.88,5.2,4.9,6.18,5.88,8.0,27,4.4,1,22,34,64.7,1,1,7,0,89.5,20,4.5,290,61,4.75,62,5.05,1,3:14,2,11,98,7,67,1,3,53.8,33.3,20,3,14,3,13,7,53.8,0,0,,313,2,11,98,7,67,18,165,2,2,1,3,3,0,290,61,4.75,62,5.05,1,3:14,20,8,10,2,12,4,33.3,1,1,100.0,4,2,2,1,1,1,0,0
95,ATL,2019-12-22,383,1,135,2,2,173,115,33:07,Sun,15,16,,JAX,W 24-12,32,45,13,71.1,1,2,2.2,4.4,85.8,1,1,2.17,8.5,8.33,6.96,6.8,12.0,24,4.8,0,14,32,43.8,1,3,15,0,71.5,27,5.0,518,73,7.1,59,4.88,2,2:57,1,9,64,6,36,1,2,53.8,21.4,28,8,20,0,13,7,53.8,0,0,,288,1,9,64,6,36,15,100,1,0,0,2,2,0,518,73,7.1,59,4.88,2,2:57,17,5,9,3,14,3,21.4,4,3,75.0,3,3,3,2,1,0,0,0
96,ATL,2019-12-29,286,1,87,0,1,193,136,36:22,Sun,16,17,@,TAM,W 28-22 (OT),30,51,21,58.8,1,0,2.0,0.0,83.2,6,27,10.53,5.6,5.02,6.0,5.37,9.5,21,6.5,0,13,24,54.2,2,1,8,2,73.8,30,2.9,373,87,4.29,46,7.15,1,3:13,3,5,53,12,97,5,0,38.9,12.5,28,6,20,2,18,7,38.9,3,1,33.3,329,3,5,53,12,97,17,150,3,2,2,3,0,0,373,87,4.29,46,7.15,1,3:13,14,5,8,1,8,1,12.5,1,1,100.0,2,1,1,5,5,0,0,0
97,ATL,2020-09-13,434,2,72,1,2,299,84,29:24,Sun,1,1,,SEA,L 25-38,37,54,17,68.5,2,1,3.7,1.9,98.5,2,16,3.57,8.0,7.75,7.94,7.66,11.7,20,4.2,1,31,35,88.6,4,3,23,0,140.4,21,3.4,506,77,6.57,58,6.6,2,3:07,0,6,72,6,46,2,1,50.0,33.3,28,4,23,1,14,7,50.0,4,0,0.0,383,0,6,72,6,46,12,118,5,5,5,1,1,0,506,77,6.57,58,6.6,2,3:07,22,6,15,1,9,3,33.3,1,1,100.0,3,2,1,2,2,1,0,0
98,ATL,2020-09-20,267,4,113,0,0,445,125,33:48,Sun,2,2,@,DAL,L 39-40,24,37,13,64.9,4,0,10.8,0.0,122.9,1,6,2.63,7.2,7.03,9.38,9.13,11.1,31,4.0,4,34,49,69.4,1,1,5,0,104.5,34,3.3,380,72,5.28,81,7.04,0,3:34,3,8,51,7,75,4,2,47.1,53.8,22,5,15,2,17,8,47.1,2,2,100.0,570,3,8,51,7,75,15,126,5,4,4,2,2,0,380,72,5.28,81,7.04,0,3:34,33,9,20,4,13,7,53.8,2,0,0.0,4,3,3,4,4,1,0,0
99,ATL,2020-09-27,227,1,144,2,1,307,130,25:10,Sun,3,3,,CHI,L 26-30,19,38,19,50.0,1,1,2.6,2.6,67.7,2,11,5.0,6.0,5.68,5.32,5.05,11.9,25,5.2,0,29,51,56.9,4,2,9,2,84.4,25,5.8,371,65,5.71,78,5.6,1,3:25,2,7,75,10,80,2,1,30.8,26.7,22,6,13,3,13,4,30.8,0,0,,437,2,7,75,10,80,17,155,4,3,3,2,1,0,371,65,5.71,78,5.6,1,3:25,24,8,14,2,15,4,26.7,2,1,50.0,3,3,2,3,2,0,0,0
100,ATL,2020-10-05,249,0,78,2,0,315,88,30:22,Mon,4,4,@,GNB,L 16-30,28,39,11,71.8,0,0,0.0,0.0,92.4,4,36,9.3,6.4,5.79,6.38,5.79,8.9,26,3.4,0,27,33,81.8,4,1,12,0,146.0,25,3.1,327,68,4.81,60,6.72,0,2:56,0,3,23,3,30,1,1,25.0,54.5,24,8,15,1,12,3,25.0,4,2,50.0,403,0,3,23,3,30,6,53,4,4,3,1,1,0,327,68,4.81,60,6.72,0,2:56,22,4,17,1,11,6,54.5,2,1,50.0,2,2,1,1,1,0,0,0
101,ATL,2020-10-11,207,0,166,1,1,313,124,26:55,Sun,5,5,,CAR,L 16-23,21,37,16,56.8,0,1,0.0,2.7,63.6,2,19,5.13,5.6,5.31,4.38,4.15,9.9,27,4.6,0,27,36,75.0,2,0,0,0,119.3,24,6.9,373,63,5.92,63,6.94,1,2:56,0,3,40,4,25,3,3,46.2,50.0,21,10,11,0,13,6,46.2,1,1,100.0,437,0,3,40,4,25,7,65,2,2,2,3,3,0,373,63,5.92,63,6.94,1,2:56,24,5,18,1,12,6,50.0,0,0,,1,1,1,3,3,0,0,0
102,ATL,2020-10-18,363,4,99,0,1,333,32,40:07,Sun,6,6,@,MIN,W 40-23,30,40,10,75.0,4,0,10.0,0.0,136.6,2,8,4.76,9.1,8.64,11.08,10.55,12.1,13,2.5,0,24,36,66.7,3,1,10,3,89.2,37,2.7,462,79,5.85,50,7.3,1,3:03,3,5,25,3,30,4,0,52.9,30.0,24,5,17,2,17,9,52.9,3,3,100.0,365,3,5,25,3,30,8,55,3,1,1,0,0,0,462,79,5.85,50,7.3,1,3:03,19,3,14,2,10,3,30.0,2,1,50.0,4,4,4,4,4,0,0,0
103,ATL,2020-10-25,322,1,66,2,1,322,64,30:45,Sun,7,7,,DET,L 22-23,31,42,11,73.8,1,0,2.4,0.0,105.1,2,16,4.55,7.7,7.32,8.14,7.77,10.4,21,3.0,1,25,36,69.4,1,2,18,0,106.5,26,2.5,388,70,5.54,59,6.54,1,3:09,0,8,53,5,50,0,3,50.0,30.0,26,5,19,2,14,7,50.0,2,1,50.0,386,0,8,53,5,50,13,103,2,2,2,4,3,0,388,70,5.54,59,6.54,1,3:09,21,3,15,3,10,3,30.0,1,0,0.0,3,2,2,0,0,1,1,0
104,ATL,2020-10-29,270,0,131,2,1,157,147,36:30,Thu,8,8,@,CAR,W 25-17,21,30,9,70.0,0,1,0.0,3.3,85.6,2,11,6.25,9.0,8.44,7.5,7.03,12.9,22,6.7,1,16,27,59.3,1,3,22,1,72.6,36,3.6,401,68,5.9,52,5.85,1,3:04,1,6,63,6,30,4,1,33.3,20.0,28,10,14,4,9,3,33.3,0,0,,304,1,6,63,6,30,12,93,2,2,2,1,1,0,401,68,5.9,52,5.85,1,3:04,18,6,9,3,10,2,20.0,3,1,33.3,2,2,1,4,4,0,0,0
105,ATL,2020-11-08,271,3,92,1,1,302,103,33:27,Sun,9,9,,DEN,W 34-27,25,35,10,71.4,3,1,8.6,2.9,112.1,2,13,5.41,7.7,7.32,8.17,7.73,10.8,22,4.7,1,25,48,52.1,2,1,11,1,76.9,32,2.9,363,69,5.26,71,5.7,1,3:14,1,5,61,5,65,2,2,46.2,43.8,23,5,15,3,13,6,46.2,0,0,,405,1,5,61,5,65,10,126,3,3,3,2,2,0,363,69,5.26,71,5.7,1,3:14,23,3,17,3,16,7,43.8,2,0,0.0,4,4,4,2,2,0,0,0
106,ATL,2020-11-22,196,0,52,0,2,210,166,26:19,Sun,10,11,@,NOR,L 9-24,19,37,18,51.4,0,2,0.0,5.4,48.5,8,36,17.78,5.3,4.36,2.86,2.36,10.3,36,4.6,3,18,23,78.3,0,3,23,0,104.7,14,3.7,248,59,4.2,62,6.06,2,3:12,1,7,53,5,35,3,1,14.3,36.4,14,1,10,3,14,2,14.3,3,2,66.7,376,1,7,53,5,35,12,88,3,3,3,2,1,0,248,59,4.2,62,6.06,2,3:12,24,12,9,3,11,4,36.4,1,1,100.0,0,0,0,3,3,0,0,0
107,ATL,2020-11-29,179,2,125,1,1,203,40,34:58,Sun,11,12,,LVR,W 43-6,22,39,17,56.4,2,1,5.1,2.6,75.3,1,6,2.5,4.6,4.48,4.46,4.35,8.1,14,2.9,0,25,39,64.1,0,5,37,1,66.5,32,3.9,304,72,4.22,58,4.19,1,3:30,5,6,49,11,141,5,2,47.4,25.0,23,5,13,5,19,9,47.4,1,1,100.0,243,5,6,49,11,141,17,190,0,0,0,2,2,0,304,72,4.22,58,4.19,1,3:30,13,1,11,1,12,3,25.0,2,1,50.0,4,4,4,5,5,0,0,0
108,ATL,2020-12-06,262,1,70,0,1,217,207,23:06,Sun,12,13,,NOR,L 16-21,19,39,20,48.7,1,0,2.6,0.0,80.4,3,11,7.14,6.7,6.24,7.23,6.71,13.8,36,5.8,1,27,37,73.0,2,2,15,0,105.3,21,3.3,332,63,5.27,75,5.65,1,3:13,1,1,15,10,79,3,0,38.5,47.1,21,4,12,5,13,5,38.5,1,0,0.0,424,1,1,15,10,79,11,94,3,3,3,1,0,0,332,63,5.27,75,5.65,1,3:13,23,9,13,1,17,8,47.1,3,2,66.7,1,1,1,3,3,0,0,0
109,ATL,2020-12-13,249,2,70,0,3,240,105,25:45,Sun,13,14,@,LAC,L 17-20,22,33,11,66.7,2,3,6.1,9.1,73.2,2,14,5.71,7.5,7.11,4.67,4.4,11.3,26,4.0,0,36,44,81.8,2,1,3,1,95.1,20,3.5,319,55,5.8,71,4.86,3,2:47,1,4,35,6,40,1,2,75.0,60.0,19,6,11,2,12,9,75.0,0,0,,345,1,4,35,6,40,10,75,2,2,2,2,2,0,319,55,5.8,71,4.86,3,2:47,23,8,14,1,15,9,60.0,0,0,,2,2,2,1,1,0,0,0
110,ATL,2020-12-20,332,3,37,0,0,365,51,28:11,Sun,14,15,,TAM,L 27-31,34,49,15,69.4,3,0,6.1,0.0,110.6,3,24,5.77,6.8,6.38,8.0,7.54,9.8,18,2.8,2,31,45,68.9,2,3,25,0,108.1,13,2.8,369,65,5.68,66,6.3,0,3:09,0,3,28,1,10,2,1,40.0,40.0,23,2,21,0,15,6,40.0,2,1,50.0,416,0,3,28,1,10,4,38,4,4,4,1,1,0,369,65,5.68,66,6.3,0,3:09,27,6,19,2,10,4,40.0,0,0,,3,3,3,2,2,0,0,0
111,ATL,2020-12-27,277,2,90,0,1,278,117,33:12,Sun,15,16,@,KAN,L 14-17,27,35,8,77.1,2,0,5.7,0.0,121.1,4,23,10.26,7.9,7.1,9.06,8.13,10.3,21,5.6,0,24,45,53.3,2,0,0,2,68.6,23,3.9,367,62,5.92,66,5.98,1,2:53,2,7,45,6,41,0,1,50.0,38.5,23,4,17,2,12,6,50.0,0,0,,395,2,7,45,6,41,13,86,2,2,2,1,1,0,367,62,5.92,66,5.98,1,2:53,23,9,14,0,13,5,38.5,2,1,50.0,2,2,2,1,0,0,0,0
112,ATL,2021-01-03,258,2,127,1,2,391,94,33:12,Sun,16,17,@,TAM,L 27-44,29,44,15,65.9,2,0,4.5,0.0,97.3,1,7,2.22,5.9,5.73,6.77,6.62,8.9,22,4.3,1,26,41,63.4,4,1,8,1,117.0,26,4.9,385,71,5.42,64,7.58,2,3:05,1,4,48,3,23,2,3,50.0,54.5,25,6,17,2,14,7,50.0,3,2,66.7,485,1,4,48,3,23,7,71,5,5,5,3,3,0,385,71,5.42,64,7.58,2,3:05,28,5,20,3,11,6,54.5,0,0,,3,3,3,2,2,0,0,0
113,ATL,2021-09-12,136,0,124,0,0,261,173,28:58,Sun,1,1,,PHI,L 6-32,21,35,14,60.0,0,0,0.0,0.0,71.6,3,28,7.89,3.9,3.58,3.89,3.58,6.5,31,5.6,1,27,35,77.1,3,1,3,0,126.0,26,4.8,260,64,4.06,67,6.48,0,3:08,0,12,99,14,89,2,1,21.4,46.2,19,7,8,4,14,3,21.4,3,1,33.3,434,0,12,99,14,89,26,188,4,3,3,1,1,0,260,64,4.06,67,6.48,0,3:08,24,10,13,1,13,6,46.2,2,0,0.0,0,0,0,2,2,0,0,0
114,ATL,2021-09-19,293,2,55,1,3,259,82,33:31,Sun,2,2,@,TAM,L 25-48,35,48,13,72.9,2,3,4.2,6.3,76.7,1,7,2.04,6.1,5.98,4.13,4.04,8.4,21,3.9,0,24,36,66.7,5,3,17,0,127.2,20,2.8,348,69,5.04,60,5.68,3,3:10,1,6,49,9,83,1,0,40.0,33.3,19,2,15,2,15,6,40.0,4,1,25.0,341,1,6,49,9,83,15,132,7,7,6,0,0,0,348,69,5.04,60,5.68,3,3:10,21,5,14,2,12,4,33.3,2,1,50.0,3,2,2,1,1,1,1,0
115,ATL,2021-09-26,227,2,69,0,1,246,100,28:09,Sun,3,3,@,NYG,W 17-14,27,36,9,75.0,2,0,5.6,0.0,111.2,3,16,7.69,6.3,5.82,7.42,6.85,8.4,27,3.7,1,24,35,68.6,0,2,20,0,88.5,20,3.5,296,59,5.02,64,5.41,1,2:59,1,4,28,8,53,1,2,38.5,50.0,18,3,12,3,13,5,38.5,0,0,,346,1,4,28,8,53,12,81,1,0,0,2,2,0,296,59,5.02,64,5.41,1,2:59,21,7,12,2,14,7,50.0,0,0,,2,2,2,1,1,0,0,0
116,ATL,2021-10-03,275,4,99,0,0,290,122,30:43,Sun,4,4,,WAS,L 30-34,25,42,17,59.5,4,0,9.5,0.0,111.5,1,8,2.33,6.5,6.4,8.45,8.26,11.0,28,4.4,1,23,33,69.7,3,1,0,0,127.1,28,3.5,374,71,5.27,62,6.65,0,3:20,0,7,36,6,85,1,1,62.5,44.4,24,6,15,3,16,10,62.5,0,0,,412,0,7,36,6,85,13,121,5,3,1,1,1,0,374,71,5.27,62,6.65,0,3:20,26,8,16,2,9,4,44.4,2,1,50.0,4,3,3,1,1,1,0,0
117,ATL,2021-10-10,342,2,108,1,2,166,64,35:54,Sun,5,5,,NYJ,W 27-20,33,46,13,71.7,2,0,4.3,0.0,107.3,0,0,0.0,7.4,7.43,8.3,8.3,10.4,18,3.6,2,19,32,59.4,0,2,26,1,60.2,29,3.7,450,75,6.0,52,4.42,2,2:56,1,4,66,7,58,2,2,64.3,50.0,28,5,19,4,14,9,64.3,1,1,100.0,230,1,4,66,7,58,11,124,2,1,0,2,2,0,450,75,6.0,52,4.42,2,2:56,17,6,9,2,10,5,50.0,0,0,,3,3,3,2,2,0,0,0
118,ATL,2021-10-24,325,2,72,1,2,281,132,25:22,Sun,6,7,@,MIA,W 30-28,25,40,15,62.5,2,1,5.0,2.5,95.4,1,11,2.44,8.1,7.93,8.0,7.8,13.0,29,4.6,0,32,40,80.0,4,1,10,2,108.4,22,3.3,397,63,6.3,70,5.9,2,3:09,2,3,29,6,44,3,0,46.2,63.6,21,5,15,1,13,6,46.2,0,0,,413,2,3,29,6,44,9,73,4,4,4,1,0,0,397,63,6.3,70,5.9,2,3:09,27,9,17,1,11,7,63.6,0,0,,3,3,3,3,3,0,0,0
119,ATL,2021-10-31,131,1,82,0,2,129,203,24:37,Sun,7,8,,CAR,L 13-19,20,27,7,74.1,1,2,3.7,7.4,67.8,3,15,10.0,4.9,4.37,2.26,2.03,6.6,47,4.3,1,13,25,52.0,0,0,0,0,66.9,20,4.1,213,50,4.26,72,4.61,2,2:54,1,3,15,8,76,2,4,30.0,58.8,17,2,11,4,10,3,30.0,1,1,100.0,332,1,3,15,8,76,11,91,1,1,1,4,4,0,213,50,4.26,72,4.61,2,2:54,21,13,7,1,17,10,58.8,0,0,,1,1,1,3,2,0,0,0
120,ATL,2021-11-07,332,2,34,1,0,267,109,27:39,Sun,8,9,@,NOR,W 27-25,23,30,7,76.7,2,0,6.7,0.0,135.8,2,11,6.25,11.1,10.38,12.4,11.63,14.4,25,4.4,1,27,43,62.8,2,1,15,0,95.8,25,1.4,366,57,6.42,69,5.45,0,3:03,1,6,76,10,74,2,2,38.5,30.0,18,2,14,2,13,5,38.5,1,0,0.0,376,1,6,76,10,74,16,150,3,1,1,2,2,0,366,57,6.42,69,5.45,0,3:03,26,6,17,3,10,3,30.0,1,0,0.0,3,3,3,2,2,0,0,0
121,ATL,2021-11-14,111,0,103,0,3,317,114,22:19,Sun,9,10,@,DAL,L 3-43,10,27,17,37.0,0,3,0.0,11.1,13.6,2,20,6.9,4.1,3.83,-0.89,-0.83,11.1,37,3.1,3,28,35,80.0,2,0,0,0,123.5,24,4.3,214,53,4.04,72,5.99,3,2:56,1,6,41,8,80,1,0,9.1,42.9,11,3,8,0,11,1,9.1,2,0,0.0,431,1,6,41,8,80,14,121,5,5,5,0,0,0,214,53,4.04,72,5.99,3,2:56,22,8,14,0,14,6,42.9,3,3,100.0,0,0,0,1,1,0,0,0
122,ATL,2021-11-18,125,0,40,0,4,174,134,27:17,Thu,10,11,,NWE,L 0-25,20,32,12,62.5,0,4,0.0,12.5,35.2,4,33,11.11,3.9,3.47,-1.72,-1.53,6.3,30,4.5,0,22,26,84.6,1,3,33,1,91.3,16,2.5,165,52,3.17,59,5.22,4,2:50,1,9,72,5,59,0,4,18.2,33.3,11,3,7,1,11,2,18.2,2,1,50.0,308,1,9,72,5,59,14,131,2,2,1,4,4,0,165,52,3.17,59,5.22,4,2:50,20,9,7,4,12,4,33.3,0,0,,0,0,0,1,0,0,0,0
123,ATL,2021-11-28,183,1,149,2,1,216,141,30:52,Sun,11,12,@,JAX,W 21-14,19,29,10,65.5,1,1,3.4,3.4,81.1,1,7,3.33,6.3,6.1,5.45,5.27,9.6,28,5.0,0,23,42,54.8,1,1,12,1,67.2,29,5.1,332,59,5.63,71,5.03,1,2:55,2,5,26,6,43,0,2,41.7,56.3,21,6,12,3,12,5,41.7,0,0,,357,2,5,26,6,43,11,69,1,0,0,2,2,0,332,59,5.63,71,5.03,1,2:55,20,7,13,0,16,9,56.3,2,0,0.0,3,3,3,0,0,0,0,0
124,ATL,2021-12-05,259,0,121,1,1,368,57,32:46,Sun,12,13,,TAM,L 17-30,30,41,11,73.2,0,0,0.0,0.0,93.2,5,38,10.87,6.3,5.63,6.32,5.63,8.6,17,3.4,0,38,51,74.5,4,0,0,1,112.2,23,5.3,380,69,5.51,68,6.25,1,3:03,1,6,39,3,15,1,1,52.9,61.5,21,5,14,2,17,9,52.9,0,0,,425,1,6,39,3,15,9,54,4,4,3,1,1,0,380,69,5.51,68,6.25,1,3:03,25,2,22,1,13,8,61.5,1,1,100.0,2,2,2,1,1,0,0,0
125,ATL,2021-12-12,190,1,128,1,1,243,91,34:37,Sun,13,14,@,CAR,W 29-21,19,28,9,67.9,1,0,3.6,0.0,98.8,0,0,0.0,6.8,6.79,7.5,7.5,10.0,26,3.5,2,21,35,60.0,1,1,10,2,66.7,36,3.6,318,64,4.97,62,5.39,1,2:55,3,6,60,6,45,3,0,50.0,36.4,20,9,10,1,14,7,50.0,2,2,100.0,334,3,6,60,6,45,12,105,3,3,3,0,0,0,318,64,4.97,62,5.39,1,2:55,21,7,13,1,11,4,36.4,3,1,33.3,3,2,2,3,3,1,0,0
126,ATL,2021-12-19,213,1,62,0,1,235,162,29:33,Sun,14,15,@,SFO,L 13-31,19,32,13,59.4,1,0,3.1,0.0,92.7,3,23,8.57,6.7,6.09,7.28,6.66,11.2,32,5.1,3,18,24,75.0,1,0,0,0,119.3,23,2.7,275,58,4.74,56,7.09,1,2:51,1,4,29,5,35,2,1,38.5,54.5,13,3,8,2,13,5,38.5,3,0,0.0,397,1,4,29,5,35,9,64,4,4,4,1,1,0,275,58,4.74,56,7.09,1,2:51,23,11,11,1,11,6,54.5,0,0,,1,1,1,2,2,0,0,0
127,ATL,2021-12-26,207,1,47,1,1,208,130,21:55,Sun,15,16,,DET,W 20-16,18,24,6,75.0,1,0,4.2,0.0,115.8,3,8,11.11,8.6,7.67,9.46,8.41,11.5,33,3.9,0,25,35,71.4,1,0,0,1,84.0,18,2.6,254,45,5.64,68,4.97,1,2:41,1,2,15,6,30,2,3,25.0,43.8,14,4,10,0,8,2,25.0,1,1,100.0,338,1,2,15,6,30,8,45,1,1,1,3,3,0,254,45,5.64,68,4.97,1,2:41,19,6,12,1,16,7,43.8,4,3,75.0,2,2,2,2,2,0,0,0
128,ATL,2022-01-02,169,0,96,1,1,118,233,23:53,Sun,16,17,@,BUF,L 15-29,13,23,10,56.5,0,0,0.0,0.0,84.9,5,28,17.86,7.3,6.04,7.35,6.04,13.0,44,5.3,4,11,26,42.3,0,1,2,3,16.7,22,4.4,265,50,5.3,71,4.94,1,3:04,3,4,27,7,47,2,0,14.3,58.3,18,7,9,2,7,1,14.3,1,0,0.0,351,3,4,27,7,47,11,74,4,3,3,0,0,0,265,50,5.3,71,4.94,1,3:04,28,19,8,1,12,7,58.3,1,1,100.0,1,1,1,2,2,0,0,1
129,ATL,2022-01-09,195,1,62,1,3,174,195,20:43,Sun,17,18,,NOR,L 20-30,20,33,13,60.6,1,1,3.0,3.0,77.3,3,21,8.33,5.9,5.42,5.15,4.72,9.8,46,4.2,0,16,24,66.7,3,1,4,0,127.4,12,5.2,257,48,5.35,71,5.2,3,2:59,0,5,46,4,40,2,3,30.0,50.0,13,3,9,1,10,3,30.0,3,2,66.7,369,0,5,46,4,40,9,86,3,3,3,4,3,0,257,48,5.35,71,5.2,3,2:59,22,10,9,3,16,8,50.0,1,0,0.0,2,2,2,2,2,0,0,0
130,ATL,2022-09-11,215,0,201,2,2,234,151,33:44,Sun,1,1,,NOR,L 26-27,20,33,13,60.6,0,0,0.0,0.0,79.7,0,0,0.0,6.5,6.52,6.52,6.52,10.8,19,7.9,1,23,34,67.6,2,4,35,0,106.7,38,5.3,416,71,5.86,57,6.75,2,3:07,1,8,55,8,99,4,2,38.5,30.8,26,13,8,5,13,5,38.5,0,0,,385,1,8,55,8,99,16,154,3,1,1,3,2,0,416,71,5.86,57,6.75,2,3:07,18,5,12,1,13,4,30.8,0,0,,2,2,2,5,4,0,0,0
131,ATL,2022-09-18,171,2,90,0,3,272,65,29:36,Sun,2,2,@,LAR,L 27-31,17,26,9,65.4,2,2,7.7,7.7,81.6,3,25,10.34,6.6,5.9,4.65,4.17,10.1,26,2.5,1,27,36,75.0,3,1,0,2,100.7,27,3.3,261,56,4.66,63,5.35,3,2:56,3,5,29,3,61,1,1,30.0,60.0,17,4,11,2,10,3,30.0,2,1,50.0,337,3,5,29,3,61,8,90,4,4,4,1,1,0,261,56,4.66,63,5.35,3,2:56,24,6,16,2,10,6,60.0,1,0,0.0,3,2,2,2,1,1,1,1
132,ATL,2022-09-25,207,1,179,2,2,308,112,28:14,Sun,3,3,@,SEA,W 27-23,13,20,7,65.0,1,1,5.0,5.0,99.8,3,22,13.04,10.4,9.0,9.1,7.91,15.9,23,4.9,0,32,44,72.7,2,2,17,1,97.5,31,5.8,386,54,7.15,69,6.09,2,2:53,1,2,15,6,47,2,3,57.1,52.9,24,8,13,3,7,4,57.1,0,0,,420,1,2,15,6,47,8,62,2,2,2,3,3,0,386,54,7.15,69,6.09,2,2:53,23,8,15,0,17,9,52.9,3,2,66.7,3,3,3,2,2,0,0,0
133,ATL,2022-10-02,131,0,202,2,1,226,177,24:16,Sun,4,4,,CLE,W 23-20,7,19,12,36.8,0,1,0.0,5.3,41.3,1,8,5.0,6.9,6.55,4.53,4.3,18.7,35,5.1,2,21,35,60.0,0,1,8,1,67.1,35,5.8,333,55,6.05,71,5.68,1,2:47,2,1,15,7,51,3,2,33.3,35.7,19,11,6,2,9,3,33.3,0,0,,403,2,1,15,7,51,8,66,2,2,2,2,2,0,333,55,6.05,71,5.68,1,2:47,22,13,9,0,14,5,35.7,3,2,66.7,2,2,2,3,3,0,0,0
134,ATL,2022-10-09,110,1,151,1,0,351,69,30:34,Sun,5,5,@,TAM,L 15-21,14,25,11,56.0,1,0,4.0,0.0,86.6,5,37,16.67,4.4,3.67,5.2,4.33,7.9,23,3.0,1,35,52,67.3,1,0,0,0,92.7,31,4.9,261,61,4.28,75,5.6,0,3:04,0,6,55,6,45,0,2,42.9,56.3,19,10,7,2,14,6,42.9,1,1,100.0,420,0,6,55,6,45,12,100,2,1,1,2,2,0,261,61,4.28,75,5.6,0,3:04,26,7,17,2,16,9,56.3,1,0,0.0,2,1,1,1,0,1,1,0
135,ATL,2022-10-16,121,2,168,1,0,296,50,33:25,Sun,6,6,,SFO,W 28-14,13,14,1,92.9,2,0,14.3,0.0,144.6,2,8,12.5,8.6,7.56,11.5,10.06,9.3,16,3.1,0,29,41,70.7,2,0,0,2,87.0,40,4.2,289,56,5.16,57,6.07,0,2:51,3,5,40,5,30,0,0,64.3,37.5,18,10,7,1,14,9,64.3,0,0,,346,3,5,40,5,30,10,70,2,2,2,0,0,0,289,56,5.16,57,6.07,0,2:51,21,4,15,2,8,3,37.5,1,0,0.0,4,4,4,0,0,0,0,0
136,ATL,2022-10-23,107,1,107,1,0,459,78,26:55,Sun,7,7,@,CIN,L 17-35,8,13,5,61.5,1,0,7.7,0.0,118.7,3,17,18.75,8.2,6.69,9.77,7.94,13.4,21,3.7,2,34,42,81.0,3,3,22,0,136.0,29,3.7,214,45,4.76,66,8.14,0,2:49,0,3,22,5,17,1,0,40.0,63.6,13,7,5,1,10,4,40.0,0,0,,537,0,3,22,5,17,8,39,5,5,5,0,0,0,214,45,4.76,66,8.14,0,2:49,29,5,22,2,11,7,63.6,1,0,0.0,2,2,2,1,1,0,0,0
137,ATL,2022-10-30,239,3,167,0,2,309,169,36:34,Sun,8,8,,CAR,W 37-34 (OT),20,28,8,71.4,3,2,10.7,7.1,105.2,2,14,6.67,8.5,7.97,7.46,6.97,12.0,36,4.7,3,19,36,52.8,1,1,8,1,79.5,37,4.5,406,67,6.06,73,6.55,2,3:39,1,7,64,9,74,3,2,50.0,38.5,21,7,14,0,12,6,50.0,0,0,,478,1,7,64,9,74,16,138,4,3,2,3,2,0,406,67,6.06,73,6.55,2,3:39,23,10,12,1,13,5,38.5,2,1,50.0,4,4,4,3,3,0,0,0
138,ATL,2022-11-06,114,0,201,2,2,245,91,31:49,Sun,9,9,,LAC,L 17-20,12,23,11,52.2,0,0,0.0,0.0,68.9,2,15,8.0,5.0,4.56,4.96,4.56,9.5,24,3.8,1,30,43,69.8,1,0,0,1,82.0,35,5.7,315,60,5.25,67,5.01,2,2:55,2,2,15,5,45,1,2,45.5,50.0,19,12,7,0,11,5,45.5,0,0,,336,2,2,15,5,45,7,60,2,2,2,2,2,0,315,60,5.25,67,5.01,2,2:55,19,3,16,0,16,8,50.0,1,1,100.0,2,2,2,2,1,0,0,0
139,ATL,2022-11-10,153,2,138,0,1,101,232,25:48,Thu,10,10,@,CAR,L 15-25,19,30,11,63.3,2,1,6.7,3.3,89.0,5,33,14.29,5.1,4.37,4.93,4.23,8.1,47,4.9,2,10,16,62.5,0,1,7,0,80.5,25,5.5,291,60,4.85,64,5.2,1,3:00,0,4,37,10,89,1,4,27.3,40.0,20,6,11,3,11,3,27.3,2,0,0.0,333,0,4,37,10,89,14,126,2,2,1,4,4,0,291,60,4.85,64,5.2,1,3:00,18,13,4,1,15,6,40.0,0,0,,2,2,0,1,1,0,0,0
140,ATL,2022-11-20,131,1,149,1,2,128,160,24:50,Sun,11,11,,CHI,W 27-24,13,20,7,65.0,1,0,5.0,0.0,100.2,0,0,0.0,6.6,6.55,7.55,7.55,10.1,41,3.9,2,14,21,66.7,1,4,25,1,79.1,33,4.5,280,53,5.28,66,4.36,2,2:57,1,2,13,7,56,2,1,22.2,56.3,18,8,7,3,9,2,22.2,1,1,100.0,288,1,2,13,7,56,9,69,3,3,3,2,1,0,280,53,5.28,66,4.36,2,2:57,20,12,7,1,16,9,56.3,0,0,,3,3,3,2,2,0,0,0
141,ATL,2022-11-27,165,1,167,0,1,138,176,26:51,Sun,12,12,@,WAS,L 13-19,15,25,10,60.0,1,1,4.0,4.0,77.7,1,9,3.85,6.6,6.35,5.6,5.38,11.0,37,4.8,0,14,23,60.9,2,0,0,1,88.7,29,5.8,332,55,6.04,60,5.23,1,2:47,1,2,20,4,28,2,2,40.0,41.7,18,10,6,2,10,4,40.0,1,0,0.0,314,1,2,20,4,28,6,48,2,2,1,2,2,0,332,55,6.04,60,5.23,1,2:47,20,11,8,1,12,5,41.7,1,1,100.0,1,1,1,3,2,0,0,0
142,ATL,2022-12-04,160,1,146,0,1,197,154,27:05,Sun,13,13,,PIT,L 16-19,13,24,11,54.2,1,1,4.2,4.2,72.7,1,7,4.0,6.7,6.4,5.63,5.4,12.3,37,4.2,0,16,28,57.1,1,0,0,0,90.9,28,5.2,306,53,5.77,65,5.4,1,2:52,0,6,48,7,30,3,4,30.0,50.0,18,8,9,1,10,3,30.0,1,1,100.0,351,0,6,48,7,30,13,78,1,1,1,4,4,0,306,53,5.77,65,5.4,1,2:52,22,11,10,1,12,6,50.0,0,0,,1,1,1,3,3,0,0,0
143,ATL,2022-12-18,89,0,231,2,1,214,134,30:56,Sun,14,15,@,NOR,L 18-21,13,26,13,50.0,0,0,0.0,0.0,59.3,4,8,13.33,3.4,2.97,3.42,2.97,6.8,34,3.9,0,13,19,68.4,3,2,17,0,145.6,39,5.9,320,69,4.64,55,6.33,1,2:52,1,3,30,6,46,1,0,56.3,45.5,21,13,6,2,16,9,56.3,1,0,0.0,348,1,3,30,6,46,9,76,3,3,3,0,0,0,320,69,4.64,55,6.33,1,2:52,17,6,11,0,11,5,45.5,1,0,0.0,2,1,1,1,1,1,1,0
144,ATL,2022-12-24,212,0,115,0,1,115,184,32:44,Sat,15,16,@,BAL,L 9-17,22,33,11,66.7,0,0,0.0,0.0,85.2,2,6,5.71,6.4,6.06,6.42,6.06,9.6,34,5.4,0,9,17,52.9,1,0,0,0,94.0,33,3.5,327,68,4.81,51,5.86,1,2:57,0,5,48,1,6,3,3,35.7,33.3,17,5,11,1,14,5,35.7,4,1,25.0,299,0,5,48,1,6,6,54,1,0,0,4,3,0,327,68,4.81,51,5.86,1,2:57,15,10,5,0,12,4,33.3,0,0,,0,0,0,3,3,0,0,0
145,ATL,2023-01-01,166,0,132,2,1,213,126,32:24,Sun,16,17,,ARI,W 20-19,19,26,7,73.1,0,0,0.0,0.0,90.1,1,3,3.7,6.4,6.15,6.38,6.15,8.7,27,4.7,0,24,40,60.0,1,2,9,0,82.6,34,3.9,298,61,4.89,69,4.91,1,2:56,0,5,70,8,50,2,4,45.5,36.4,20,10,9,1,11,5,45.5,2,1,50.0,339,0,5,70,8,50,13,120,1,1,1,5,4,0,298,61,4.89,69,4.91,1,2:56,22,8,13,1,11,4,36.4,1,0,0.0,2,2,2,2,2,0,0,0
146,ATL,2023-01-08,208,2,174,1,1,136,86,34:49,Sun,17,18,,TAM,W 30-17,19,30,11,63.3,2,0,6.7,0.0,108.2,2,16,6.25,6.9,6.5,8.27,7.75,10.9,20,4.3,0,22,34,64.7,2,0,0,0,92.3,35,5.0,382,67,5.7,54,4.11,1,2:50,1,2,18,3,30,3,1,40.0,46.2,22,10,11,1,15,6,40.0,3,3,100.0,222,1,2,18,3,30,5,48,2,2,2,1,1,0,382,67,5.7,54,4.11,1,2:50,12,4,8,0,13,6,46.2,1,0,0.0,3,3,3,3,3,0,0,0
147,ATL,2023-09-10,91,1,130,2,0,127,154,25:19,Sun,1,1,,CAR,W 24-10,15,18,3,83.3,1,0,5.6,0.0,111.8,4,24,18.18,5.1,4.14,6.17,5.05,6.1,32,4.8,0,20,38,52.6,1,2,19,2,46.7,26,5.0,221,48,4.6,72,3.9,0,3:06,3,6,43,9,66,1,1,20.0,35.7,13,7,6,0,10,2,20.0,0,0,,281,3,6,43,9,66,15,109,1,1,1,1,1,0,221,48,4.6,72,3.9,0,3:06,20,9,9,2,14,5,35.7,2,0,0.0,3,3,3,1,1,0,0,0
148,ATL,2023-09-17,235,1,211,1,1,140,84,36:15,Sun,2,2,,GNB,W 25-24,19,32,13,59.4,1,1,3.1,3.1,79.8,1,2,3.03,7.3,7.12,6.56,6.36,12.4,21,4.0,0,14,25,56.0,3,1,11,0,111.7,45,4.7,446,78,5.72,47,4.77,1,3:13,0,6,110,7,40,4,1,40.0,33.3,27,15,10,2,15,6,40.0,4,3,75.0,224,0,6,110,7,40,13,150,3,3,3,1,1,0,446,78,5.72,47,4.77,1,3:13,17,4,10,3,9,3,33.3,1,0,0.0,2,2,1,4,4,0,0,0
149,ATL,2023-09-24,139,0,44,0,1,243,115,27:03,Sun,3,3,@,DET,L 6-20,21,38,17,55.3,0,0,0.0,0.0,70.2,7,62,15.56,3.7,3.09,3.66,3.09,6.6,31,3.7,1,22,33,66.7,1,0,0,1,85.8,20,2.2,183,65,2.82,64,5.59,1,2:54,1,4,24,10,119,2,2,28.6,28.6,16,3,9,4,14,4,28.6,1,0,0.0,358,1,4,24,10,119,14,143,2,2,2,2,2,0,183,65,2.82,64,5.59,1,2:54,18,5,11,2,14,4,28.6,0,0,,0,0,0,3,2,0,0,0
150,ATL,2023-10-01,160,1,127,0,3,195,105,27:09,Sun,4,4,@,JAX,L 7-23,19,31,12,61.3,1,2,3.2,6.5,62.7,4,31,11.43,5.2,4.57,2.9,2.57,8.4,32,3.3,0,23,30,76.7,1,2,12,0,104.2,22,5.8,287,57,5.04,64,4.69,3,2:43,0,3,50,3,25,0,3,50.0,35.7,17,6,11,0,12,6,50.0,1,0,0.0,300,0,3,50,3,25,6,75,2,2,2,3,3,0,287,57,5.04,64,4.69,3,2:43,16,4,11,1,14,5,35.7,2,1,50.0,1,1,1,0,0,0,0,0
151,ATL,2023-10-08,351,1,96,1,2,249,64,35:32,Sun,5,5,,HOU,W 21-19,29,38,9,76.3,1,0,2.6,0.0,112.9,0,0,0.0,9.2,9.24,9.76,9.76,12.1,23,2.8,0,20,35,57.1,1,0,0,0,88.9,36,2.7,447,74,6.04,58,5.4,2,3:00,0,7,55,5,25,2,4,50.0,30.8,26,8,18,0,14,7,50.0,0,0,,313,0,7,55,5,25,12,80,1,1,1,4,4,0,447,74,6.04,58,5.4,2,3:00,17,3,13,1,13,4,30.8,0,0,,2,1,1,2,2,1,1,0
152,ATL,2023-10-15,296,2,106,0,3,121,72,36:23,Sun,6,6,,WAS,L 16-24,28,47,19,59.6,2,3,4.3,6.4,66.5,3,11,6.0,6.3,5.92,4.28,4.02,10.6,22,3.3,0,14,23,60.9,3,5,30,0,114.3,29,3.7,402,79,5.09,50,3.86,3,2:52,0,4,31,6,40,1,1,33.3,20.0,25,5,18,2,15,5,33.3,3,1,33.3,193,0,4,31,6,40,10,71,3,3,3,1,1,0,402,79,5.09,50,3.86,3,2:52,13,3,9,1,10,2,20.0,1,1,100.0,2,1,1,1,1,1,0,0
153,ATL,2023-10-22,245,0,156,1,3,256,73,29:59,Sun,7,7,@,TAM,W 16-13,19,25,6,76.0,0,0,0.0,0.0,107.1,1,5,3.85,9.8,9.42,9.8,9.42,12.9,20,3.7,0,27,42,64.3,1,3,19,1,79.1,38,4.1,401,64,6.27,65,5.06,3,3:03,2,9,60,9,66,3,2,53.8,50.0,20,10,9,1,13,7,53.8,0,0,,329,2,9,60,9,66,18,126,1,1,1,2,2,0,401,64,6.27,65,5.06,3,3:03,21,2,13,6,12,6,50.0,1,0,0.0,1,1,1,3,3,0,0,0
154,ATL,2023-10-29,202,1,140,1,1,226,149,27:01,Sun,8,8,@,TEN,L 23-28,20,34,14,58.8,1,0,2.9,0.0,91.1,6,44,15.0,5.9,5.05,6.53,5.55,10.1,36,4.1,0,19,29,65.5,4,2,12,0,128.7,26,5.4,342,66,5.18,67,5.6,1,3:12,1,3,15,6,53,3,0,26.7,33.3,17,4,12,1,15,4,26.7,2,1,50.0,375,1,3,15,6,53,9,68,4,4,4,0,0,0,342,66,5.18,67,5.6,1,3:12,17,9,7,1,15,5,33.3,1,1,100.0,2,2,2,3,3,0,0,0
155,ATL,2023-11-05,260,1,110,1,2,217,146,28:28,Sun,9,9,,MIN,L 28-31,21,38,17,55.3,1,1,2.6,2.6,75.3,1,8,2.56,6.8,6.67,6.18,6.03,12.4,33,4.4,1,25,36,69.4,2,4,19,0,103.6,28,3.9,370,67,5.52,73,4.97,2,3:15,2,8,62,1,4,4,3,55.6,43.8,18,6,12,0,18,10,55.6,0,0,,363,2,8,62,1,4,9,66,3,2,2,3,3,0,370,67,5.52,73,4.97,2,3:15,23,8,13,2,16,7,43.8,1,1,100.0,2,2,2,4,4,0,0,1
156,ATL,2023-11-12,70,1,184,2,0,230,122,31:42,Sun,10,10,@,ARI,L 23-25,12,21,9,57.1,1,0,4.8,0.0,84.2,3,24,12.5,3.3,2.92,4.29,3.75,5.8,26,4.7,2,19,32,59.4,0,2,19,1,68.5,41,4.5,254,65,3.91,60,5.87,0,3:02,1,4,43,11,112,1,4,50.0,27.3,20,11,5,4,14,7,50.0,2,1,50.0,352,1,4,43,11,112,15,155,2,1,1,4,4,0,254,65,3.91,60,5.87,0,3:02,20,8,11,1,11,3,27.3,1,1,100.0,3,2,2,1,1,1,0,0
157,ATL,2023-11-26,168,1,228,1,2,296,148,28:26,Sun,11,12,,NOR,W 24-15,13,21,8,61.9,1,2,4.8,9.5,63.3,0,0,0.0,8.0,8.0,4.67,4.67,12.9,28,5.3,0,24,38,63.2,0,1,8,1,76.2,41,5.6,396,62,6.39,67,6.63,2,2:53,2,5,35,6,50,1,5,50.0,42.9,25,15,9,1,8,4,50.0,1,0,0.0,444,2,5,35,6,50,11,85,0,0,0,6,5,0,396,62,6.39,67,6.63,2,2:53,22,6,13,3,14,6,42.9,0,0,,3,3,3,1,1,0,0,0
158,ATL,2023-12-03,104,1,90,0,0,197,62,29:34,Sun,12,13,@,NYJ,W 13-8,12,27,15,44.4,1,0,3.7,0.0,70.1,3,17,10.0,3.9,3.47,4.59,4.13,8.7,25,2.5,0,19,38,50.0,0,4,17,1,54.4,34,2.6,194,64,3.03,67,3.87,0,3:20,3,6,55,11,71,2,2,28.6,13.3,15,3,9,3,14,4,28.6,0,0,,259,3,6,55,11,71,17,126,0,0,0,2,2,1,194,64,3.03,67,3.87,0,3:20,14,3,9,2,15,2,13.3,3,2,66.7,1,1,1,2,2,0,0,0
159,ATL,2023-12-10,338,1,96,2,1,142,148,28:20,Sun,13,14,,TAM,L 25-29,26,40,14,65.0,1,1,2.5,2.5,90.3,3,9,6.98,8.5,7.86,7.83,7.28,13.0,37,4.0,1,14,29,48.3,2,1,2,0,85.7,26,3.7,434,69,6.29,67,4.33,1,3:02,0,2,10,4,26,1,2,38.5,37.5,23,6,15,2,13,5,38.5,1,1,100.0,290,0,2,10,4,26,6,36,3,3,3,2,2,1,434,69,6.29,67,4.33,1,3:02,16,7,8,1,16,6,37.5,2,1,50.0,3,2,2,3,1,1,1,0
160,ATL,2023-12-17,152,1,52,0,2,154,129,26:04,Sun,14,15,@,CAR,L 7-9,12,20,8,60.0,1,1,5.0,5.0,79.6,0,0,0.0,7.6,7.6,6.35,6.35,12.7,36,3.6,0,18,24,75.0,0,3,13,0,91.3,31,1.7,204,51,4.0,63,4.49,2,2:45,0,4,25,4,35,0,3,46.2,33.3,12,3,8,1,13,6,46.2,1,0,0.0,283,0,4,25,4,35,8,60,0,0,0,3,3,0,204,51,4.0,63,4.49,2,2:45,17,8,7,2,15,5,33.3,2,0,0.0,1,1,1,0,0,0,0,0
161,ATL,2023-12-24,229,1,177,1,0,170,92,29:24,Sun,15,16,,IND,W 29-10,23,33,10,69.7,1,0,3.0,0.0,99.2,1,0,2.94,6.9,6.74,7.55,7.32,10.0,25,3.7,1,20,37,54.1,0,6,31,1,55.0,30,5.9,406,64,6.34,68,3.85,0,2:57,1,4,35,4,29,5,1,38.5,35.7,23,8,14,1,13,5,38.5,1,1,100.0,262,1,4,35,4,29,8,64,1,1,1,1,1,0,406,64,6.34,68,3.85,0,2:57,20,4,14,2,14,5,35.7,3,1,33.3,2,2,2,5,5,0,0,0
162,ATL,2023-12-31,173,1,134,1,4,240,192,22:46,Sun,16,17,@,CHI,L 17-37,13,33,20,39.4,1,4,3.0,12.1,28.2,2,7,5.71,5.2,4.94,0.39,0.37,13.3,37,5.2,3,20,32,62.5,1,3,28,0,95.8,24,5.6,307,59,5.2,72,6.0,4,3:15,0,1,15,5,55,1,3,30.8,37.5,15,8,5,2,13,4,30.8,1,0,0.0,432,0,1,15,5,55,6,70,4,4,4,4,3,0,307,59,5.2,72,6.0,4,3:15,22,10,12,0,16,6,37.5,2,1,50.0,2,2,2,3,1,0,0,0
163,ATL,2024-01-07,311,2,78,0,3,246,154,26:10,Sun,17,18,@,NOR,L 17-48,25,34,9,73.5,2,2,5.9,5.9,97.4,1,7,2.86,9.1,8.89,7.68,7.46,12.4,35,4.4,2,22,28,78.6,4,3,18,0,142.9,25,3.1,389,60,6.48,66,6.06,3,3:02,0,8,75,3,15,1,2,36.4,30.0,14,3,11,0,11,4,36.4,1,0,0.0,400,0,8,75,3,15,11,90,6,6,6,2,2,0,389,60,6.48,66,6.06,3,3:02,27,12,13,2,10,3,30.0,1,1,100.0,2,2,2,1,1,0,0,0
