Game Order,Team,Date,Passing Yards,Passings TD,Rushing Yards,Rushing TD,Turnovers,Opponent Passing Yards,Opponent Rushing Yards,Time of Possession,Day of Week,Game Number,Week,Home/Away,Opponent,Result,Passing Completions,Passing Attempts,Passing Incompletions,Passing Completion Percentage,Passing TD,Interceptions,TD Percentage per Pass,Interception Percentage per Pass,Passer Rating,Times Sacked,Sack Yards,Sack Percentage,Yards per Attempt,Net Yards per Attempt,Adjusted Yards per Attempt,Adjusted Net Yards per Attempt,Yards per Completion,Opponent Rushing Attempts,Opponent Rushing Yards per Attempt,Opponent Rushing TD,Opponent Pass Completions,Opponent Pass Attempts,Opponent Completion Percentage,Opponent Passing TD,Opponent Times Sacked,Opponent Sack Yards,Opponent Interceptions,Opponent Passer Rating,Rushing Attempts,Total Yardage,Offense Number of Plays,Yards per Offensive Play,Defense Number of Plays,Yards Allowed per Defensive Play,Turnovers Lost,Total Time,Opponent Turnovers,Penalties,Penalty Yards,Opponent Penalties,Opponent Penalty Yards,Field Goals Made,Opponent Field Goals Made,3rd Down %,Oppoenent 3rd Down %,1st Downs,1st Downs by Rush,1st Downs by Pass,1st Downs by Pen,3rd Down Attempts,3rd Down Conversions,3rd Down Conversion %,4th Down Attempts,4th Down Conversions,4th Down Conversion %,Opponent Total Yards,Opponent Turnovers.1,Penalties.1,Penalty Yards.1,Opponent Penalties.1,Opponent Penalty Yards.1,Combined Penalties,Combined Penalty Yards,Opponent TD,Opponent XPA,Opponent XPM,Opponent Field Goals Attempted,Opponent Field Goals Made.1,Opponent Safeties,Total Yards,Offensive Plays,Yards per Play,Defensive Plays,Defensive Yards per Play,Turnovers.1,Time,Opponent 1st Downs,Opponent 1st Downs by Rush,Opponent 1st Downs by Pass,Opponent 1st Downs by Penalty,Opponent 3rd Down Attempts,Opponent 3rd Down Conversions,Opponent 3rd Down Conversion %,Opponent 4th Down Attempts,Opponent 4th Down Conversions,Opponent 4th Down Conversion %,Total TD,XPA,XPM,Field Goals Attempted,Field Goals Made.1,2PA,2PM,Safeties
1,CLE,2014-09-07,198,1,191,2,0,376,127,27:33,Sun,1,1,@,PIT,L 27-30,18,30,12,60.0,1,0,3.3,0.0,94.0,3,24,9.09,6.6,6.0,7.27,6.61,11.0,29,4.4,2,24,35,68.6,1,3,14,1,101.6,31,389,64,6.08,67,7.51,0,3:07,1,8,55,11,96,2,3,18.2,33.3,23,9,11,3,11,2,18.2,0,0,,503,1,8,55,11,96,19,151,3,3,3,3,3,0,389,64,6.08,67,7.51,0,3:07,24,6,16,2,12,4,33.3,1,1,100.0,3,3,3,2,2,0,0,0
2,CLE,2014-09-14,202,1,122,1,0,223,174,28:10,Sun,2,2,,NOR,W 26-24,24,41,17,58.5,1,0,2.4,0.0,79.7,1,2,2.38,4.9,4.81,5.41,5.29,8.4,27,6.4,1,27,40,67.5,2,2,14,1,87.8,30,324,72,4.5,69,5.75,0,3:08,2,4,30,5,39,2,1,43.8,53.8,23,7,14,2,16,7,43.8,2,2,100.0,397,2,4,30,5,39,9,69,3,3,3,1,1,0,324,72,4.5,69,5.75,0,3:08,26,10,16,0,13,7,53.8,0,0,,3,2,2,2,2,1,0,0
3,CLE,2014-09-21,290,1,85,2,0,217,160,29:05,Sun,3,3,,BAL,L 21-23,19,25,6,76.0,1,0,4.0,0.0,127.1,0,0,0.0,11.6,11.6,12.4,12.4,15.3,33,4.8,1,19,31,61.3,1,0,0,1,79.6,30,375,55,6.82,64,5.89,0,2:57,1,12,94,5,32,0,3,45.5,33.3,19,6,11,2,11,5,45.5,0,0,,377,1,12,94,5,32,17,126,2,2,2,3,3,0,375,55,6.82,64,5.89,0,2:57,23,12,8,3,12,4,33.3,1,0,0.0,3,3,3,2,0,0,0,0
4,CLE,2014-10-05,284,3,176,0,1,261,149,29:17,Sun,4,5,@,TEN,W 29-28,21,37,16,56.8,3,1,8.1,2.7,97.9,1,7,2.63,7.7,7.47,8.08,7.87,13.5,30,5.0,1,21,32,65.6,3,3,12,0,122.0,36,460,74,6.22,65,6.31,1,3:23,0,7,74,7,68,2,0,33.3,57.1,27,10,16,1,12,4,33.3,2,0,0.0,410,0,7,74,7,68,14,142,4,4,4,0,0,0,460,74,6.22,65,6.31,1,3:23,22,8,11,3,14,8,57.1,1,0,0.0,3,3,3,2,2,0,0,1
5,CLE,2014-10-12,210,1,158,3,1,221,138,26:55,Sun,5,6,,PIT,W 31-10,8,17,9,47.1,1,0,5.9,0.0,113.0,1,7,5.56,12.4,11.67,13.53,12.78,26.3,32,4.3,0,21,42,50.0,1,2,7,1,63.7,38,368,56,6.57,76,4.72,1,3:07,1,6,60,6,42,1,1,36.4,37.5,19,10,7,2,11,4,36.4,0,0,,359,1,6,60,6,42,12,102,1,1,1,1,1,0,368,56,6.57,76,4.72,1,3:07,22,5,12,5,16,6,37.5,2,0,0.0,4,4,4,1,1,0,0,0
6,CLE,2014-10-19,197,0,69,0,3,151,185,28:27,Sun,6,7,@,JAX,L 6-24,16,41,25,39.0,0,1,0.0,2.4,46.3,3,18,6.82,4.8,4.48,3.71,3.45,12.3,35,5.3,2,17,31,54.8,1,2,8,3,39.2,30,266,74,3.59,68,4.94,3,3:16,3,8,50,3,25,2,1,23.5,31.3,13,2,11,0,17,4,23.5,3,0,0.0,336,3,8,50,3,25,11,75,3,3,3,1,1,0,266,74,3.59,68,4.94,3,3:16,20,10,8,2,16,5,31.3,0,0,,0,0,0,2,2,0,0,0
7,CLE,2014-10-26,267,1,39,1,0,311,76,25:08,Sun,7,8,,LVR,W 23-13,19,28,9,67.9,1,0,3.6,0.0,111.5,1,8,3.45,9.5,9.21,10.25,9.9,14.1,21,3.6,0,34,56,60.7,1,4,17,1,74.3,25,306,54,5.67,81,4.78,0,3:10,3,6,30,8,54,3,2,16.7,31.6,15,1,12,2,12,2,16.7,0,0,,387,3,6,30,8,54,14,84,1,1,1,2,2,0,306,54,5.67,81,4.78,0,3:10,19,3,16,0,19,6,31.6,4,3,75.0,2,2,2,3,3,0,0,0
8,CLE,2014-11-02,274,2,56,0,2,252,113,29:28,Sun,8,9,,TAM,W 22-17,21,34,13,61.8,2,2,5.9,5.9,85.4,4,26,10.53,8.1,7.21,6.59,5.89,13.0,26,4.3,0,17,33,51.5,2,2,8,2,71.8,27,330,65,5.08,61,5.98,2,3:04,2,7,44,4,33,3,1,35.7,33.3,19,3,16,0,14,5,35.7,2,1,50.0,365,2,7,44,4,33,11,77,2,2,2,3,1,0,330,65,5.08,61,5.98,2,3:04,20,7,11,2,12,4,33.3,1,0,0.0,2,1,1,3,3,1,0,0
9,CLE,2014-11-06,198,0,170,3,1,79,86,35:49,Thu,9,10,@,CIN,W 24-3,15,23,8,65.2,0,0,0.0,0.0,92.3,0,0,0.0,8.6,8.61,8.61,8.61,13.2,22,3.9,0,13,39,33.3,0,2,14,3,10.3,52,368,75,4.91,63,2.62,1,3:14,4,6,62,7,55,1,1,43.8,17.6,21,9,11,1,16,7,43.8,0,0,,165,4,6,62,7,55,13,117,0,0,0,1,1,0,368,75,4.91,63,2.62,1,3:14,11,6,4,1,17,3,17.6,1,1,100.0,3,3,3,2,1,0,0,0
10,CLE,2014-11-16,310,1,65,0,2,211,213,26:07,Sun,10,11,,HOU,L 7-23,20,50,30,40.0,1,1,2.0,2.0,61.2,3,20,5.66,6.2,5.85,5.7,5.38,15.5,54,3.9,0,20,30,66.7,2,0,0,1,95.3,23,375,76,4.93,84,5.05,2,3:10,1,8,67,5,55,0,3,20.0,38.9,24,4,18,2,15,3,20.0,2,0,0.0,424,1,8,67,5,55,13,122,2,2,2,4,3,0,375,76,4.93,84,5.05,2,3:10,29,13,12,4,18,7,38.9,1,1,100.0,1,1,1,1,0,0,0,0
11,CLE,2014-11-23,313,0,162,2,3,252,63,30:37,Sun,11,12,@,ATL,W 26-24,23,41,18,56.1,0,3,0.0,7.3,51.1,1,9,2.38,7.6,7.45,4.34,4.24,13.6,23,2.7,1,27,43,62.8,2,3,21,1,84.6,29,475,71,6.69,69,4.57,3,3:05,2,5,30,7,40,4,1,40.0,56.3,29,10,16,3,10,4,40.0,0,0,,315,2,5,30,7,40,12,70,3,3,3,1,1,0,475,71,6.69,69,4.57,3,3:05,21,5,15,1,16,9,56.3,0,0,,2,2,2,5,4,0,0,0
12,CLE,2014-11-30,241,0,74,1,3,181,106,29:05,Sun,12,13,@,BUF,L 10-26,23,38,15,60.5,0,2,0.0,5.3,58.6,2,14,5.0,6.3,6.03,3.97,3.78,10.5,30,3.5,0,17,31,54.8,1,1,9,2,56.0,26,315,66,4.77,62,4.63,3,3:13,2,10,76,6,45,1,4,25.0,13.3,19,4,13,2,12,3,25.0,1,0,0.0,287,2,10,76,6,45,16,121,2,2,2,5,4,0,315,66,4.77,62,4.63,3,3:13,15,2,9,4,15,2,13.3,2,2,100.0,1,1,1,2,1,0,0,0
13,CLE,2014-12-07,133,0,115,1,2,269,93,31:56,Sun,13,14,,IND,L 24-25,13,30,17,43.3,0,2,0.0,6.7,29.3,1,3,3.23,4.4,4.29,1.43,1.39,10.2,20,4.7,1,24,53,45.3,2,3,25,2,57.8,32,248,63,3.94,76,4.76,2,3:28,4,7,85,6,40,1,2,26.7,31.3,14,6,7,1,15,4,26.7,0,0,,362,4,7,85,6,40,13,125,3,1,1,2,2,0,248,63,3.94,76,4.76,2,3:28,23,6,14,3,16,5,31.3,1,1,100.0,3,3,3,2,1,0,0,0
14,CLE,2014-12-14,54,0,53,0,2,103,244,21:08,Sun,14,15,,CIN,L 0-30,10,18,8,55.6,0,2,0.0,11.1,27.3,3,26,14.29,3.0,2.57,-2.0,-1.71,5.4,45,5.4,3,14,24,58.3,0,2,14,1,51.2,17,107,38,2.82,71,4.89,2,2:50,1,9,68,5,41,0,3,10.0,50.0,5,1,2,2,10,1,10.0,1,1,100.0,347,1,9,68,5,41,14,109,3,3,3,3,3,0,107,38,2.82,71,4.89,2,2:50,24,16,6,2,14,7,50.0,2,2,100.0,0,0,0,0,0,0,0,0
15,CLE,2014-12-21,144,1,84,0,1,195,209,21:57,Sun,15,16,@,CAR,L 13-17,10,21,11,47.6,1,1,4.8,4.8,70.7,3,22,12.5,6.9,6.0,5.67,4.96,14.4,45,4.6,1,18,31,58.1,1,1,6,1,74.0,22,228,46,4.96,77,5.25,1,3:02,2,6,49,5,49,2,1,25.0,56.3,8,3,4,1,12,3,25.0,0,0,,404,2,6,49,5,49,11,98,2,2,2,2,1,0,228,46,4.96,77,5.25,1,3:02,27,12,12,3,16,9,56.3,0,0,,1,1,1,2,2,0,0,0
16,CLE,2014-12-28,150,0,109,1,2,290,129,30:43,Sun,16,17,@,BAL,L 10-20,14,28,14,50.0,0,1,0.0,3.6,55.2,4,27,12.5,5.4,4.69,3.75,3.28,10.7,28,4.6,0,22,36,61.1,2,1,22,0,105.1,29,259,61,4.25,65,6.45,2,3:05,0,7,58,8,55,1,2,23.1,30.8,16,3,10,3,13,3,23.1,1,1,100.0,419,0,7,58,8,55,15,113,2,2,2,2,2,0,259,61,4.25,65,6.45,2,3:05,22,5,14,3,13,4,30.8,1,0,0.0,1,1,1,1,1,0,0,0
17,CLE,2015-09-13,217,1,104,0,5,179,154,31:40,Sun,1,1,@,NYJ,L 10-31,18,32,14,56.3,1,1,3.1,3.1,76.4,3,14,8.57,6.8,6.2,6.0,5.49,12.1,36,4.3,2,15,24,62.5,2,0,0,1,95.7,28,321,63,5.1,60,5.55,5,3:00,1,12,109,4,30,1,1,50.0,53.8,15,5,10,0,16,8,50.0,2,1,50.0,333,1,12,109,4,30,16,139,4,4,4,1,1,0,321,63,5.1,60,5.55,5,3:00,18,9,9,0,13,7,53.8,1,0,0.0,1,1,1,1,1,0,0,0
18,CLE,2015-09-20,158,2,116,1,0,219,166,24:49,Sun,2,2,,TEN,W 28-14,8,15,7,53.3,2,0,13.3,0.0,133.9,2,14,11.76,10.5,9.29,13.2,11.65,19.8,30,5.5,0,21,37,56.8,2,7,38,0,92.1,30,274,47,5.83,74,5.2,0,3:05,3,4,40,9,85,0,0,36.4,43.8,13,7,5,1,11,4,36.4,1,0,0.0,385,3,4,40,9,85,13,125,2,2,2,0,0,0,274,47,5.83,74,5.2,0,3:05,21,6,14,1,16,7,43.8,2,2,100.0,4,4,4,0,0,0,0,0
19,CLE,2015-09-27,316,2,39,0,2,314,155,27:31,Sun,3,3,,LVR,L 20-27,28,49,21,57.1,2,1,4.1,2.0,83.8,5,25,9.26,6.4,5.85,6.35,5.76,11.3,30,5.2,1,20,32,62.5,2,0,0,0,115.9,14,355,68,5.22,62,7.56,2,3:20,1,6,50,12,85,2,2,50.0,42.9,21,2,16,3,16,8,50.0,1,1,100.0,469,1,6,50,12,85,18,135,3,3,3,2,2,0,355,68,5.22,62,7.56,2,3:20,19,6,11,2,14,6,42.9,0,0,,2,2,2,2,2,0,0,0
20,CLE,2015-10-04,332,2,100,0,1,347,91,34:19,Sun,4,4,@,LAC,L 27-30,32,41,9,78.0,2,0,4.9,0.0,119.1,4,24,8.89,8.1,7.38,9.07,8.27,10.4,21,4.3,0,23,38,60.5,3,2,11,0,116.9,21,432,66,6.55,61,7.18,1,3:15,0,12,91,6,31,4,3,30.8,27.3,20,2,16,2,13,4,30.8,0,0,,438,0,12,91,6,31,18,122,3,3,3,3,3,0,432,66,6.55,61,7.18,1,3:15,23,3,15,5,11,3,27.3,0,0,,2,1,1,4,4,1,1,0
21,CLE,2015-10-11,422,2,83,1,0,196,181,39:16,Sun,5,5,@,BAL,W 33-30 (OT),36,51,15,70.6,2,0,3.9,0.0,111.3,4,35,7.27,8.3,7.67,9.06,8.4,11.7,31,5.8,3,19,35,54.3,1,1,14,0,80.2,25,505,80,6.31,67,5.63,0,3:40,0,9,74,12,98,4,1,63.2,35.7,25,4,18,3,19,12,63.2,0,0,,377,0,9,74,12,98,21,172,4,3,3,2,1,0,505,80,6.31,67,5.63,0,3:40,22,10,9,3,14,5,35.7,0,0,,3,1,1,4,4,2,1,0
22,CLE,2015-10-18,189,2,109,0,3,290,152,33:20,Sun,6,6,,DEN,L 23-26 (OT),20,39,19,51.3,2,2,5.1,5.1,63.3,4,24,9.3,4.8,4.4,3.56,3.23,9.5,33,4.6,0,26,48,54.2,1,0,0,3,53.3,33,298,76,3.92,81,5.46,3,3:44,3,6,30,8,81,1,4,40.0,22.2,20,8,10,2,15,6,40.0,1,0,0.0,442,3,6,30,8,81,14,111,2,2,2,5,4,0,298,76,3.92,81,5.46,3,3:44,21,6,15,0,18,4,22.2,1,1,100.0,3,2,2,1,1,1,0,0
23,CLE,2015-10-25,282,0,82,0,4,150,158,35:33,Sun,7,7,@,LAR,L 6-24,30,37,7,81.1,0,0,0.0,0.0,100.1,4,15,9.76,7.6,6.88,7.62,6.88,9.4,26,6.1,2,15,23,65.2,0,2,13,0,83.6,24,364,65,5.6,51,6.04,4,2:58,1,11,98,9,75,2,1,25.0,11.1,19,3,12,4,12,3,25.0,1,0,0.0,308,1,11,98,9,75,20,173,3,3,3,3,1,0,364,65,5.6,51,6.04,4,2:58,16,9,5,2,9,1,11.1,0,0,,0,0,0,2,2,0,0,0
24,CLE,2015-11-01,215,3,39,0,2,372,119,25:37,Sun,8,8,,ARI,L 20-34,21,40,19,52.5,3,1,7.5,2.5,83.6,1,8,2.44,5.4,5.24,5.75,5.61,10.2,38,3.1,0,23,38,60.5,4,1,2,1,117.4,20,254,61,4.16,77,6.38,2,3:20,4,7,35,5,25,0,2,56.3,81.3,16,1,12,3,16,9,56.3,1,0,0.0,491,4,7,35,5,25,12,60,4,4,4,2,2,0,254,61,4.16,77,6.38,2,3:20,25,6,17,2,16,13,81.3,0,0,,3,3,2,0,0,0,0,0
25,CLE,2015-11-05,144,1,69,0,0,219,152,23:57,Thu,9,9,@,CIN,L 10-31,15,33,18,45.5,1,0,3.0,0.0,71.3,3,24,8.33,4.4,4.0,4.97,4.56,9.6,37,4.1,1,21,27,77.8,3,2,15,0,137.5,17,213,53,4.02,66,5.62,0,2:51,0,4,28,2,20,1,1,30.8,57.1,13,4,9,0,13,4,30.8,2,1,50.0,371,0,4,28,2,20,6,48,4,4,4,1,1,0,213,53,4.02,66,5.62,0,2:51,23,8,13,2,14,8,57.1,1,1,100.0,1,1,1,1,1,0,0,0
26,CLE,2015-11-15,327,1,15,0,3,399,60,32:43,Sun,10,10,@,PIT,L 9-30,33,45,12,73.3,1,1,2.2,2.2,95.8,6,45,11.76,7.3,6.41,6.71,5.92,9.9,21,2.9,0,25,37,67.6,3,1,3,1,119.1,14,342,65,5.26,59,7.78,3,3:08,2,12,188,5,50,1,3,38.5,30.0,20,2,16,2,13,5,38.5,3,1,33.3,459,2,12,188,5,50,17,238,3,2,1,3,3,0,342,65,5.26,59,7.78,3,3:08,22,4,13,5,10,3,30.0,1,0,0.0,1,1,0,1,1,0,0,0
27,CLE,2015-11-30,275,2,63,0,0,232,104,30:30,Mon,11,12,,BAL,L 27-33,28,48,20,58.3,2,0,4.2,0.0,89.7,2,14,4.0,5.7,5.5,6.56,6.3,9.8,23,4.5,0,20,34,58.8,2,0,0,2,74.6,18,338,68,4.97,57,5.89,0,3:10,2,2,15,7,50,2,2,26.7,18.2,21,4,15,2,15,4,26.7,2,2,100.0,336,2,2,15,7,50,9,65,4,3,3,2,2,0,338,68,4.97,57,5.89,0,3:10,16,6,10,0,11,2,18.2,2,2,100.0,3,3,3,3,2,0,0,0
28,CLE,2015-12-06,205,0,68,0,2,233,144,29:02,Sun,12,13,,CIN,L 3-37,25,38,13,65.8,0,1,0.0,2.6,71.2,3,25,7.32,5.4,5.0,4.21,3.9,8.2,33,4.4,2,16,22,72.7,2,1,6,0,137.1,19,273,60,4.55,56,6.73,2,2:58,0,7,84,5,55,1,3,46.2,41.7,18,5,10,3,13,6,46.2,2,0,0.0,377,0,7,84,5,55,12,139,4,4,4,3,3,0,273,60,4.55,56,6.73,2,2:58,20,9,9,2,12,5,41.7,3,2,66.7,0,0,0,2,1,0,0,0
29,CLE,2015-12-13,251,1,230,2,2,150,71,37:39,Sun,13,14,,SFO,W 24-10,21,31,10,67.7,1,1,3.2,3.2,92.1,2,19,6.06,8.1,7.61,7.29,6.85,12.0,17,4.2,0,18,28,64.3,1,9,44,0,89.9,41,481,74,6.5,54,4.09,2,2:59,0,8,71,5,40,1,1,50.0,15.4,28,11,14,3,12,6,50.0,0,0,,221,0,8,71,5,40,13,111,1,1,1,1,1,0,481,74,6.5,54,4.09,2,2:59,15,4,8,3,13,2,15.4,3,1,33.3,3,3,3,2,1,0,0,0
30,CLE,2015-12-20,136,1,94,0,1,241,182,25:27,Sun,14,15,@,SEA,L 13-30,19,32,13,59.4,1,1,3.1,3.1,69.9,3,25,8.57,4.3,3.89,3.47,3.17,7.2,36,5.1,0,21,30,70.0,3,2,8,0,127.2,17,230,52,4.42,68,6.22,1,2:56,0,4,40,5,30,2,3,50.0,75.0,15,5,9,1,12,6,50.0,0,0,,423,0,4,40,5,30,9,70,3,3,3,3,3,0,230,52,4.42,68,6.22,1,2:56,28,12,14,2,12,9,75.0,0,0,,1,1,1,2,2,0,0,0
31,CLE,2015-12-27,136,0,232,1,1,122,136,31:04,Sun,15,16,@,KAN,L 13-17,13,32,19,40.6,0,1,0.0,3.1,40.6,0,0,0.0,4.3,4.25,2.84,2.84,10.5,27,5.0,0,15,22,68.2,2,1,3,1,93.4,36,368,68,5.41,50,5.16,1,2:59,1,8,83,5,33,2,1,40.0,33.3,21,13,8,0,15,6,40.0,4,3,75.0,258,1,8,83,5,33,13,116,2,2,2,1,1,0,368,68,5.41,50,5.16,1,2:59,16,6,8,2,12,4,33.3,1,1,100.0,1,1,1,3,2,0,0,0
32,CLE,2016-01-03,177,0,86,0,4,349,30,33:57,Sun,16,17,,PIT,L 12-28,24,46,22,52.2,0,2,0.0,4.3,49.2,7,63,13.21,3.8,3.34,1.89,1.64,7.4,19,1.6,0,24,36,66.7,3,0,0,2,102.7,23,263,76,3.46,55,6.89,4,3:08,3,8,47,9,45,4,2,25.0,25.0,22,5,12,5,16,4,25.0,4,1,25.0,379,3,8,47,9,45,17,92,3,2,2,3,2,0,263,76,3.46,55,6.89,4,3:08,16,0,16,0,8,2,25.0,0,0,,0,0,0,4,4,0,0,0
33,CLE,2016-09-11,168,0,120,1,1,270,133,20:40,Sun,1,1,@,PHI,L 10-29,12,26,14,46.2,0,1,0.0,3.8,55.0,3,22,10.34,6.5,5.79,4.73,4.24,14.0,34,3.9,1,22,37,59.5,2,2,8,0,100.1,21,288,50,5.76,73,5.52,1,2:59,0,4,15,7,46,1,2,20.0,33.3,14,6,7,1,10,2,20.0,2,0,0.0,403,0,4,15,7,46,11,61,3,3,3,3,2,1,288,50,5.76,73,5.52,1,2:59,23,7,14,2,15,5,33.3,1,1,100.0,1,1,1,1,1,0,0,0
34,CLE,2016-09-18,242,2,145,1,2,302,80,29:01,Sun,2,2,,BAL,L 20-25,20,33,13,60.6,2,2,6.1,6.1,80.4,3,18,8.33,7.3,6.72,5.82,5.33,12.1,26,3.1,0,25,45,55.6,2,0,0,2,72.6,23,387,59,6.56,71,5.38,2,3:09,2,8,59,4,29,0,3,53.3,62.5,17,2,15,0,15,8,53.3,1,1,100.0,382,2,8,59,4,29,12,88,2,2,2,3,3,0,387,59,6.56,71,5.38,2,3:09,22,3,17,2,16,10,62.5,1,0,0.0,3,3,2,1,0,0,0,0
35,CLE,2016-09-25,261,0,169,1,1,311,115,37:22,Sun,3,3,@,MIA,L 24-30 (OT),24,38,14,63.2,0,0,0.0,0.0,85.3,4,18,9.52,6.9,6.21,6.87,6.21,10.9,25,4.6,1,25,39,64.1,3,1,8,2,93.0,32,430,74,5.81,65,6.55,1,3:31,3,13,91,8,67,3,1,26.7,20.0,21,8,10,3,15,4,26.7,0,0,,426,3,13,91,8,67,21,158,4,3,3,1,1,0,430,74,5.81,65,6.55,1,3:31,23,6,15,2,10,2,20.0,0,0,,2,1,1,6,3,1,1,0
36,CLE,2016-10-02,217,1,163,1,3,156,145,28:57,Sun,4,4,@,WAS,L 20-31,28,40,12,70.0,1,1,2.5,2.5,81.6,1,6,2.44,5.4,5.29,4.8,4.68,7.8,26,5.6,1,21,27,77.8,3,3,27,1,112.3,28,380,69,5.51,56,5.38,3,3:04,1,7,101,9,75,2,1,66.7,50.0,26,8,16,2,12,8,66.7,1,0,0.0,301,1,7,101,9,75,16,176,4,4,4,1,1,0,380,69,5.51,56,5.38,3,3:04,24,10,12,2,8,4,50.0,0,0,,2,2,2,2,2,0,0,0
37,CLE,2016-10-09,235,2,27,0,1,403,98,25:21,Sun,5,5,,NWE,L 13-33,20,35,15,57.1,2,1,5.7,2.9,86.5,2,14,5.41,6.7,6.35,6.57,6.22,11.8,35,2.8,1,28,41,68.3,3,1,3,0,124.3,22,262,59,4.44,77,6.51,1,3:09,0,5,35,5,61,0,1,38.5,52.9,17,2,12,3,13,5,38.5,1,0,0.0,501,0,5,35,5,61,10,96,4,4,4,2,1,1,262,59,4.44,77,6.51,1,3:09,24,7,15,2,17,9,52.9,1,0,0.0,2,1,1,0,0,1,0,0
38,CLE,2016-10-16,301,2,40,1,0,270,137,28:59,Sun,6,6,@,TEN,L 26-28,27,42,15,64.3,2,0,4.8,0.0,105.0,6,36,12.5,7.2,6.27,8.12,7.1,11.1,31,4.4,1,17,24,70.8,3,2,14,1,130.2,15,341,63,5.41,57,7.14,0,3:12,1,11,69,7,96,2,0,21.4,53.8,16,1,13,2,14,3,21.4,2,2,100.0,407,1,11,69,7,96,18,165,4,4,4,1,0,0,341,63,5.41,57,7.14,0,3:12,19,5,13,1,13,7,53.8,0,0,,3,2,2,2,2,1,0,0
39,CLE,2016-10-23,172,0,180,2,2,288,271,31:48,Sun,7,7,@,CIN,L 17-31,21,35,14,60.0,0,2,0.0,5.7,49.9,2,10,5.41,4.9,4.65,2.34,2.22,8.2,30,9.0,2,19,28,67.9,2,3,20,0,125.3,26,352,63,5.59,61,9.16,2,2:50,1,5,35,3,30,1,1,42.9,50.0,22,10,11,1,14,6,42.9,0,0,,559,1,5,35,3,30,8,65,4,4,4,3,1,0,352,63,5.59,61,9.16,2,2:50,23,11,12,0,10,5,50.0,0,0,,2,2,2,1,1,0,0,0
40,CLE,2016-10-30,339,2,68,1,2,222,171,26:19,Sun,8,8,,NYJ,L 28-31,27,51,24,52.9,2,2,3.9,3.9,71.1,1,6,1.92,6.6,6.52,5.67,5.56,12.6,35,4.9,3,16,34,47.1,1,2,6,0,78.3,18,407,70,5.81,71,5.54,2,3:15,0,2,10,5,37,2,1,50.0,46.7,22,4,17,1,16,8,50.0,0,0,,393,0,2,10,5,37,7,47,4,4,4,1,1,0,407,70,5.81,71,5.54,2,3:15,21,8,12,1,15,7,46.7,1,1,100.0,3,2,2,2,2,1,1,0
41,CLE,2016-11-06,177,1,45,0,0,255,168,20:21,Sun,9,9,,DAL,L 10-35,19,27,8,70.4,1,0,3.7,0.0,104.4,4,26,12.9,6.6,5.71,7.3,6.35,9.3,42,4.0,2,22,28,78.6,3,0,0,0,140.3,13,222,44,5.05,70,6.04,0,2:49,0,5,33,4,38,1,0,11.1,66.7,13,3,9,1,9,1,11.1,1,1,100.0,423,0,5,33,4,38,9,71,5,5,5,0,0,0,222,44,5.05,70,6.04,0,2:49,29,13,15,1,12,8,66.7,2,2,100.0,1,1,1,2,1,0,0,0
42,CLE,2016-11-10,111,1,33,0,3,277,119,21:24,Thu,10,10,@,BAL,L 7-28,17,31,14,54.8,1,2,3.2,6.5,51.8,4,39,11.43,3.6,3.17,1.32,1.17,6.5,34,3.5,0,30,41,73.2,3,2,19,2,95.3,13,144,48,3.0,77,5.14,3,2:58,2,3,35,6,61,0,2,20.0,58.3,11,1,9,1,10,2,20.0,0,0,,396,2,3,35,6,61,9,96,3,2,2,2,2,0,144,48,3.0,77,5.14,3,2:58,29,7,19,3,12,7,58.3,0,0,,1,1,1,0,0,0,0,0
43,CLE,2016-11-20,176,1,33,0,2,167,146,26:02,Sun,11,11,,PIT,L 9-24,21,41,20,51.2,1,1,2.4,2.4,67.7,8,70,16.33,4.3,3.59,3.68,3.08,8.4,28,5.2,1,23,36,63.9,0,0,0,0,74.7,13,209,62,3.37,64,4.89,2,3:04,0,9,52,8,70,1,3,26.7,41.7,17,2,11,4,15,4,26.7,5,5,100.0,313,0,9,52,8,70,17,122,2,1,1,3,3,0,209,62,3.37,64,4.89,2,3:04,24,9,12,3,12,5,41.7,1,1,100.0,1,1,0,1,1,0,0,0
44,CLE,2016-11-27,285,1,58,0,3,192,104,33:51,Sun,12,12,,NYG,L 13-27,25,44,19,56.8,1,0,2.3,0.0,87.5,7,37,13.73,6.5,5.59,6.93,5.98,11.4,27,3.9,0,15,27,55.6,3,1,2,0,115.0,21,343,72,4.76,55,5.38,3,3:10,1,5,35,9,100,2,0,21.4,30.8,21,4,14,3,14,3,21.4,2,1,50.0,296,1,5,35,9,100,14,135,4,4,3,0,0,0,343,72,4.76,55,5.38,3,3:10,13,3,10,0,13,4,30.8,0,0,,1,1,1,2,2,0,0,0
45,CLE,2016-12-11,85,0,169,1,1,147,213,25:07,Sun,13,14,,CIN,L 10-23,12,28,16,42.9,0,1,0.0,3.6,38.4,3,19,9.68,3.0,2.74,1.43,1.29,7.1,38,5.6,1,20,28,71.4,2,4,33,0,107.3,22,254,53,4.79,70,5.14,1,2:54,0,5,34,6,43,1,1,42.9,53.3,13,6,6,1,14,6,42.9,1,1,100.0,360,0,5,34,6,43,11,77,3,3,2,2,1,0,254,53,4.79,70,5.14,1,2:54,21,9,12,0,15,8,53.3,0,0,,1,1,1,1,1,0,0,0
46,CLE,2016-12-18,162,0,107,1,0,171,280,25:41,Sun,14,15,@,BUF,L 13-33,17,28,11,60.7,0,0,0.0,0.0,81.8,5,34,15.15,5.8,4.91,5.79,4.91,9.5,40,7.0,3,17,25,68.0,1,1,3,0,100.6,21,269,54,4.98,66,6.83,0,2:53,0,4,51,5,42,2,2,27.3,44.4,16,6,8,2,11,3,27.3,1,1,100.0,451,0,4,51,5,42,9,93,4,4,3,2,2,0,269,54,4.98,66,6.83,0,2:53,29,16,12,1,9,4,44.4,1,0,0.0,1,1,1,2,2,0,0,0
47,CLE,2016-12-24,127,0,124,2,0,322,34,32:29,Sat,15,16,,LAC,W 20-17,19,28,9,67.9,0,0,0.0,0.0,84.7,9,48,24.32,4.5,3.43,4.54,3.43,6.7,19,1.8,0,23,46,50.0,2,0,0,1,78.4,29,251,66,3.8,65,5.48,0,3:15,1,4,44,9,92,2,1,40.0,33.3,23,8,10,5,15,6,40.0,1,1,100.0,356,1,4,44,9,92,13,136,2,2,2,3,1,0,251,66,3.8,65,5.48,0,3:15,19,2,15,2,15,5,33.3,2,2,100.0,2,2,2,2,2,0,0,0
48,CLE,2017-01-01,206,2,231,1,4,243,69,38:54,Sun,16,17,@,PIT,L 24-27 (OT),29,40,11,72.5,2,1,5.0,2.5,92.9,4,26,9.09,5.2,4.68,5.03,4.57,7.1,28,2.5,1,24,37,64.9,3,4,34,1,99.3,33,437,77,5.68,69,4.52,4,3:26,1,5,37,9,43,1,0,53.3,21.4,27,12,13,2,15,8,53.3,0,0,,312,1,5,37,9,43,14,80,4,3,3,0,0,0,437,77,5.68,69,4.52,4,3:26,21,5,15,1,14,3,21.4,2,2,100.0,3,3,3,2,1,0,0,0
49,CLE,2017-09-10,180,1,57,1,1,255,35,31:10,Sun,1,1,,PIT,L 18-21,20,30,10,66.7,1,1,3.3,3.3,85.7,7,42,18.92,6.0,4.86,5.17,4.19,9.0,17,2.1,0,24,36,66.7,2,1,8,1,94.1,25,237,62,3.82,54,5.37,1,2:59,1,4,61,13,144,1,0,25.0,38.5,20,3,12,5,12,3,25.0,2,2,100.0,290,1,4,61,13,144,17,205,3,3,3,0,0,0,237,62,3.82,54,5.37,1,2:59,16,1,13,2,13,5,38.5,0,0,,2,1,1,1,1,1,1,0
50,CLE,2017-09-17,293,1,93,0,5,201,136,26:36,Sun,2,2,@,BAL,L 10-24,20,42,22,47.6,1,4,2.4,9.5,39.9,3,7,6.67,7.0,6.51,3.17,2.96,14.7,32,4.3,1,25,34,73.5,2,2,16,1,95.3,21,386,66,5.85,68,4.96,5,3:17,2,11,65,7,45,1,1,16.7,36.4,20,6,12,2,12,2,16.7,2,1,50.0,337,2,11,65,7,45,18,110,3,3,3,2,1,0,386,66,5.85,68,4.96,5,3:17,24,7,16,1,11,4,36.4,0,0,,1,1,1,1,1,0,0,0
51,CLE,2017-09-24,235,2,111,2,3,243,92,26:33,Sun,3,3,@,IND,L 28-31,22,47,25,46.8,2,3,4.3,6.4,50.1,1,7,2.08,5.0,4.9,2.98,2.92,10.7,36,2.6,3,17,24,70.8,1,3,16,0,117.2,21,346,69,5.01,63,5.32,3,3:18,1,10,113,11,99,0,1,38.5,47.1,25,7,13,5,13,5,38.5,0,0,,335,1,10,113,11,99,21,212,4,4,4,1,1,0,346,69,5.01,63,5.32,3,3:18,16,6,7,3,17,8,47.1,0,0,,4,4,4,0,0,0,0,0
52,CLE,2017-10-01,170,0,45,1,1,264,86,24:58,Sun,4,4,,CIN,L 7-31,21,42,21,50.0,0,1,0.0,2.4,52.0,2,13,4.55,4.0,3.86,2.98,2.84,8.1,30,2.9,0,25,30,83.3,4,3,22,0,142.9,17,215,61,3.52,63,5.56,1,2:56,1,4,28,8,66,0,1,31.3,54.5,16,3,9,4,16,5,31.3,2,1,50.0,350,1,4,28,8,66,12,94,4,4,4,1,1,0,215,61,3.52,63,5.56,1,2:56,25,8,15,2,11,6,54.5,0,0,,1,1,1,1,0,0,0,0
53,CLE,2017-10-08,279,2,140,0,3,178,34,34:26,Sun,5,5,,NYJ,L 14-17,24,36,12,66.7,2,2,5.6,5.6,85.5,1,2,2.7,7.8,7.54,6.36,6.19,11.6,18,1.9,0,23,30,76.7,2,3,16,1,99.0,33,419,70,5.99,51,4.16,3,2:57,1,6,60,9,80,0,1,42.9,33.3,22,9,9,4,14,6,42.9,2,1,50.0,212,1,6,60,9,80,15,140,2,2,2,1,1,0,419,70,5.99,51,4.16,3,2:57,14,1,12,1,12,4,33.3,0,0,,2,2,2,2,0,0,0,0
54,CLE,2017-10-15,113,1,134,0,3,217,123,30:56,Sun,6,6,@,HOU,L 17-33,20,37,17,54.1,1,3,2.7,8.1,38.1,4,27,9.76,3.1,2.76,-0.05,-0.05,5.7,33,3.7,0,17,29,58.6,3,1,8,1,102.2,22,247,63,3.92,63,5.4,3,2:59,1,11,72,4,44,1,1,21.4,38.5,16,7,7,2,14,3,21.4,0,0,,340,1,11,72,4,44,15,116,4,3,2,1,1,1,247,63,3.92,63,5.4,3,2:59,18,4,12,2,13,5,38.5,0,0,,2,2,2,1,1,0,0,0
55,CLE,2017-10-22,218,0,66,0,3,189,80,32:42,Sun,7,7,,TEN,L 9-12 (OT),22,39,17,56.4,0,3,0.0,7.7,42.1,2,17,4.88,5.6,5.32,2.13,2.02,9.9,32,2.5,0,21,34,61.8,0,2,14,0,76.7,26,284,67,4.24,68,3.96,3,3:14,1,12,81,5,35,3,4,23.1,29.4,19,2,15,2,13,3,23.1,2,1,50.0,269,1,12,81,5,35,17,116,0,0,0,5,4,0,284,67,4.24,68,3.96,3,3:14,16,5,8,3,17,5,29.4,1,0,0.0,0,0,0,3,3,0,0,0
56,CLE,2017-10-29,161,0,115,2,2,287,88,22:08,Sun,8,8,,MIN,L 16-33,18,34,16,52.9,0,0,0.0,0.0,68.1,3,18,8.11,4.7,4.35,4.74,4.35,8.9,34,2.6,1,27,43,62.8,2,1,1,1,88.0,22,276,59,4.68,78,4.81,2,3:08,1,5,74,5,58,1,4,30.8,37.5,16,5,9,2,13,4,30.8,1,0,0.0,375,1,5,74,5,58,10,132,3,2,1,4,4,0,276,59,4.68,78,4.81,2,3:08,26,5,16,5,16,6,37.5,0,0,,2,2,1,2,1,0,0,0
57,CLE,2017-11-12,212,1,201,2,2,241,104,34:34,Sun,9,10,@,DET,L 24-38,22,40,18,55.0,1,1,2.5,2.5,70.5,4,25,9.09,5.3,4.82,4.68,4.25,9.6,19,5.5,1,17,26,65.4,3,4,8,1,117.6,33,413,77,5.36,49,7.04,2,3:06,1,7,60,7,81,1,1,33.3,45.5,26,14,9,3,15,5,33.3,4,4,100.0,345,1,7,60,7,81,14,141,5,5,5,1,1,0,413,77,5.36,49,7.04,2,3:06,16,7,9,0,11,5,45.5,0,0,,3,3,3,1,1,0,0,0
58,CLE,2017-11-19,134,1,50,0,5,145,139,23:05,Sun,10,11,,JAX,L 7-19,16,32,16,50.0,1,2,3.1,6.3,51.4,5,45,13.51,4.2,3.62,2.0,1.73,8.4,44,3.2,0,17,30,56.7,1,2,9,0,80.6,18,184,55,3.35,76,3.74,5,3:10,1,0,0,6,40,0,2,23.1,30.0,11,2,9,0,13,3,23.1,1,0,0.0,284,1,0,0,6,40,6,40,2,1,1,3,2,0,184,55,3.35,76,3.74,5,3:10,15,7,8,0,20,6,30.0,1,1,100.0,1,1,1,0,0,0,0,0
59,CLE,2017-11-26,236,0,169,1,0,209,152,29:28,Sun,11,12,@,CIN,L 16-30,18,32,14,56.3,0,0,0.0,0.0,83.9,4,32,11.11,7.4,6.56,7.38,6.56,13.1,30,5.1,1,18,28,64.3,2,1,5,0,110.6,31,405,67,6.04,59,6.12,0,2:54,0,7,69,4,35,3,3,40.0,40.0,21,12,8,1,15,6,40.0,3,2,66.7,361,0,7,69,4,35,11,104,3,3,3,3,3,0,405,67,6.04,59,6.12,0,2:54,23,9,12,2,10,4,40.0,0,0,,1,1,1,4,3,0,0,0
60,CLE,2017-12-03,202,1,89,0,2,335,94,25:03,Sun,12,13,@,LAC,L 10-19,15,32,17,46.9,1,1,3.1,3.1,66.5,3,13,8.57,6.3,5.77,5.53,5.06,13.5,25,3.8,0,31,43,72.1,1,1,9,0,102.4,22,291,57,5.11,69,6.22,2,3:02,0,4,24,5,62,1,4,45.5,53.3,17,7,7,3,11,5,45.5,1,0,0.0,429,0,4,24,5,62,9,86,1,1,1,5,4,0,291,57,5.11,69,6.22,2,3:02,23,4,19,0,15,8,53.3,1,1,100.0,1,1,1,1,1,0,0,0
61,CLE,2017-12-10,209,3,136,0,2,256,85,28:38,Sun,13,14,,GNB,L 21-27 (OT),20,28,8,71.4,3,2,10.7,7.1,99.4,2,5,6.67,7.5,6.97,6.39,5.97,10.5,27,3.1,1,35,46,76.1,3,1,9,0,110.4,27,345,57,6.05,74,4.61,2,3:19,0,6,45,3,20,0,0,53.8,50.0,17,5,12,0,13,7,53.8,0,0,,341,0,6,45,3,20,9,65,4,3,3,0,0,0,345,57,6.05,74,4.61,2,3:19,24,7,14,3,16,8,50.0,3,2,66.7,3,3,3,0,0,0,0,0
62,CLE,2017-12-17,136,0,130,1,4,279,97,23:12,Sun,14,15,,BAL,L 10-27,20,37,17,54.1,0,2,0.0,5.4,41.0,2,10,5.13,3.7,3.49,1.24,1.18,6.8,31,3.1,1,26,42,61.9,1,1,9,0,89.3,19,266,58,4.59,74,5.08,4,3:06,0,6,35,7,57,1,2,35.7,43.8,15,5,8,2,14,5,35.7,1,0,0.0,376,0,6,35,7,57,13,92,3,3,3,2,2,0,266,58,4.59,74,5.08,4,3:06,23,10,12,1,16,7,43.8,1,0,0.0,1,1,1,1,1,0,0,0
63,CLE,2017-12-24,178,0,76,0,3,161,97,26:46,Sun,15,16,@,CHI,L 3-20,18,36,18,50.0,0,2,0.0,5.6,41.7,1,4,2.7,4.9,4.81,2.44,2.38,9.9,31,3.1,3,14,23,60.9,0,5,32,0,82.0,20,254,57,4.46,59,4.37,3,2:59,0,8,60,4,25,1,0,30.8,43.8,12,4,8,0,13,4,30.8,1,0,0.0,258,0,8,60,4,25,12,85,3,3,2,0,0,0,254,57,4.46,59,4.37,3,2:59,16,7,7,2,16,7,43.8,1,1,100.0,0,0,0,1,1,0,0,0
64,CLE,2017-12-31,272,2,102,1,2,224,124,30:55,Sun,16,17,@,PIT,L 24-28,16,30,14,53.3,2,1,6.7,3.3,98.5,6,42,16.67,9.1,7.56,8.9,7.42,17.0,28,4.4,2,23,27,85.2,1,3,15,1,98.1,27,374,63,5.94,58,6.0,2,3:05,2,9,77,3,15,1,0,46.7,30.0,17,6,10,1,15,7,46.7,1,0,0.0,348,2,9,77,3,15,12,92,4,4,4,0,0,0,374,63,5.94,58,6.0,2,3:05,20,7,9,4,10,3,30.0,2,0,0.0,3,3,3,1,1,0,0,0
65,CLE,2018-09-09,150,1,177,2,1,313,159,34:48,Sun,1,1,,PIT,T 21-21 (OT),15,40,25,37.5,1,1,2.5,2.5,51.8,7,47,14.89,3.8,3.19,3.13,2.66,10.0,35,4.5,2,23,41,56.1,1,4,22,3,58.3,38,327,85,3.85,80,5.9,1,3:54,6,11,87,12,116,0,0,27.8,46.7,22,10,6,6,18,5,27.8,1,0,0.0,472,6,11,87,12,116,23,203,3,3,3,1,0,0,327,85,3.85,80,5.9,1,3:54,25,7,17,1,15,7,46.7,0,0,,3,3,3,1,0,0,0,0
66,CLE,2018-09-16,234,1,93,1,1,213,62,27:19,Sun,2,2,@,NOR,L 18-21,22,30,8,73.3,1,1,3.3,3.3,94.6,3,12,9.09,7.8,7.09,6.97,6.33,10.6,23,2.7,0,28,35,80.0,2,3,30,0,111.1,27,327,60,5.45,61,4.51,1,2:55,2,4,43,4,53,2,2,33.3,25.0,16,4,10,2,12,4,33.3,2,1,50.0,275,2,4,43,4,53,8,96,2,1,1,3,2,0,327,60,5.45,61,4.51,1,2:55,18,4,11,3,12,3,25.0,0,0,,2,2,0,4,2,0,0,0
67,CLE,2018-09-20,190,0,133,2,0,161,107,30:52,Thu,3,3,,NYJ,W 21-17,21,37,16,56.8,0,0,0.0,0.0,74.2,4,30,9.76,5.1,4.63,5.14,4.63,9.0,30,3.6,2,15,31,48.4,0,2,8,2,37.2,33,323,74,4.36,63,4.25,0,3:13,3,5,41,6,55,2,1,38.9,40.0,20,9,10,1,18,7,38.9,0,0,,268,3,5,41,6,55,11,96,2,2,2,1,1,0,323,74,4.36,63,4.25,0,3:13,14,5,9,0,15,6,40.0,1,1,100.0,2,1,1,2,2,1,1,0
68,CLE,2018-09-30,279,2,208,3,4,426,139,31:23,Sun,4,4,@,LVR,L 42-45 (OT),21,41,20,51.2,2,2,4.9,4.9,70.7,2,16,4.65,6.8,6.49,5.59,5.33,13.3,29,4.8,0,35,58,60.3,4,3,11,2,91.6,31,487,74,6.58,90,6.28,4,4:04,2,8,55,6,65,2,3,33.3,31.3,21,6,13,2,15,5,33.3,1,1,100.0,565,2,8,55,6,65,14,120,5,4,4,5,3,0,487,74,6.58,90,6.28,4,4:04,27,6,20,1,16,5,31.3,1,0,0.0,5,2,2,2,2,3,2,0
69,CLE,2018-10-07,304,1,112,0,1,294,116,36:16,Sun,5,5,,BAL,W 12-9 (OT),25,43,18,58.1,1,1,2.3,2.3,81.7,5,38,10.42,7.1,6.33,6.49,5.81,12.2,25,4.6,0,29,57,50.9,0,2,4,1,58.7,28,416,76,5.47,84,4.88,1,3:36,2,10,66,4,41,2,3,31.6,25.0,20,6,13,1,19,6,31.6,1,0,0.0,410,2,10,66,4,41,14,107,0,0,0,4,3,0,416,76,5.47,84,4.88,1,3:36,25,10,14,1,16,4,25.0,1,1,100.0,1,1,0,3,2,0,0,0
70,CLE,2018-10-14,214,1,103,0,2,203,246,28:23,Sun,6,6,,LAC,L 14-38,22,46,24,47.8,1,2,2.2,4.3,52.6,5,24,9.8,4.7,4.2,3.13,2.82,9.7,36,6.8,3,12,21,57.1,2,1,12,1,101.9,21,317,72,4.4,58,7.74,2,3:07,1,6,53,10,72,2,1,37.5,11.1,18,4,13,1,16,6,37.5,3,1,33.3,449,1,6,53,10,72,16,125,5,5,5,1,1,0,317,72,4.4,58,7.74,2,3:07,24,15,7,2,9,1,11.1,0,0,,1,0,0,2,2,1,1,0
71,CLE,2018-10-21,186,2,119,1,1,342,114,30:27,Sun,7,7,@,TAM,L 23-26 (OT),23,34,11,67.6,2,0,5.9,0.0,104.4,5,29,12.82,5.5,4.77,6.65,5.79,8.1,32,3.6,3,32,52,61.5,0,4,23,2,64.7,23,305,62,4.92,88,5.18,1,3:40,4,14,114,8,65,0,2,21.4,46.2,17,7,8,2,14,3,21.4,2,0,0.0,456,4,14,114,8,65,22,179,3,3,2,3,2,0,305,62,4.92,88,5.18,1,3:40,34,8,20,6,13,6,46.2,1,1,100.0,3,3,3,0,0,0,0,1
72,CLE,2018-10-28,163,2,74,0,1,253,168,27:48,Sun,8,8,@,PIT,L 18-33,22,36,14,61.1,2,1,5.6,2.8,80.8,2,17,5.26,4.5,4.29,4.39,4.16,7.4,31,5.4,2,24,36,66.7,2,1,4,1,93.9,21,237,59,4.02,68,6.19,1,3:04,2,7,52,8,60,2,1,23.1,46.2,17,5,9,3,13,3,23.1,1,1,100.0,421,2,7,52,8,60,15,112,4,4,4,1,1,1,237,59,4.02,68,6.19,1,3:04,25,10,14,1,13,6,46.2,1,1,100.0,2,1,0,3,2,1,0,0
73,CLE,2018-11-04,286,2,102,1,1,360,139,30:51,Sun,9,9,,KAN,L 21-37,30,43,13,69.8,2,1,4.7,2.3,95.9,2,22,4.44,6.7,6.36,6.53,6.24,9.5,24,5.8,2,23,32,71.9,3,2,15,1,127.1,25,388,70,5.54,58,8.6,1,3:06,1,4,20,11,86,1,1,38.5,60.0,26,6,17,3,13,5,38.5,3,2,66.7,499,1,4,20,11,86,15,106,5,5,4,1,1,0,388,70,5.54,58,8.6,1,3:06,27,10,15,2,10,6,60.0,0,0,,3,0,0,1,1,3,0,0
74,CLE,2018-11-11,216,3,211,1,1,311,71,28:37,Sun,10,10,,ATL,W 28-16,17,21,4,81.0,3,1,14.3,4.8,129.3,0,0,0.0,10.3,10.29,11.0,11.0,12.7,19,3.7,0,38,52,73.1,2,2,19,0,100.7,29,427,50,8.54,73,5.23,1,2:49,2,7,38,1,5,0,1,50.0,35.7,19,6,13,0,8,4,50.0,0,0,,382,2,7,38,1,5,8,43,2,1,1,1,1,0,427,50,8.54,73,5.23,1,2:49,25,5,19,1,14,5,35.7,4,2,50.0,4,4,4,0,0,0,0,0
75,CLE,2018-11-25,258,4,84,1,0,243,129,32:04,Sun,11,12,@,CIN,W 35-20,19,26,7,73.1,4,0,15.4,0.0,143.9,0,0,0.0,9.9,9.92,13.0,13.0,13.6,20,6.5,1,27,46,58.7,2,1,12,1,78.4,35,342,61,5.61,67,5.55,0,3:18,2,7,61,13,96,0,0,50.0,33.3,24,7,14,3,10,5,50.0,1,1,100.0,372,2,7,61,13,96,20,157,3,3,2,1,0,0,342,61,5.61,67,5.55,0,3:18,25,7,14,4,12,4,33.3,4,2,50.0,5,5,5,0,0,0,0,0
76,CLE,2018-12-02,397,1,31,1,4,197,187,22:25,Sun,12,13,@,HOU,L 13-29,29,43,14,67.4,1,3,2.3,7.0,75.4,0,0,0.0,9.2,9.23,6.56,6.56,13.7,39,4.8,0,22,31,71.0,1,4,27,0,98.5,9,428,52,8.23,74,5.19,4,3:02,0,6,45,5,77,0,5,25.0,50.0,20,3,15,2,8,2,25.0,2,0,0.0,384,0,6,45,5,77,11,122,2,2,2,5,5,0,428,52,8.23,74,5.19,4,3:02,25,11,12,2,16,8,50.0,0,0,,2,1,1,0,0,1,0,0
77,CLE,2018-12-09,232,1,116,2,2,297,96,26:10,Sun,13,14,,CAR,W 26-20,18,23,5,78.3,1,0,4.3,0.0,124.3,1,6,4.17,10.1,9.67,10.96,10.5,12.9,25,3.8,2,27,43,62.8,0,1,1,1,73.5,21,348,45,7.73,69,5.7,2,3:10,1,7,52,10,68,2,2,44.4,35.7,12,6,5,1,9,4,44.4,0,0,,393,1,7,52,10,68,17,120,2,2,2,2,2,0,348,45,7.73,69,5.7,2,3:10,22,6,14,2,14,5,35.7,3,2,66.7,3,3,2,2,2,0,0,0
78,CLE,2018-12-15,175,2,134,0,2,238,32,27:18,Sat,14,15,@,DEN,W 17-16,18,31,13,58.1,2,1,6.5,3.2,83.8,2,13,6.06,5.6,5.3,5.48,5.15,9.7,20,1.6,1,31,48,64.6,0,2,19,2,59.2,28,309,61,5.07,70,3.86,2,3:06,2,6,75,8,51,1,3,41.7,35.7,21,5,13,3,12,5,41.7,2,1,50.0,270,2,6,75,8,51,14,126,1,1,1,3,3,0,309,61,5.07,70,3.86,2,3:06,22,3,17,2,14,5,35.7,2,1,50.0,2,2,2,1,1,0,0,0
79,CLE,2018-12-23,347,3,146,0,0,107,102,35:31,Sun,15,16,,CIN,W 26-18,28,38,10,73.7,3,0,7.9,0.0,127.9,0,0,0.0,9.1,9.13,10.71,10.71,12.4,24,4.3,0,13,19,68.4,2,3,26,0,117.7,28,493,66,7.47,46,4.54,0,2:45,0,6,57,3,15,2,1,41.7,12.5,23,8,14,1,12,5,41.7,1,1,100.0,209,0,6,57,3,15,9,72,2,1,1,1,1,0,493,66,7.47,46,4.54,0,2:45,15,7,7,1,8,1,12.5,1,1,100.0,3,3,2,2,2,0,0,0
80,CLE,2018-12-30,376,3,50,0,3,167,296,21:30,Sun,16,17,@,BAL,L 24-26,23,42,19,54.8,3,3,7.1,7.1,79.1,0,0,0.0,9.0,8.95,7.17,7.17,16.3,47,6.3,2,14,24,58.3,0,2,12,0,79.7,14,426,56,7.61,73,6.34,3,3:15,1,4,35,10,65,1,4,36.4,23.1,18,1,16,1,11,4,36.4,1,0,0.0,463,1,4,35,10,65,14,100,2,2,2,4,4,0,426,56,7.61,73,6.34,3,3:15,24,16,6,2,13,3,23.1,1,1,100.0,3,3,3,2,1,0,0,0
81,CLE,2019-09-08,244,1,102,1,3,216,123,30:42,Sun,1,1,,TEN,L 13-43,25,38,13,65.8,1,3,2.6,7.9,64.0,5,41,11.63,6.4,5.67,3.39,3.0,9.8,28,4.4,1,14,24,58.3,3,4,32,0,127.8,20,346,63,5.49,56,6.05,3,3:12,0,18,182,6,54,0,2,10.0,20.0,19,4,13,2,10,1,10.0,2,0,0.0,339,0,18,182,6,54,24,236,5,5,5,2,2,1,346,63,5.49,56,6.05,3,3:12,21,6,9,6,10,2,20.0,0,0,,2,2,1,0,0,0,0,0
82,CLE,2019-09-16,305,1,70,1,1,169,93,29:41,Mon,2,2,@,NYJ,W 23-3,19,35,16,54.3,1,1,2.9,2.9,83.6,3,20,7.89,8.7,8.03,8.0,7.37,16.1,24,3.9,0,23,31,74.2,0,4,32,0,86.6,21,375,59,6.36,59,4.44,1,3:02,1,9,85,12,89,3,1,30.8,14.3,16,3,10,3,13,4,30.8,0,0,,262,1,9,85,12,89,21,174,0,0,0,1,1,0,375,59,6.36,59,4.44,1,3:02,13,4,6,3,14,2,14.3,2,0,0.0,2,2,2,3,3,0,0,0
83,CLE,2019-09-22,175,1,95,0,1,254,90,31:37,Sun,3,3,,LAR,L 13-20,18,36,18,50.0,1,1,2.8,2.8,64.0,3,20,7.69,4.9,4.49,4.17,3.85,9.7,24,3.8,0,24,38,63.2,2,2,14,2,78.2,24,270,63,4.29,64,5.38,1,3:04,3,8,60,7,49,2,2,37.5,42.9,18,4,11,3,16,6,37.5,2,0,0.0,344,3,8,60,7,49,15,109,2,2,2,3,2,0,270,63,4.29,64,5.38,1,3:04,20,3,16,1,14,6,42.9,0,0,,1,1,1,2,2,0,0,0
84,CLE,2019-09-29,337,1,193,4,1,222,173,30:17,Sun,4,4,@,BAL,W 40-25,20,31,11,64.5,1,1,3.2,3.2,99.1,1,5,3.13,10.9,10.53,10.06,9.75,16.9,29,6.0,0,24,34,70.6,3,4,25,2,93.0,29,530,61,8.69,67,5.9,1,3:08,3,6,41,3,15,2,1,46.2,40.0,22,8,12,2,13,6,46.2,1,1,100.0,395,3,6,41,3,15,9,56,3,2,2,1,1,0,530,61,8.69,67,5.9,1,3:08,24,11,12,1,10,4,40.0,2,1,50.0,5,4,4,2,2,1,0,0
85,CLE,2019-10-07,78,0,102,0,4,171,275,22:17,Mon,5,5,@,SFO,L 3-31,9,24,15,37.5,0,2,0.0,8.3,19.4,4,42,14.29,3.3,2.79,-0.5,-0.43,8.7,40,6.9,2,20,29,69.0,2,2,10,0,107.1,18,180,46,3.91,71,6.28,4,2:57,0,7,55,4,34,1,1,9.1,37.5,9,3,6,0,11,1,9.1,0,0,,446,0,7,55,4,34,11,89,4,4,4,4,1,0,180,46,3.91,71,6.28,4,2:57,22,10,11,1,16,6,37.5,1,1,100.0,0,0,0,1,1,0,0,0
86,CLE,2019-10-13,249,1,157,3,4,284,170,26:19,Sun,6,6,,SEA,L 28-32,22,37,15,59.5,1,3,2.7,8.1,54.9,0,0,0.0,6.7,6.73,3.62,3.62,11.3,38,4.5,2,23,33,69.7,2,3,11,0,116.2,24,406,61,6.66,74,6.14,4,3:31,1,9,83,10,65,0,2,37.5,46.2,21,7,12,2,8,3,37.5,3,2,66.7,454,1,9,83,10,65,19,148,4,3,2,2,2,0,406,61,6.66,74,6.14,4,3:31,29,8,17,4,13,6,46.2,0,0,,4,3,2,0,0,1,1,0
87,CLE,2019-10-27,151,1,159,0,3,239,79,27:45,Sun,7,8,@,NWE,L 13-27,20,31,11,64.5,1,1,3.2,3.2,79.2,5,43,13.89,4.9,4.19,4.06,3.5,7.6,27,2.9,0,20,36,55.6,2,3,20,0,94.6,22,310,58,5.34,66,4.82,3,3:11,0,13,85,4,32,2,2,25.0,31.3,15,5,9,1,12,3,25.0,1,0,0.0,318,0,13,85,4,32,17,117,3,3,3,4,2,0,310,58,5.34,66,4.82,3,3:11,19,5,11,3,16,5,31.3,2,2,100.0,1,1,1,2,2,0,0,0
88,CLE,2019-11-03,261,1,90,0,0,175,127,35:30,Sun,8,9,@,DEN,L 19-24,27,42,15,64.3,1,0,2.4,0.0,90.7,2,12,4.55,6.2,5.93,6.69,6.39,9.7,20,6.4,1,12,20,60.0,2,3,18,0,121.9,29,351,73,4.81,43,7.02,0,3:08,1,5,40,7,55,4,1,40.0,33.3,21,5,13,3,15,6,40.0,2,0,0.0,302,1,5,40,7,55,12,95,3,3,3,1,1,0,351,73,4.81,43,7.02,0,3:08,13,5,6,2,9,3,33.3,0,0,,1,1,1,4,4,0,0,0
89,CLE,2019-11-10,221,2,147,0,0,260,84,31:46,Sun,9,10,,BUF,W 19-16,26,38,12,68.4,2,0,5.3,0.0,102.7,2,17,5.0,5.8,5.53,6.87,6.53,8.5,20,4.2,2,22,41,53.7,0,1,6,0,73.2,26,368,66,5.58,62,5.55,0,3:14,0,4,70,7,40,2,0,36.4,38.5,24,7,15,2,11,4,36.4,2,1,50.0,344,0,4,70,7,40,11,110,2,2,2,2,0,1,368,66,5.58,62,5.55,0,3:14,20,6,12,2,13,5,38.5,2,0,0.0,2,2,1,2,2,0,0,0
90,CLE,2019-11-14,189,2,104,1,0,178,58,33:58,Thu,10,11,,PIT,W 21-7,17,32,15,53.1,2,0,6.3,0.0,92.3,1,4,3.03,5.9,5.73,7.16,6.94,11.1,16,3.6,0,23,44,52.3,1,4,43,4,32.2,35,293,68,4.31,64,3.69,0,3:26,4,8,121,6,41,0,0,37.5,18.2,17,6,10,1,16,6,37.5,0,0,,236,4,8,121,6,41,14,162,1,1,1,1,0,0,293,68,4.31,64,3.69,0,3:26,18,3,10,5,11,2,18.2,3,0,0.0,3,3,3,2,0,0,0,0
91,CLE,2019-11-24,320,3,147,2,1,192,92,36:06,Sun,11,12,,MIA,W 41-24,24,34,10,70.6,3,1,8.8,2.9,118.1,1,7,2.86,9.4,9.14,9.85,9.57,13.3,20,4.6,1,21,39,53.8,2,4,22,2,63.2,32,467,67,6.97,63,4.51,1,3:09,2,7,70,8,94,2,1,50.0,42.9,30,9,15,6,8,4,50.0,0,0,,284,2,7,70,8,94,15,164,3,3,3,1,1,0,467,67,6.97,63,4.51,1,3:09,22,5,14,3,14,6,42.9,1,0,0.0,5,5,5,3,2,0,0,0
92,CLE,2019-12-01,173,1,106,0,2,199,124,32:06,Sun,12,13,@,PIT,L 13-20,18,34,16,52.9,1,1,2.9,2.9,67.8,5,23,12.82,5.1,4.44,4.35,3.79,9.6,32,3.9,1,14,21,66.7,1,1,13,1,93.2,24,279,63,4.43,54,5.98,2,3:10,1,5,34,10,65,2,2,33.3,40.0,19,9,9,1,12,4,33.3,2,1,50.0,323,1,5,34,10,65,15,99,2,2,2,2,2,0,279,63,4.43,54,5.98,2,3:10,18,7,10,1,10,4,40.0,0,0,,1,1,1,2,2,0,0,0
93,CLE,2019-12-08,187,0,146,2,2,272,179,25:29,Sun,13,14,,CIN,W 27-19,11,24,13,45.8,0,2,0.0,8.3,38.9,1,5,4.0,7.8,7.48,4.04,3.88,17.0,31,5.8,1,23,39,59.0,0,2,16,1,69.6,27,333,52,6.4,72,6.26,2,3:15,1,6,30,8,99,2,4,58.3,25.0,17,7,9,1,12,7,58.3,0,0,,451,1,6,30,8,99,14,129,1,1,1,4,4,0,333,52,6.4,72,6.26,2,3:15,27,12,14,1,12,3,25.0,2,1,50.0,3,3,3,2,2,0,0,0
94,CLE,2019-12-15,241,2,152,1,2,219,226,30:49,Sun,14,15,@,ARI,L 24-38,30,43,13,69.8,2,1,4.7,2.3,90.0,1,6,2.27,5.6,5.48,5.49,5.36,8.0,35,6.5,4,19,25,76.0,1,0,0,1,98.6,23,393,67,5.87,60,7.42,2,3:00,1,6,55,5,34,1,1,64.3,50.0,25,8,15,2,14,9,64.3,1,1,100.0,445,1,6,55,5,34,11,89,5,5,5,1,1,0,393,67,5.87,60,7.42,2,3:00,26,14,11,1,8,4,50.0,1,1,100.0,3,3,3,2,1,0,0,0
95,CLE,2019-12-22,184,2,57,0,1,238,243,25:41,Sun,15,16,,BAL,L 15-31,20,33,13,60.6,2,1,6.1,3.0,84.4,1,8,2.94,5.6,5.41,5.42,5.26,9.2,40,6.1,1,20,31,64.5,3,0,0,0,120.1,19,241,53,4.55,71,6.77,1,3:05,1,7,62,7,50,1,1,25.0,63.6,17,2,10,5,12,3,25.0,0,0,,481,1,7,62,7,50,14,112,4,4,4,1,1,0,241,53,4.55,71,6.77,1,3:05,31,16,13,2,11,7,63.6,1,0,0.0,2,1,0,1,1,1,0,0
96,CLE,2019-12-29,239,3,74,0,3,182,179,25:19,Sun,16,17,@,CIN,L 23-33,12,27,15,44.4,3,3,11.1,11.1,79.6,6,40,18.18,8.9,7.24,6.07,4.97,19.9,39,4.6,3,16,28,57.1,1,1,8,1,73.8,20,313,53,5.91,68,5.31,3,3:00,1,4,33,3,20,1,2,30.8,64.3,15,3,11,1,13,4,30.8,1,1,100.0,361,1,4,33,3,20,7,53,4,4,3,2,2,0,313,53,5.91,68,5.31,3,3:00,22,9,12,1,14,9,64.3,0,0,,3,3,2,1,1,0,0,0
97,CLE,2020-09-13,168,1,138,0,3,270,111,30:02,Sun,1,1,@,BAL,L 6-38,21,39,18,53.8,1,1,2.6,2.6,65.0,2,21,4.88,4.3,4.1,3.67,3.49,8.0,30,3.7,2,21,26,80.8,3,2,14,0,148.4,27,306,68,4.5,58,6.57,3,3:01,1,8,80,7,66,0,1,25.0,54.5,20,6,10,4,12,3,25.0,3,0,0.0,381,1,8,80,7,66,15,146,5,5,5,1,1,0,306,68,4.5,58,6.57,3,3:01,23,7,16,0,11,6,54.5,0,0,,1,1,0,1,0,0,0,0
98,CLE,2020-09-17,219,2,215,3,1,285,68,26:21,Thu,2,2,,CIN,W 35-30,16,23,7,69.6,2,1,8.7,4.3,110.6,0,0,0.0,9.5,9.52,9.3,9.3,13.7,24,2.8,0,37,61,60.7,3,3,31,0,88.5,35,434,58,7.48,88,4.01,1,3:21,1,8,76,4,45,0,3,62.5,44.4,23,14,9,0,8,5,62.5,2,1,50.0,353,1,8,76,4,45,12,121,3,3,3,3,3,0,434,58,7.48,88,4.01,1,3:21,30,7,20,3,18,8,44.4,5,5,100.0,5,5,5,0,0,0,0,0
99,CLE,2020-09-27,142,2,158,2,0,206,103,33:37,Sun,3,3,,WAS,W 34-20,16,23,7,69.6,2,0,8.7,0.0,117.3,2,14,8.0,6.2,5.68,7.91,7.28,8.9,22,4.7,1,21,37,56.8,2,3,18,3,56.8,37,300,62,4.84,62,4.98,0,2:52,5,6,50,4,40,2,0,35.7,45.5,19,6,12,1,14,5,35.7,1,1,100.0,309,5,6,50,4,40,10,90,3,3,2,0,0,0,300,62,4.84,62,4.98,0,2:52,19,6,12,1,11,5,45.5,1,1,100.0,4,4,4,2,2,0,0,0
100,CLE,2020-10-04,201,3,307,3,0,481,85,33:32,Sun,4,4,@,DAL,W 49-38,20,31,11,64.5,3,0,9.7,0.0,115.3,2,1,6.06,6.5,6.09,8.42,7.91,10.1,18,4.7,1,41,58,70.7,4,3,21,1,111.4,40,508,73,6.96,79,7.16,0,3:20,3,5,40,6,65,2,0,45.5,54.5,33,16,14,3,11,5,45.5,0,0,,566,3,5,40,6,65,11,105,5,2,2,0,0,0,508,73,6.96,79,7.16,0,3:20,35,6,29,0,11,6,54.5,2,1,50.0,6,5,5,2,2,1,1,0
101,CLE,2020-10-11,261,2,124,0,2,240,68,34:45,Sun,5,5,,IND,W 32-23,22,38,16,57.9,2,2,5.3,5.3,75.0,1,4,2.56,6.9,6.69,5.55,5.41,11.9,18,3.8,1,21,33,63.6,0,1,3,2,60.2,33,385,72,5.35,52,5.92,2,3:05,2,2,10,5,34,3,3,58.8,36.4,22,7,15,0,17,10,58.8,1,1,100.0,308,2,2,10,5,34,7,44,2,2,2,3,3,0,385,72,5.35,52,5.92,2,3:05,15,4,10,1,11,4,36.4,1,1,100.0,3,3,3,3,3,0,0,1
102,CLE,2020-10-18,145,1,75,0,2,148,129,25:54,Sun,6,6,@,PIT,L 7-38,15,28,13,53.6,1,2,3.6,7.1,53.4,4,20,12.5,5.2,4.53,2.68,2.34,9.7,37,3.5,3,15,23,65.2,1,2,20,0,97.7,22,220,54,4.07,62,4.47,2,2:58,0,7,55,6,45,0,1,8.3,35.7,12,2,8,2,12,1,8.3,3,0,0.0,277,0,7,55,6,45,13,100,5,5,5,1,1,0,220,54,4.07,62,4.47,2,2:58,18,12,5,1,14,5,35.7,2,2,100.0,1,1,1,0,0,0,0,0
103,CLE,2020-10-25,316,5,82,0,1,387,81,27:03,Sun,7,7,@,CIN,W 37-34,23,29,6,79.3,5,1,17.2,3.4,137.3,0,0,0.0,10.9,10.9,12.79,12.79,13.7,21,3.9,1,36,48,75.0,3,4,35,1,110.3,22,398,51,7.8,73,6.41,1,3:12,2,5,40,7,45,1,2,71.4,66.7,23,5,16,2,7,5,71.4,0,0,,468,2,5,40,7,45,12,85,4,4,4,2,2,0,398,51,7.8,73,6.41,1,3:12,31,5,24,2,9,6,66.7,1,1,100.0,5,5,4,1,1,0,0,0
104,CLE,2020-11-01,122,0,101,0,1,100,209,22:17,Sun,8,8,,LVR,L 6-16,12,25,13,48.0,0,0,0.0,0.0,62.4,0,0,0.0,4.9,4.88,4.88,4.88,10.2,45,4.6,0,15,24,62.5,1,2,11,0,85.4,22,223,47,4.74,71,4.35,1,2:51,0,7,59,5,25,2,3,30.0,57.1,14,8,5,1,10,3,30.0,2,2,100.0,309,0,7,59,5,25,12,84,1,1,1,4,3,0,223,47,4.74,71,4.35,1,2:51,24,15,7,2,14,8,57.1,2,2,100.0,0,0,0,3,2,0,0,0
105,CLE,2020-11-15,125,0,231,1,0,153,90,33:20,Sun,9,10,,HOU,W 10-7,12,20,8,60.0,0,0,0.0,0.0,79.6,1,7,4.76,6.3,5.95,6.25,5.95,10.4,22,4.1,0,20,30,66.7,1,2,10,0,90.0,41,356,62,5.74,54,4.5,0,2:35,0,6,63,6,49,1,0,50.0,50.0,20,13,5,2,12,6,50.0,1,0,0.0,243,0,6,63,6,49,12,112,1,1,1,1,0,0,356,62,5.74,54,4.5,0,2:35,16,8,7,1,14,7,50.0,1,0,0.0,1,1,1,1,1,0,0,0
106,CLE,2020-11-22,187,0,137,1,1,209,106,31:44,Sun,10,11,,PHI,W 22-17,12,22,10,54.5,0,0,0.0,0.0,86.2,3,17,12.0,8.5,7.48,8.5,7.48,15.6,25,4.2,0,21,35,60.0,2,5,26,2,72.2,40,324,65,4.98,65,4.85,1,3:16,3,3,53,5,33,2,1,28.6,16.7,17,7,9,1,14,4,28.6,2,0,0.0,315,3,3,53,5,33,8,86,2,2,2,1,1,0,324,65,4.98,65,4.85,1,3:16,19,6,11,2,12,2,16.7,2,2,100.0,2,2,2,3,2,0,0,1
107,CLE,2020-11-29,252,2,207,1,1,235,140,32:41,Sun,11,12,@,JAX,W 27-25,19,29,10,65.5,2,0,6.9,0.0,116.7,2,6,6.45,8.7,8.13,10.07,9.42,13.3,25,5.6,1,20,35,57.1,2,0,0,0,96.7,33,459,64,7.17,60,6.25,1,3:12,0,6,47,5,24,2,2,45.5,38.5,25,10,15,0,11,5,45.5,2,1,50.0,375,0,6,47,5,24,11,71,3,1,1,3,2,0,459,64,7.17,60,6.25,1,3:12,22,8,12,2,13,5,38.5,1,1,100.0,3,3,3,2,2,0,0,0
108,CLE,2020-12-06,340,4,118,1,1,369,62,36:46,Sun,12,13,@,TEN,W 41-35,26,34,8,76.5,4,0,11.8,0.0,146.7,0,0,0.0,10.0,10.0,12.35,12.35,13.1,18,3.4,1,29,45,64.4,3,3,20,1,102.9,36,458,70,6.54,66,6.53,1,3:23,3,13,92,5,52,2,0,62.5,20.0,26,5,18,3,16,10,62.5,1,0,0.0,431,3,13,92,5,52,18,144,5,3,3,0,0,0,458,70,6.54,66,6.53,1,3:23,25,4,18,3,10,2,20.0,4,3,75.0,5,5,5,2,2,0,0,0
109,CLE,2020-12-14,355,2,138,4,1,154,231,31:57,Mon,13,14,,BAL,L 42-47,29,48,19,60.4,2,1,4.2,2.1,88.5,0,0,0.0,7.4,7.4,7.29,7.29,12.2,32,7.2,5,12,21,57.1,1,4,22,0,96.1,28,493,76,6.49,57,6.75,1,3:27,0,8,75,8,69,0,1,41.7,54.5,33,10,18,5,12,5,41.7,2,2,100.0,385,0,8,75,8,69,16,144,6,5,4,1,1,1,493,76,6.49,57,6.75,1,3:27,25,13,9,3,11,6,54.5,1,1,100.0,6,5,4,1,0,1,1,0
110,CLE,2020-12-20,286,2,106,1,0,214,74,34:03,Sun,14,15,@,NYG,W 20-6,27,32,5,84.4,2,0,6.3,0.0,126.2,1,11,3.03,8.9,8.67,10.19,9.88,10.6,21,3.5,0,19,32,59.4,0,1,7,0,79.4,30,392,63,6.22,54,5.33,0,2:47,0,6,60,2,25,0,2,69.2,45.5,24,8,16,0,13,9,69.2,1,0,0.0,288,0,6,60,2,25,8,85,0,0,0,2,2,0,392,63,6.22,54,5.33,0,2:47,14,4,10,0,11,5,45.5,2,0,0.0,3,3,2,0,0,0,0,0
111,CLE,2020-12-27,254,0,45,2,2,202,131,28:12,Sun,15,16,@,NYJ,L 16-23,28,53,25,52.8,0,0,0.0,0.0,68.5,4,31,7.02,4.8,4.46,4.79,4.46,9.1,34,3.9,0,17,33,51.5,3,2,16,0,100.8,18,299,75,3.99,69,4.83,2,3:17,0,6,51,7,58,1,1,40.0,38.9,23,8,12,3,15,6,40.0,1,0,0.0,333,0,6,51,7,58,13,109,3,3,2,2,1,0,299,75,3.99,69,4.83,2,3:17,18,6,11,1,18,7,38.9,0,0,,2,2,1,2,1,0,0,0
112,CLE,2021-01-03,166,1,192,2,0,309,85,32:10,Sun,16,17,,PIT,W 24-22,17,27,10,63.0,1,0,3.7,0.0,97.1,4,30,12.9,6.1,5.35,6.89,6.0,9.8,20,4.3,0,26,44,59.1,2,1,8,1,86.3,31,358,62,5.77,65,6.06,0,3:02,1,4,19,2,15,1,3,50.0,47.1,21,8,13,0,12,6,50.0,2,0,0.0,394,1,4,19,2,15,6,34,2,1,1,3,3,0,358,62,5.77,65,6.06,0,3:02,18,5,13,0,17,8,47.1,2,2,100.0,3,3,3,1,1,0,0,0
113,CLE,2021-09-12,304,0,153,4,2,324,73,27:13,Sun,1,1,@,KAN,L 29-33,21,28,7,75.0,0,1,0.0,3.6,97.5,2,17,6.67,10.9,10.13,9.25,8.63,14.5,23,3.2,1,27,36,75.0,3,2,13,0,129.9,26,457,56,8.16,61,6.51,2,3:02,0,5,30,5,36,0,2,28.6,69.2,24,9,14,1,7,2,28.6,4,3,75.0,397,0,5,30,5,36,10,66,4,3,3,2,2,0,457,56,8.16,61,6.51,2,3:02,21,4,17,0,13,9,69.2,0,0,,4,3,3,0,0,1,1,0
114,CLE,2021-09-19,199,1,156,3,2,220,82,35:05,Sun,2,2,,HOU,W 31-21,19,21,2,90.5,1,1,4.8,4.8,105.0,2,14,8.7,9.5,8.65,8.29,7.57,10.5,28,2.9,1,18,29,62.1,2,1,7,1,94.0,34,355,57,6.23,58,5.21,2,3:01,2,5,62,9,78,1,0,44.4,57.1,22,11,10,1,9,4,44.4,0,0,,302,2,5,62,9,78,14,140,3,3,3,1,0,0,355,57,6.23,58,5.21,2,3:01,17,5,10,2,14,8,57.1,0,0,,4,4,4,1,1,0,0,0
115,CLE,2021-09-26,203,1,215,1,0,1,46,39:34,Sun,3,3,,CHI,W 26-6,19,31,12,61.3,1,0,3.2,0.0,97.0,5,43,13.89,6.5,5.64,7.19,6.19,10.7,13,3.5,0,6,20,30.0,0,9,67,0,39.6,42,418,78,5.36,42,1.12,0,3:01,0,7,98,5,49,4,2,47.1,9.1,26,11,13,2,17,8,47.1,3,1,33.3,47,0,7,98,5,49,12,147,0,0,0,2,2,0,418,78,5.36,42,1.12,0,3:01,6,2,2,2,11,1,9.1,1,0,0.0,2,2,2,4,4,0,0,0
116,CLE,2021-10-03,143,0,184,1,0,190,65,35:32,Sun,4,4,@,MIN,W 14-7,15,33,18,45.5,0,0,0.0,0.0,59.5,3,12,8.33,4.3,3.97,4.33,3.97,9.5,23,2.8,0,20,38,52.6,1,2,13,1,64.6,38,327,74,4.42,63,4.05,0,3:10,1,7,73,7,42,2,0,38.9,31.3,20,10,9,1,18,7,38.9,1,0,0.0,255,1,7,73,7,42,14,115,1,1,1,0,0,0,327,74,4.42,63,4.05,0,3:10,16,4,10,2,16,5,31.3,3,1,33.3,1,0,0,2,2,1,1,0
117,CLE,2021-10-10,301,2,230,3,0,381,112,36:28,Sun,5,5,@,LAC,L 42-47,23,32,9,71.9,2,0,6.3,0.0,122.5,1,4,3.03,9.4,9.12,10.66,10.33,13.1,23,4.9,3,26,43,60.5,4,2,17,0,120.4,35,531,68,7.81,68,7.25,0,3:21,1,7,77,6,49,2,0,33.3,46.2,25,10,12,3,12,4,33.3,3,1,33.3,493,1,7,77,6,49,13,126,7,5,3,0,0,0,531,68,7.81,68,7.25,0,3:21,27,9,14,4,13,6,46.2,3,3,100.0,5,4,4,2,2,1,1,0
118,CLE,2021-10-17,217,2,73,0,3,208,144,25:21,Sun,6,6,,ARI,L 14-37,20,31,11,64.5,2,1,6.5,3.2,96.2,5,23,13.89,7.0,6.03,6.84,5.89,10.9,37,3.9,0,20,30,66.7,4,2,21,0,126.1,19,290,55,5.27,69,5.1,3,2:57,0,9,88,5,45,0,3,30.0,53.3,16,4,11,1,10,3,30.0,4,1,25.0,352,0,9,88,5,45,14,133,4,4,4,3,3,0,290,55,5.27,69,5.1,3,2:57,24,8,11,5,15,8,53.3,1,1,100.0,2,2,2,0,0,0,0,0
119,CLE,2021-10-21,194,1,182,1,0,182,41,36:51,Thu,7,7,,DEN,W 17-14,21,33,12,63.6,1,0,3.0,0.0,90.3,1,5,2.94,5.9,5.71,6.48,6.29,9.2,14,2.9,0,23,33,69.7,2,2,5,1,90.7,33,376,67,5.61,49,4.55,0,2:54,1,9,60,2,15,1,0,60.0,45.5,23,12,11,0,15,9,60.0,1,1,100.0,223,1,9,60,2,15,11,75,2,2,2,0,0,0,376,67,5.61,49,4.55,0,2:54,15,3,11,1,11,5,45.5,1,1,100.0,2,2,2,2,1,0,0,0
120,CLE,2021-10-31,210,0,96,1,1,255,115,28:15,Sun,8,8,,PIT,L 10-15,20,31,11,64.5,0,0,0.0,0.0,86.1,4,15,11.43,6.8,6.0,6.77,6.0,10.5,32,3.6,1,22,35,62.9,1,2,11,0,94.3,23,306,58,5.28,69,5.36,1,3:01,0,5,30,8,65,1,1,30.0,30.8,19,7,10,2,10,3,30.0,2,0,0.0,370,0,5,30,8,65,13,95,2,0,0,1,1,0,306,58,5.28,69,5.36,1,3:01,21,7,13,1,13,4,30.8,4,2,50.0,1,1,1,1,1,0,0,0
121,CLE,2021-11-07,208,2,153,2,0,263,85,24:38,Sun,9,9,@,CIN,W 41-16,14,21,7,66.7,2,0,9.5,0.0,132.6,2,10,8.7,9.9,9.04,11.81,10.78,14.9,23,3.7,2,29,42,69.0,0,5,25,2,65.9,23,361,46,7.85,70,4.97,0,3:07,3,10,84,4,31,2,1,33.3,27.3,14,6,7,1,9,3,33.3,0,0,,348,3,10,84,4,31,14,115,2,1,1,1,1,0,361,46,7.85,70,4.97,0,3:07,25,6,15,4,11,3,27.3,2,0,0.0,5,5,5,3,2,0,0,0
122,CLE,2021-11-14,118,1,99,0,1,268,184,25:58,Sun,10,10,@,NWE,L 7-45,19,33,14,57.6,1,1,3.0,3.0,67.0,5,36,13.16,3.6,3.11,2.82,2.45,6.2,34,5.4,2,22,26,84.6,4,2,15,0,149.2,20,217,58,3.74,62,7.29,1,2:56,0,6,42,6,46,0,1,9.1,77.8,17,4,12,1,11,1,9.1,4,2,50.0,452,0,6,42,6,46,12,88,6,6,6,1,1,0,217,58,3.74,62,7.29,1,2:56,30,10,17,3,9,7,77.8,0,0,,1,1,1,0,0,0,0,0
123,CLE,2021-11-21,165,1,184,1,2,77,168,34:56,Sun,11,11,,DET,W 13-10,15,29,14,51.7,1,2,3.4,6.9,53.2,1,11,3.33,5.7,5.5,3.28,3.17,11.0,23,7.3,1,15,23,65.2,0,0,0,2,34.1,36,349,66,5.29,46,5.33,2,3:02,2,10,82,7,67,0,1,38.5,27.3,22,10,8,4,13,5,38.5,0,0,,245,2,10,82,7,67,17,149,1,1,1,1,1,0,349,66,5.29,46,5.33,2,3:02,12,6,5,1,11,3,27.3,0,0,,2,2,1,1,0,0,0,0
124,CLE,2021-11-28,222,1,40,0,2,155,148,22:56,Sun,12,12,@,BAL,L 10-16,18,37,19,48.6,1,0,2.7,0.0,79.4,3,25,7.5,6.0,5.55,6.54,6.05,12.3,43,3.4,0,20,32,62.5,1,2,10,4,45.2,17,262,57,4.6,77,3.94,2,3:14,4,5,45,5,54,1,3,30.8,46.7,14,2,10,2,13,4,30.8,1,0,0.0,303,4,5,45,5,54,10,99,1,1,1,3,3,0,262,57,4.6,77,3.94,2,3:14,22,12,6,4,15,7,46.7,1,1,100.0,1,1,1,2,1,0,0,0
125,CLE,2021-12-12,190,2,100,0,1,271,118,33:50,Sun,13,14,,BAL,W 24-22,22,32,10,68.8,2,1,6.3,3.1,91.9,0,0,0.0,5.9,5.94,5.78,5.78,8.6,23,5.1,1,31,42,73.8,1,4,16,0,98.4,29,290,61,4.75,69,5.64,1,3:09,2,4,42,10,129,1,3,46.2,8.3,20,7,10,3,13,6,46.2,0,0,,389,2,4,42,10,129,14,171,2,1,1,3,3,0,290,61,4.75,69,5.64,1,3:09,21,5,15,1,12,1,8.3,4,3,75.0,3,3,3,2,1,0,0,0
126,CLE,2021-12-20,147,1,89,1,0,230,98,26:36,Mon,14,15,,LVR,L 14-16,20,30,10,66.7,1,0,3.3,0.0,89.2,0,0,0.0,4.9,4.9,5.57,5.57,7.4,25,3.9,0,25,38,65.8,1,2,6,1,79.9,24,236,54,4.37,65,5.05,0,2:58,2,3,61,7,64,0,3,42.9,46.2,13,3,9,1,14,6,42.9,1,1,100.0,328,2,3,61,7,64,10,125,1,1,1,3,3,0,236,54,4.37,65,5.05,0,2:58,20,5,14,1,13,6,46.2,1,1,100.0,2,2,2,1,0,0,0,0
127,CLE,2021-12-25,189,2,219,1,4,202,109,31:41,Sat,15,16,@,GNB,L 22-24,21,36,15,58.3,2,4,5.6,11.1,55.3,5,33,12.2,5.3,4.61,1.36,1.2,9.0,24,4.5,0,24,34,70.6,3,0,0,0,115.1,25,408,66,6.18,58,5.36,4,2:54,0,6,38,3,29,1,1,58.3,30.0,28,12,15,1,12,7,58.3,1,1,100.0,311,0,6,38,3,29,9,67,3,3,3,1,1,0,408,66,6.18,58,5.36,4,2:54,19,8,10,1,10,3,30.0,1,1,100.0,3,2,1,1,1,1,0,0
128,CLE,2022-01-03,139,2,93,0,2,109,190,25:05,Mon,16,17,@,PIT,L 14-26,16,38,22,42.1,2,2,5.3,5.3,53.1,9,46,19.15,3.7,2.96,2.34,1.89,8.7,31,6.1,1,24,46,52.2,1,2,14,1,56.2,20,232,67,3.46,79,3.78,2,3:21,1,10,77,5,51,0,4,29.4,27.8,15,5,8,2,17,5,29.4,3,1,33.3,299,1,10,77,5,51,15,128,2,2,2,4,4,0,232,67,3.46,79,3.78,2,3:21,20,8,10,2,18,5,27.8,2,1,50.0,2,2,2,0,0,0,0,0
129,CLE,2022-01-09,171,2,205,1,2,103,79,30:56,Sun,17,18,,CIN,W 21-16,17,24,7,70.8,2,1,8.3,4.2,102.1,1,5,4.0,7.1,6.84,6.92,6.64,10.1,18,4.4,0,15,29,51.7,1,4,33,0,71.5,41,376,66,5.7,51,3.57,2,3:00,0,4,46,4,32,0,1,50.0,35.7,24,15,8,1,12,6,50.0,1,0,0.0,182,0,4,46,4,32,8,78,2,1,1,1,1,0,376,66,5.7,51,3.57,2,3:00,11,6,4,1,14,5,35.7,1,1,100.0,3,3,3,0,0,0,0,0
130,CLE,2022-09-11,138,1,217,1,0,207,54,38:26,Sun,1,1,@,CAR,W 26-24,18,34,16,52.9,1,0,2.9,0.0,74.0,1,9,2.86,4.1,3.94,4.65,4.51,7.7,19,2.8,2,16,27,59.3,1,4,28,1,80.3,39,355,74,4.8,50,5.22,0,3:16,1,9,71,8,96,4,1,44.4,36.4,23,11,7,5,18,8,44.4,2,1,50.0,261,1,9,71,8,96,17,167,3,3,3,1,1,0,355,74,4.8,50,5.22,0,3:16,15,5,7,3,11,4,36.4,0,0,,2,2,2,4,4,0,0,0
131,CLE,2022-09-18,221,1,184,3,1,309,93,32:14,Sun,2,2,,NYJ,L 30-31,22,27,5,81.5,1,1,3.7,3.7,98.9,1,8,3.57,8.2,7.89,7.26,7.0,10.0,20,4.7,0,27,45,60.0,4,2,15,0,110.3,37,405,65,6.23,67,6.0,1,3:09,1,5,38,8,57,1,1,66.7,53.3,29,12,15,2,12,8,66.7,0,0,,402,1,5,38,8,57,13,95,4,4,4,1,1,0,405,65,6.23,67,6.0,1,3:09,20,3,16,1,15,8,53.3,1,1,100.0,4,4,3,1,1,0,0,0
132,CLE,2022-09-22,205,2,171,1,0,204,104,36:09,Thu,3,3,,PIT,W 29-17,21,31,10,67.7,2,0,6.5,0.0,109.6,2,15,6.06,6.6,6.21,7.9,7.42,9.8,22,4.7,2,20,32,62.5,0,1,3,0,80.7,38,376,71,5.3,55,5.6,0,3:10,1,5,24,5,25,1,1,37.5,11.1,22,10,12,0,16,6,37.5,4,3,75.0,308,1,5,24,5,25,10,49,2,2,2,2,1,0,376,71,5.3,55,5.6,0,3:10,20,9,10,1,9,1,11.1,0,0,,4,3,2,1,1,0,0,0
133,CLE,2022-10-02,226,0,177,2,2,131,202,35:44,Sun,4,4,@,ATL,L 20-23,21,35,14,60.0,0,1,0.0,2.9,68.0,1,8,2.78,6.5,6.28,5.17,5.03,10.8,35,5.8,2,7,19,36.8,0,1,8,1,39.6,35,403,71,5.68,55,6.05,2,2:47,1,7,51,1,15,2,3,35.7,33.3,22,13,9,0,14,5,35.7,3,2,66.7,333,1,7,51,1,15,8,66,2,2,2,3,3,0,403,71,5.68,55,6.05,2,2:47,19,11,6,2,9,3,33.3,0,0,,2,2,2,2,2,0,0,0
134,CLE,2022-10-09,230,1,213,3,1,227,238,30:02,Sun,5,5,,LAC,L 28-30,21,34,13,61.8,1,1,2.9,2.9,79.3,0,0,0.0,6.8,6.76,6.03,6.03,11.0,34,7.0,2,22,34,64.7,1,1,1,0,93.6,31,443,65,6.82,69,6.74,1,3:01,0,6,65,4,17,0,3,40.0,30.0,27,11,15,1,10,4,40.0,1,0,0.0,465,0,6,65,4,17,10,82,3,3,3,3,3,0,443,65,6.82,69,6.74,1,3:01,26,9,13,4,10,3,30.0,2,0,0.0,4,4,4,2,0,0,0,0
135,CLE,2022-10-16,258,1,70,0,4,301,98,24:55,Sun,6,6,,NWE,L 15-38,21,45,24,46.7,1,2,2.2,4.4,54.5,4,8,8.16,5.7,5.27,4.18,3.84,12.3,29,3.4,3,24,34,70.6,2,2,8,0,117.4,18,328,67,4.9,65,6.14,4,3:22,1,7,63,12,92,3,1,26.7,50.0,16,2,12,2,15,4,26.7,5,3,60.0,399,1,7,63,12,92,19,155,5,5,5,2,1,0,328,67,4.9,65,6.14,4,3:22,20,3,14,3,14,7,50.0,0,0,,1,0,0,3,3,1,0,0
136,CLE,2022-10-23,223,0,113,2,2,94,160,25:56,Sun,7,7,@,BAL,L 20-23,22,27,5,81.5,0,0,0.0,0.0,106.5,5,35,15.63,8.3,6.97,8.26,6.97,10.1,44,3.6,2,9,16,56.3,0,3,26,0,73.4,24,336,56,6.0,63,4.03,2,2:55,1,6,45,3,53,2,3,18.2,46.7,18,8,8,2,11,2,18.2,1,1,100.0,254,1,6,45,3,53,9,98,2,2,2,3,3,0,336,56,6.0,63,4.03,2,2:55,17,11,5,1,15,7,46.7,2,2,100.0,2,2,2,3,2,0,0,0
137,CLE,2022-10-31,268,1,172,3,2,193,36,36:45,Mon,8,8,,CIN,W 32-13,17,23,6,73.9,1,1,4.3,4.3,110.4,2,10,8.0,11.7,10.72,10.57,9.72,15.8,10,3.6,0,25,35,71.4,2,5,39,1,91.7,44,440,69,6.38,50,4.58,2,2:52,2,6,56,2,6,1,0,61.5,40.0,24,12,12,0,13,8,61.5,0,0,,229,2,6,56,2,6,8,62,2,2,1,1,0,0,440,69,6.38,50,4.58,2,2:52,15,3,9,3,10,4,40.0,1,0,0.0,4,3,3,2,1,1,1,0
138,CLE,2022-11-13,185,1,112,1,1,296,195,26:46,Sun,9,10,@,MIA,L 17-39,22,35,13,62.9,1,0,2.9,0.0,89.2,3,27,7.89,5.3,4.87,5.86,5.39,8.4,33,5.9,2,26,33,78.8,3,1,6,0,134.3,24,297,62,4.79,67,7.33,1,2:54,0,6,52,5,43,1,2,41.7,54.5,20,7,10,3,12,5,41.7,5,2,40.0,491,0,6,52,5,43,11,95,5,5,3,2,2,0,297,62,4.79,67,7.33,1,2:54,29,11,17,1,11,6,54.5,2,1,50.0,2,2,2,1,1,0,0,0
139,CLE,2022-11-20,316,3,80,0,1,186,171,31:22,Sun,10,11,@,BUF,L 23-31,28,41,13,68.3,3,0,7.3,0.0,116.3,1,8,2.38,7.7,7.52,9.17,8.95,11.3,33,5.2,1,18,27,66.7,1,2,11,0,98.7,26,396,68,5.82,62,5.76,1,3:15,0,6,42,8,89,1,6,36.4,27.3,27,5,19,3,11,4,36.4,2,1,50.0,357,0,6,42,8,89,14,131,2,1,1,6,6,0,396,68,5.82,62,5.76,1,3:15,22,12,9,1,11,3,27.3,0,0,,3,2,2,2,1,1,0,0
140,CLE,2022-11-27,178,1,189,2,1,229,96,39:04,Sun,11,12,,TAM,W 23-17 (OT),23,37,14,62.2,1,1,2.7,2.7,75.3,4,32,9.76,4.8,4.34,4.14,3.73,7.7,20,4.8,0,29,43,67.4,2,3,17,0,96.0,34,367,75,4.89,66,4.92,1,3:25,0,5,42,9,70,1,1,29.4,26.7,22,10,10,2,17,5,29.4,4,2,50.0,325,0,5,42,9,70,14,112,2,2,2,1,1,0,367,75,4.89,66,4.92,1,3:25,16,5,9,2,15,4,26.7,1,1,100.0,3,2,2,2,1,0,0,0
141,CLE,2022-12-04,130,0,174,0,2,201,82,32:16,Sun,12,13,@,HOU,W 27-14,12,22,10,54.5,0,1,0.0,4.5,53.4,1,1,4.35,5.9,5.65,3.86,3.7,10.8,22,3.7,0,20,39,51.3,1,0,0,2,53.5,38,304,61,4.98,61,4.64,2,3:11,4,6,56,5,31,2,2,30.8,8.3,14,7,6,1,13,4,30.8,0,0,,283,4,6,56,5,31,11,87,1,0,0,2,2,1,304,61,4.98,61,4.64,2,3:11,16,4,10,2,12,1,8.3,2,1,50.0,3,3,3,2,2,0,0,0
142,CLE,2022-12-11,273,1,71,0,1,227,136,31:52,Sun,13,14,@,CIN,L 10-23,26,43,17,60.5,1,1,2.3,2.3,77.3,2,3,4.44,6.3,6.07,5.77,5.51,10.5,26,5.2,1,18,33,54.5,2,2,12,1,83.8,25,344,70,4.91,61,5.95,1,3:06,1,9,98,4,36,1,1,26.7,40.0,18,6,12,0,15,4,26.7,6,3,50.0,363,1,9,98,4,36,13,134,3,3,2,1,1,0,344,70,4.91,61,5.95,1,3:06,23,8,11,4,15,6,40.0,0,0,,1,1,1,1,1,0,0,0
143,CLE,2022-12-17,140,1,143,0,0,126,198,33:08,Sat,14,15,,BAL,W 13-3,18,28,10,64.3,1,0,3.6,0.0,91.5,3,21,9.68,5.0,4.52,5.71,5.16,7.8,28,7.1,0,17,30,56.7,0,3,12,1,52.9,33,283,64,4.42,61,5.31,0,2:43,2,3,32,3,25,2,1,33.3,41.7,19,8,10,1,15,5,33.3,2,2,100.0,324,2,3,32,3,25,6,57,0,0,0,3,1,0,283,64,4.42,61,5.31,0,2:43,17,10,6,1,12,5,41.7,3,0,0.0,1,1,1,4,2,0,0,0
144,CLE,2022-12-24,125,0,124,1,1,92,152,30:46,Sat,15,16,,NOR,L 10-17,15,31,16,48.4,0,1,0.0,3.2,47.1,2,10,6.06,4.0,3.79,2.58,2.42,8.3,39,3.9,2,8,15,53.3,0,0,0,1,44.3,34,249,67,3.72,54,4.52,1,2:48,1,4,45,2,15,1,1,43.8,46.7,15,7,7,1,16,7,43.8,3,1,33.3,244,1,4,45,2,15,6,60,2,2,2,1,1,0,249,67,3.72,54,4.52,1,2:48,14,8,5,1,15,7,46.7,0,0,,1,1,1,1,1,0,0,0
145,CLE,2023-01-01,155,3,146,0,0,124,136,26:28,Sun,16,17,@,WAS,W 24-10,9,18,9,50.0,3,0,16.7,0.0,122.5,5,14,21.74,8.6,6.74,11.94,9.35,17.2,37,3.7,1,16,28,57.1,0,3,19,3,28.6,30,301,53,5.68,68,3.82,0,2:49,3,3,20,5,24,1,1,36.4,43.8,16,8,7,1,11,4,36.4,2,1,50.0,260,3,3,20,5,24,8,44,1,1,1,1,1,0,301,53,5.68,68,3.82,0,2:49,17,7,9,1,16,7,43.8,4,2,50.0,3,3,3,1,1,0,0,0
146,CLE,2023-01-08,173,2,134,0,2,189,144,29:04,Sun,17,18,@,PIT,L 14-28,19,29,10,65.5,2,2,6.9,6.9,84.0,7,57,19.44,6.0,4.81,4.24,3.42,9.1,37,3.9,2,13,29,44.8,1,1,6,0,78.1,22,307,58,5.29,67,4.97,2,3:04,1,9,65,4,20,0,2,41.7,60.0,18,5,11,2,12,5,41.7,2,1,50.0,333,1,9,65,4,20,13,85,3,2,2,2,2,0,307,58,5.29,67,4.97,2,3:04,23,10,10,3,15,9,60.0,0,0,,2,2,2,0,0,0,0,0
147,CLE,2023-09-10,144,1,206,1,2,67,75,35:50,Sun,1,1,,CIN,W 24-3,16,29,13,55.2,1,1,3.4,3.4,67.3,3,10,9.38,5.0,4.5,4.1,3.72,9.0,20,3.8,0,14,32,43.8,0,2,15,0,51.0,40,350,72,4.86,54,2.63,2,3:03,0,5,43,4,20,3,1,28.6,13.3,21,12,9,0,14,4,28.6,0,0,,142,0,5,43,4,20,9,63,0,0,0,2,1,0,350,72,4.86,54,2.63,2,3:03,6,2,3,1,15,2,13.3,1,0,0.0,2,1,1,3,3,1,1,0
148,CLE,2023-09-18,210,1,198,1,4,200,55,35:28,Mon,2,2,@,PIT,L 22-26,22,40,18,55.0,1,1,2.5,2.5,70.3,6,25,13.04,5.3,4.57,4.63,4.02,9.5,21,2.6,0,15,30,50.0,1,2,22,1,68.8,35,408,81,5.04,53,4.81,4,3:28,2,8,81,5,31,2,2,31.3,28.6,20,7,12,1,16,5,31.3,2,0,0.0,255,2,8,81,5,31,13,112,3,2,2,2,2,0,408,81,5.04,53,4.81,4,3:28,9,3,6,0,14,4,28.6,0,0,,2,0,0,3,2,2,2,0
149,CLE,2023-09-24,263,2,78,1,1,68,26,38:29,Sun,3,3,,TEN,W 27-3,27,33,6,81.8,2,0,6.1,0.0,123.4,3,26,8.33,8.0,7.31,9.18,8.42,9.7,15,1.7,0,13,25,52.0,0,5,36,0,57.9,31,341,67,5.09,45,2.09,1,2:48,0,5,46,8,80,2,1,46.2,16.7,23,7,12,4,13,6,46.2,1,1,100.0,94,0,5,46,8,80,13,126,0,0,0,1,1,0,341,67,5.09,45,2.09,1,2:48,6,0,5,1,12,2,16.7,1,1,100.0,3,3,3,2,2,0,0,0
150,CLE,2023-10-01,73,0,93,0,3,165,131,30:10,Sun,4,4,,BAL,L 3-28,19,36,17,52.8,0,3,0.0,8.3,25.3,4,48,10.0,2.0,1.83,-1.72,-1.55,3.8,33,4.0,2,15,19,78.9,2,3,21,0,137.9,25,166,65,2.55,55,5.38,3,3:02,1,7,42,8,92,1,0,25.0,33.3,13,5,6,2,16,4,25.0,1,1,100.0,296,1,7,42,8,92,15,134,4,4,4,0,0,0,166,65,2.55,55,5.38,3,3:02,16,7,8,1,12,4,33.3,1,1,100.0,0,0,0,1,1,0,0,0
151,CLE,2023-10-15,174,0,160,1,2,107,108,33:03,Sun,5,6,,SFO,W 19-17,18,34,16,52.9,0,2,0.0,5.9,45.2,2,18,5.56,5.1,4.83,2.47,2.33,9.7,25,4.3,1,12,27,44.4,1,3,18,1,52.5,34,334,70,4.77,55,3.91,2,3:29,1,13,119,12,105,4,1,23.1,25.0,18,10,6,2,13,3,23.1,1,1,100.0,215,1,13,119,12,105,25,224,2,2,2,3,1,0,334,70,4.77,55,3.91,2,3:29,15,6,5,4,12,3,25.0,0,0,,1,1,1,5,4,0,0,0
152,CLE,2023-10-22,166,0,150,3,2,288,168,27:29,Sun,6,7,@,IND,W 39-38,16,37,21,43.2,0,2,0.0,5.4,36.2,2,17,5.13,4.5,4.26,2.05,1.95,10.4,40,4.2,3,15,23,65.2,2,4,17,1,119.4,33,316,72,4.39,67,6.81,2,3:36,4,4,20,8,67,4,1,25.0,46.7,18,6,9,3,16,4,25.0,2,1,50.0,456,4,4,20,8,67,12,87,5,5,5,2,1,0,316,72,4.39,67,6.81,2,3:36,20,8,11,1,15,7,46.7,0,0,,4,3,3,4,4,1,0,0
153,CLE,2023-10-29,230,1,155,1,3,248,114,36:40,Sun,7,8,@,SEA,L 20-24,16,32,16,50.0,1,2,3.1,6.3,61.6,3,27,8.57,7.2,6.57,5.0,4.57,14.4,17,6.7,1,23,37,62.2,2,1,6,2,77.3,40,385,75,5.13,55,6.58,3,3:02,2,4,25,7,43,2,1,40.0,33.3,23,9,10,4,15,6,40.0,1,0,0.0,362,2,4,25,7,43,11,68,3,3,3,1,1,0,385,75,5.13,55,6.58,3,3:02,17,5,12,0,12,4,33.3,1,1,100.0,2,2,2,2,2,0,0,0
154,CLE,2023-11-05,213,2,113,1,0,17,41,36:25,Sun,8,9,,ARI,W 27-0,19,30,11,63.3,2,0,6.7,0.0,107.5,1,6,3.23,7.1,6.87,8.43,8.16,11.2,21,2.0,0,11,20,55.0,0,7,41,2,20.8,40,326,71,4.59,48,1.21,0,2:58,3,6,65,4,40,2,0,35.3,8.3,17,7,9,1,17,6,35.3,2,1,50.0,58,3,6,65,4,40,10,105,0,0,0,0,0,0,326,71,4.59,48,1.21,0,2:58,7,3,3,1,12,1,8.3,1,0,0.0,3,3,3,3,2,0,0,0
155,CLE,2023-11-12,195,1,178,1,2,200,106,34:15,Sun,9,10,@,BAL,W 33-31,20,35,15,57.1,1,1,2.9,2.9,72.7,4,18,10.26,5.6,5.0,4.86,4.36,9.8,24,4.4,2,13,23,56.5,1,3,23,2,63.7,36,373,75,4.97,50,6.12,2,3:22,2,10,55,7,64,4,1,50.0,25.0,24,12,10,2,16,8,50.0,2,1,50.0,306,2,10,55,7,64,17,119,4,4,4,2,1,0,373,75,4.97,50,6.12,2,3:22,18,4,9,5,8,2,25.0,0,0,,3,2,1,4,4,1,1,0
156,CLE,2023-11-19,163,0,96,1,1,77,172,31:27,Sun,10,11,,PIT,W 13-10,24,43,19,55.8,0,1,0.0,2.3,54.9,1,2,2.27,3.8,3.7,2.74,2.68,6.8,26,6.6,1,15,28,53.6,0,3,29,0,59.2,29,259,73,3.55,57,4.37,1,3:06,0,1,10,6,46,2,1,23.5,21.4,20,7,10,3,17,4,23.5,1,1,100.0,249,0,1,10,6,46,7,56,1,1,1,1,1,0,259,73,3.55,57,4.37,1,3:06,12,8,4,0,14,3,21.4,1,1,100.0,1,1,1,2,2,0,0,0
157,CLE,2023-11-26,162,1,107,0,3,125,169,27:12,Sun,11,12,@,DEN,L 12-29,20,42,22,47.6,1,0,2.4,0.0,68.6,4,28,8.7,3.9,3.52,4.33,3.96,8.1,39,4.3,2,13,22,59.1,1,1,9,0,90.2,24,269,70,3.84,62,4.74,3,3:12,1,8,66,8,71,2,2,15.4,42.9,19,6,10,3,13,2,15.4,5,2,40.0,294,1,8,66,8,71,16,137,3,3,3,2,2,1,269,70,3.84,62,4.74,3,3:12,17,10,5,2,14,6,42.9,1,0,0.0,1,0,0,2,2,1,0,0
158,CLE,2023-12-03,240,2,87,0,1,279,120,34:03,Sun,12,13,@,LAR,L 19-36,23,44,21,52.3,2,1,4.5,2.3,75.4,2,14,4.35,5.5,5.22,5.34,5.11,10.4,25,4.8,1,22,37,59.5,3,0,0,0,110.1,23,327,69,4.74,62,6.44,1,3:20,0,7,86,7,45,2,2,43.8,33.3,20,9,10,1,16,7,43.8,2,0,0.0,399,0,7,86,7,45,14,131,4,4,4,3,2,1,327,69,4.74,62,6.44,1,3:20,20,6,10,4,12,4,33.3,0,0,,2,2,1,2,2,0,0,0
159,CLE,2023-12-10,307,3,82,1,3,235,58,31:49,Sun,13,14,,JAX,W 31-27,26,45,19,57.8,3,1,6.7,2.2,92.0,1,4,2.17,6.8,6.67,7.16,7.0,11.8,20,2.9,1,28,50,56.0,3,4,22,3,63.3,28,389,74,5.26,74,3.96,3,3:43,4,8,75,7,40,1,0,22.2,41.2,16,5,11,0,18,4,22.2,3,3,100.0,293,4,8,75,7,40,15,115,4,3,3,0,0,0,389,74,5.26,74,3.96,3,3:43,20,2,16,2,17,7,41.2,1,0,0.0,4,4,4,1,1,0,0,0
160,CLE,2023-12-17,348,2,29,0,3,148,88,31:00,Sun,14,15,,CHI,W 20-17,29,45,16,64.4,2,3,4.4,6.7,77.9,4,31,8.16,7.7,7.1,5.62,5.16,12.0,27,3.3,0,19,40,47.5,1,3,18,2,44.6,18,377,67,5.63,70,3.37,3,3:21,3,9,48,4,19,2,1,25.0,22.2,14,1,13,0,16,4,25.0,1,1,100.0,236,3,9,48,4,19,13,67,2,2,2,1,1,0,377,67,5.63,70,3.37,3,3:21,12,5,6,1,18,4,22.2,2,0,0.0,2,2,2,2,2,0,0,0
161,CLE,2023-12-24,364,3,54,2,2,178,72,33:34,Sun,15,16,@,HOU,W 36-22,28,44,16,63.6,3,2,6.8,4.5,94.3,1,10,2.22,8.3,8.09,7.59,7.42,13.0,16,4.5,0,26,49,53.1,2,3,33,2,58.0,30,418,75,5.57,68,3.68,2,3:20,2,9,55,10,76,0,0,37.5,33.3,26,4,19,3,16,6,37.5,6,4,66.7,250,2,9,55,10,76,19,131,3,2,2,0,0,0,418,75,5.57,68,3.68,2,3:20,20,3,13,4,15,5,33.3,3,1,33.3,5,2,2,0,0,3,2,0
162,CLE,2023-12-28,301,3,127,1,3,253,107,28:09,Thu,16,17,,NYJ,W 37-20,19,29,10,65.5,3,1,10.3,3.4,121.2,1,8,3.33,10.4,10.03,10.9,10.53,15.8,21,5.1,0,32,45,71.1,1,2,8,1,82.9,28,428,58,7.38,68,5.29,3,3:05,2,4,26,12,74,1,2,50.0,37.5,20,9,9,2,10,5,50.0,1,0,0.0,360,2,4,26,12,74,16,100,2,2,2,3,2,0,428,58,7.38,68,5.29,3,3:05,17,6,10,1,16,6,37.5,2,1,50.0,5,5,4,1,1,0,0,0
163,CLE,2024-01-07,140,2,104,0,2,145,183,24:14,Sun,17,18,@,CIN,L 14-31,13,26,13,50.0,2,2,7.7,7.7,63.9,3,26,10.34,5.4,4.83,3.46,3.1,10.8,30,6.1,1,21,28,75.0,3,3,31,1,107.0,24,244,53,4.6,61,5.38,2,2:55,1,7,35,1,10,0,1,18.2,25.0,13,5,8,0,11,2,18.2,1,1,100.0,328,1,7,35,1,10,8,45,4,4,4,1,1,0,244,53,4.6,61,5.38,2,2:55,22,10,10,2,12,3,25.0,0,0,,2,2,2,0,0,0,0,0
