Game Order,Team,Date,Passing Yards,Passings TD,Rushing Yards,Rushing TD,Turnovers,Opponent Passing Yards,Opponent Rushing Yards,Time of Possession,Day of Week,Game Number,Week,Home/Away,Opponent,Result,Passing Completions,Passing Attempts,Passing Incompletions,Passing Completion Percentage,Passing Yards,Passing TD,Interceptions,TD Percentage per Pass,Interception Percentage per Pass,Passer Rating,Times Sacked,Sack Yards,Sack Percentage,Yards per Attempt,Net Yards per Attempt,Adjusted Yards per Attempt,Adjusted Net Yards per Attempt,Yards per Completion,Opponent Rushing Attempts,Opponent Rushing Yards,Opponent Rushing Yards per Attempt,Opponent Rushing TD,Opponent Pass Completions,Opponent Pass Attempts,Opponent Completion Percentage,Opponent Passing Yards,Opponent Passing TD,Opponent Times Sacked,Opponent Sack Yards,Opponent Interceptions,Opponent Passer Rating,Rushing Attempts,Rushing Yards,Rusing Yards per Attempt,Rushing TD,Total Yardage,Offense Number of Plays,Yards per Offensive Play,Defense Number of Plays,Yards Allowed per Defensive Play,Turnovers Lost,Time of Possession,Total Time
1,HOU,2014-09-07,206,1,115,0,1,241,131,29:06,Sun,1,1,,WAS,W 17-6,14,22,8,63.6,206,1,0,4.5,0.0,109.3,0,0,0.00,9.4,9.36,10.27,10.27,14.7,23,131,5.7,1,29,37,78.4,241,0,3,26,0,93.8,34,115,3.4,0,321,56,5.73,63,5.90,1,29:06,2:56
2,HOU,2014-09-14,139,2,188,1,0,263,101,38:36,Sun,2,2,@,LVR,W 30-14,14,19,5,73.7,139,2,0,10.5,0.0,129.1,0,0,0.00,7.3,7.32,9.42,9.42,9.9,17,101,5.9,1,27,42,64.3,263,1,0,0,2,69.8,46,188,4.1,1,327,65,5.03,59,6.17,0,38:36,2:58
3,HOU,2014-09-21,292,1,119,1,3,226,193,27:26,Sun,3,3,@,NYG,L 17-30,21,35,14,60.0,292,1,3,2.9,8.6,61.5,2,7,5.41,8.3,7.89,5.06,4.78,13.9,42,193,4.6,1,21,28,75.0,226,2,1,8,0,122.0,25,119,4.8,1,411,62,6.63,71,5.90,3,27:26,2:55
4,HOU,2014-09-28,264,1,37,0,3,220,96,30:56,Sun,4,4,,BUF,W 23-17,25,37,12,67.6,264,1,2,2.7,5.4,75.1,3,4,7.50,7.1,6.60,5.24,4.85,10.6,23,96,4.2,0,21,44,47.7,220,2,2,5,2,58.9,23,37,1.6,0,301,63,4.78,69,4.58,3,30:56,3:24
5,HOU,2014-10-05,154,0,176,2,1,316,140,31:08,Sun,5,5,@,DAL,L 17-20 (OT),16,25,9,64.0,154,0,1,0.0,4.0,64.4,0,0,0.00,6.2,6.16,4.36,4.36,9.6,33,140,4.2,0,28,41,68.3,316,2,1,8,1,97.2,31,176,5.7,2,330,56,5.89,75,6.08,1,31:08,3:11
6,HOU,2014-10-09,196,1,136,2,2,363,93,23:11,Thu,6,6,,IND,L 28-33,15,23,8,65.2,196,1,0,4.3,0.0,109.3,5,16,17.86,8.5,7.00,9.39,7.71,13.1,35,93,2.7,1,25,44,56.8,363,3,3,7,1,97.1,24,136,5.7,2,332,52,6.38,82,5.56,2,23:11,3:15
7,HOU,2014-10-20,261,2,132,0,3,252,76,27:54,Mon,7,7,@,PIT,L 23-30,21,32,11,65.6,261,2,1,6.3,3.1,98.7,1,1,3.03,8.2,7.91,8.00,7.76,12.4,25,76,3.0,0,24,34,70.6,252,3,3,16,0,121.2,30,132,4.4,0,393,63,6.24,62,5.29,3,27:54,3:07
8,HOU,2014-10-26,193,1,212,2,0,290,36,35:22,Sun,8,8,@,TEN,W 30-16,19,35,16,54.3,193,1,0,2.9,0.0,83.9,5,34,12.50,5.5,4.83,6.09,5.33,10.2,13,36,2.8,0,27,41,65.9,290,2,2,9,1,92.5,40,212,5.3,2,405,80,5.06,56,5.82,0,35:22,2:58
9,HOU,2014-11-02,182,2,118,0,1,293,190,27:47,Sun,9,9,,PHI,L 21-31,13,27,14,48.1,182,2,1,7.4,3.7,82.8,4,21,12.90,6.7,5.87,6.56,5.71,14.0,41,190,4.6,1,24,34,70.6,293,3,4,33,3,89.5,28,118,4.2,0,300,59,5.08,79,6.11,1,27:47,3:02
10,HOU,2014-11-16,211,2,213,0,1,310,65,33:53,Sun,10,11,@,CLE,W 23-7,20,30,10,66.7,211,2,1,6.7,3.3,95.3,0,0,0.00,7.0,7.03,6.87,6.87,10.6,23,65,2.8,0,20,50,40.0,310,1,3,20,1,59.6,54,213,3.9,0,424,84,5.05,76,4.93,1,33:53,3:10
11,HOU,2014-11-23,184,0,64,0,1,233,139,20:50,Sun,11,12,,CIN,L 13-22,21,45,24,46.7,184,0,1,0.0,2.2,49.2,1,5,2.17,4.1,4.00,3.09,3.02,8.8,43,139,3.2,1,24,35,68.6,233,1,0,0,1,84.6,19,64,3.4,0,248,65,3.82,78,4.77,1,20:50,3:02
12,HOU,2014-11-30,358,6,99,0,1,237,83,33:16,Sun,12,13,,TEN,W 45-21,24,33,9,72.7,358,6,0,18.2,0.0,147.5,0,0,0.00,10.8,10.85,14.48,14.48,14.9,22,83,3.8,0,19,31,61.3,237,2,3,38,3,66.9,36,99,2.8,0,457,69,6.62,56,5.71,1,33:16,3:00
13,HOU,2014-12-07,135,0,169,3,0,188,74,32:29,Sun,13,14,@,JAX,W 27-13,13,19,6,68.4,135,0,0,0.0,0.0,88.7,1,0,5.00,7.1,6.75,7.11,6.75,10.4,22,74,3.4,0,20,40,50.0,188,1,4,17,1,61.2,43,169,3.9,3,304,63,4.83,66,3.97,0,32:29,3:00
14,HOU,2014-12-14,152,0,137,0,2,168,110,31:05,Sun,14,15,@,IND,L 10-17,13,25,12,52.0,152,0,1,0.0,4.0,54.9,1,5,3.85,6.1,5.85,4.28,4.12,11.7,28,110,3.9,0,18,34,52.9,168,2,2,19,1,74.1,41,137,3.3,0,289,67,4.31,64,4.34,2,31:05,3:06
15,HOU,2014-12-21,190,1,123,0,1,178,33,34:58,Sun,15,16,,BAL,W 25-13,21,43,22,48.8,190,1,1,2.3,2.3,59.3,0,0,0.00,4.4,4.42,3.84,3.84,9.0,16,33,2.1,0,21,50,42.0,178,2,2,17,3,40.2,38,123,3.2,0,313,81,3.86,68,3.10,1,34:58,3:30
16,HOU,2014-12-28,235,2,123,1,2,112,121,39:48,Sun,16,17,,JAX,W 23-17,25,35,10,71.4,235,2,1,5.7,2.9,98.5,3,15,7.89,6.7,6.18,6.57,6.05,9.4,14,121,8.6,0,15,34,44.1,112,1,5,28,0,62.4,39,123,3.2,1,358,77,4.65,53,4.40,2,39:48,3:07
17,HOU,2015-09-13,298,2,98,0,2,233,97,24:41,Sun,1,1,,KAN,L 20-27,26,47,21,55.3,298,2,1,4.3,2.1,83.1,5,36,9.62,6.3,5.73,6.23,5.63,11.5,32,97,3.0,0,22,33,66.7,233,3,2,10,0,117.4,21,98,4.7,0,396,73,5.42,67,4.93,2,24:41,3:16
18,HOU,2015-09-20,239,1,61,1,1,178,172,27:31,Sun,2,2,@,CAR,L 17-24,27,58,31,46.6,239,1,1,1.7,1.7,57.0,1,5,1.69,4.1,4.05,3.69,3.63,8.9,33,172,5.2,1,18,37,48.6,178,2,2,17,1,69.4,23,61,2.7,1,300,82,3.66,72,4.86,1,27:31,3:39
19,HOU,2015-09-27,227,1,186,1,1,261,57,36:16,Sun,3,3,,TAM,W 19-9,24,39,15,61.5,227,1,1,2.6,2.6,75.6,1,1,2.50,5.8,5.68,5.18,5.05,9.5,20,57,2.9,0,17,36,47.2,261,1,0,0,1,69.3,46,186,4.0,1,413,86,4.80,56,5.68,1,36:16,3:19
20,HOU,2015-10-04,374,2,54,1,4,243,135,24:08,Sun,4,4,@,ATL,L 21-48,29,57,28,50.9,374,2,1,3.5,1.8,76.8,1,8,1.72,6.6,6.45,6.47,6.36,12.9,35,135,3.9,4,19,27,70.4,243,1,2,13,0,110.6,17,54,3.2,1,428,75,5.71,64,5.91,4,24:08,3:18
21,HOU,2015-10-08,362,2,82,0,2,213,110,32:27,Thu,5,5,,IND,L 20-27,31,41,10,75.6,362,2,2,4.9,4.9,97.8,1,0,2.38,8.8,8.62,7.61,7.43,11.7,30,110,3.7,1,18,29,62.1,213,2,0,0,0,107.4,28,82,2.9,0,444,70,6.34,59,5.47,2,32:27,3:01
22,HOU,2015-10-18,287,3,95,0,0,311,83,30:02,Sun,6,6,@,JAX,W 31-20,24,36,12,66.7,287,3,0,8.3,0.0,119.3,1,6,2.70,8.0,7.76,9.64,9.38,12.0,21,83,4.0,0,30,53,56.6,311,3,3,20,3,69.0,31,95,3.1,0,382,68,5.62,77,5.12,0,30:02,3:28
23,HOU,2015-10-25,251,3,71,1,1,255,248,27:55,Sun,7,7,@,MIA,L 26-44,23,49,26,46.9,251,3,1,6.1,2.0,76.3,4,22,7.55,5.1,4.74,5.43,5.02,10.9,35,248,7.1,1,19,20,95.0,255,4,4,41,0,158.3,25,71,2.8,1,322,78,4.13,59,8.53,1,27:55,3:19
24,HOU,2015-11-01,214,2,56,0,0,125,86,28:52,Sun,8,8,,TEN,W 20-6,23,35,12,65.7,214,2,0,5.7,0.0,103.9,3,21,7.89,6.1,5.63,7.26,6.68,9.3,20,86,4.3,0,22,31,71.0,125,0,7,46,1,64.6,23,56,2.4,0,270,61,4.43,58,3.64,0,28:52,2:56
25,HOU,2015-11-16,174,1,82,0,1,182,74,28:34,Mon,9,10,@,CIN,W 10-6,17,33,16,51.5,174,1,1,3.0,3.0,66.7,3,18,8.33,5.3,4.83,4.52,4.14,10.2,20,74,3.7,0,22,38,57.9,182,0,4,15,1,59.3,25,82,3.3,0,256,61,4.20,62,4.13,1,28:34,2:57
26,HOU,2015-11-22,241,3,123,0,1,197,70,33:25,Sun,10,11,,NYJ,W 24-17,17,35,18,48.6,241,3,0,8.6,0.0,100.9,1,9,2.78,6.9,6.69,8.60,8.36,14.2,21,70,3.3,1,19,39,48.7,197,1,3,19,2,50.9,37,123,3.3,0,364,73,4.99,63,4.24,1,33:25,3:13
27,HOU,2015-11-29,195,2,167,1,1,218,50,36:23,Sun,11,12,,NOR,W 24-6,21,27,6,77.8,195,2,1,7.4,3.7,107.6,1,10,3.57,7.2,6.96,7.04,6.79,9.3,10,50,5.0,0,25,44,56.8,218,0,2,10,1,60.6,38,167,4.4,1,362,66,5.48,56,4.79,1,36:23,2:50
28,HOU,2015-12-06,275,3,126,0,1,203,187,31:53,Sun,12,13,@,BUF,L 21-30,26,43,17,60.5,275,3,1,7.0,2.3,94.4,2,18,4.44,6.4,6.11,6.74,6.44,10.6,36,187,5.2,1,11,21,52.4,203,3,1,8,0,125.6,26,126,4.8,0,401,71,5.65,58,6.72,1,31:53,3:12
29,HOU,2015-12-13,102,0,87,0,1,197,116,24:46,Sun,13,14,,NWE,L 6-27,12,24,12,50.0,102,0,0,0.0,0.0,71.4,6,57,20.00,4.3,3.40,4.25,3.40,8.5,31,116,3.7,1,22,30,73.3,197,2,3,29,0,112.8,22,87,4.0,0,189,52,3.63,64,4.89,1,24:46,3:00
30,HOU,2015-12-20,150,1,155,0,2,140,50,33:56,Sun,14,15,@,IND,W 16-10,17,28,11,60.7,150,1,1,3.6,3.6,75.4,3,23,9.68,5.4,4.84,4.46,4.03,8.8,19,50,2.6,0,18,32,56.3,140,1,3,20,1,64.6,37,155,4.2,0,305,68,4.49,54,3.52,2,33:56,3:05
31,HOU,2015-12-27,202,2,128,1,1,227,30,36:13,Sun,15,16,@,TEN,W 34-6,16,26,10,61.5,202,2,0,7.7,0.0,112.2,1,5,3.70,7.8,7.48,9.31,8.96,12.6,11,30,2.7,0,27,51,52.9,227,1,1,7,1,63.1,42,128,3.0,1,330,69,4.78,63,4.08,1,36:13,3:03
32,HOU,2016-01-03,242,1,160,1,1,183,32,35:37,Sun,16,17,,JAX,W 30-6,25,41,16,61.0,242,1,1,2.4,2.4,76.2,2,7,4.65,5.9,5.63,5.29,5.05,9.7,14,32,2.3,0,17,32,53.1,183,0,8,56,2,44.1,31,160,5.2,1,402,74,5.43,54,3.98,1,35:37,3:05
33,HOU,2016-09-11,215,2,129,0,1,185,73,36:19,Sun,1,1,,CHI,W 23-14,22,35,13,62.9,215,2,1,5.7,2.9,89.1,2,16,5.41,6.1,5.81,6.00,5.68,9.8,20,73,3.7,1,16,29,55.2,185,1,5,31,1,71.8,35,129,3.7,0,344,72,4.78,54,4.78,1,36:19,2:58
34,HOU,2016-09-18,254,1,97,0,2,172,119,33:59,Sun,2,2,,KAN,W 19-12,19,33,14,57.6,254,1,2,3.0,6.1,68.8,2,14,5.71,7.7,7.26,5.58,5.26,13.4,19,119,6.3,0,20,37,54.1,172,0,4,14,0,66.5,34,97,2.9,0,351,69,5.09,60,4.85,2,33:59,3:15
35,HOU,2016-09-22,175,0,109,0,3,97,185,31:22,Thu,3,3,@,NWE,L 0-27,24,41,17,58.5,175,0,1,0.0,2.4,60.6,2,21,4.65,4.3,4.07,3.17,3.02,7.3,39,185,4.7,3,11,19,57.9,97,0,1,6,0,71.6,27,109,4.0,0,284,70,4.06,59,4.78,3,31:22,3:02
36,HOU,2016-10-02,244,2,115,0,2,196,124,28:18,Sun,4,4,,TEN,W 27-20,25,37,12,67.6,244,2,2,5.4,5.4,82.5,1,10,2.63,6.6,6.42,5.24,5.11,9.8,32,124,3.9,2,13,29,44.8,196,0,1,6,1,53.2,24,115,4.8,0,359,62,5.79,62,5.16,2,28:18,3:08
37,HOU,2016-10-09,155,1,59,0,1,255,96,22:32,Sun,5,5,@,MIN,L 13-31,19,42,23,45.2,155,1,1,2.4,2.4,56.1,4,29,8.70,3.7,3.37,3.10,2.83,8.2,37,96,2.6,1,22,30,73.3,255,2,2,16,0,120.8,14,59,4.2,0,214,60,3.57,69,5.09,1,22:32,3:01
38,HOU,2016-10-16,256,2,158,1,1,231,161,30:17,Sun,6,6,,IND,W 26-23 (OT),25,39,14,64.1,256,2,1,5.1,2.6,90.7,1,13,2.50,6.6,6.40,6.44,6.28,10.2,32,161,5.0,1,21,32,65.6,231,1,3,21,1,84.2,28,158,5.6,1,414,68,6.09,67,5.85,1,30:17,3:35
39,HOU,2016-10-24,131,0,140,0,2,157,190,29:22,Mon,7,7,@,DEN,L 9-27,22,41,19,53.7,131,0,0,0.0,0.0,60.1,1,0,2.38,3.2,3.12,3.20,3.12,6.0,35,190,5.4,2,14,25,56.0,157,1,0,0,0,88.2,25,140,5.6,0,271,67,4.04,60,5.78,2,29:22,3:05
40,HOU,2016-10-30,164,1,105,1,1,231,58,33:58,Sun,8,8,,DET,W 20-13,20,29,9,69.0,164,1,1,3.4,3.4,83.4,3,22,9.38,5.7,5.13,4.79,4.34,8.2,14,58,4.1,0,27,41,65.9,231,1,1,9,0,88.6,31,105,3.4,1,269,63,4.27,56,5.16,1,33:58,2:54
41,HOU,2016-11-13,92,2,181,0,0,247,80,27:50,Sun,9,10,@,JAX,W 24-21,14,27,13,51.9,92,2,0,7.4,0.0,85.3,1,7,3.57,3.4,3.29,4.89,4.71,6.6,22,80,3.6,0,32,49,65.3,247,2,2,18,1,82.6,33,181,5.5,0,273,61,4.48,73,4.48,0,27:50,3:00
42,HOU,2016-11-21,230,1,124,1,2,295,30,36:27,Mon,10,11,@,LVR,L 20-27,26,39,13,66.7,230,1,1,2.6,2.6,81.5,2,13,4.88,5.9,5.61,5.26,5.00,8.8,20,30,1.5,0,21,31,67.7,295,3,0,0,1,117.0,33,124,3.8,1,354,74,4.78,51,6.37,2,36:27,3:22
43,HOU,2016-11-27,239,0,114,1,4,235,67,30:01,Sun,11,12,,LAC,L 13-21,22,37,15,59.5,239,0,3,0.0,8.1,45.6,1,7,2.63,6.5,6.29,2.81,2.74,10.9,18,67,3.7,0,22,30,73.3,235,3,1,7,1,115.3,27,114,4.2,1,353,65,5.43,49,6.16,4,30:01,3:04
44,HOU,2016-12-04,184,2,123,0,1,200,109,31:31,Sun,12,13,@,GNB,L 13-21,22,35,13,62.9,184,2,0,5.7,0.0,97.6,2,18,5.41,5.3,4.97,6.40,6.05,8.4,26,109,4.2,1,20,30,66.7,200,2,1,9,0,107.6,27,123,4.6,0,307,64,4.80,57,5.42,1,31:31,3:08
45,HOU,2016-12-11,131,0,185,1,1,265,83,36:05,Sun,13,14,@,IND,W 22-17,14,24,10,58.3,131,0,1,0.0,4.2,58.9,2,16,7.69,5.5,5.04,3.58,3.31,9.4,15,83,5.5,0,24,45,53.3,265,2,1,11,2,67.4,41,185,4.5,1,316,67,4.72,61,5.70,1,36:05,3:12
46,HOU,2016-12-18,308,0,79,1,2,83,67,36:42,Sun,14,15,,JAX,W 21-20,29,47,18,61.7,308,0,2,0.0,4.3,63.1,0,0,0.00,6.6,6.55,4.64,4.64,10.6,20,67,3.4,1,12,28,42.9,83,0,2,9,1,35.4,31,79,2.5,1,387,78,4.96,50,3.00,2,36:42,3:22
47,HOU,2016-12-24,155,0,95,1,0,244,50,31:06,Sat,15,16,,CIN,W 12-10,18,29,11,62.1,155,0,0,0.0,0.0,79.1,4,21,12.12,5.3,4.70,5.34,4.70,8.6,19,50,2.6,0,28,41,68.3,244,1,3,24,1,81.8,24,95,4.0,1,250,57,4.39,63,4.67,0,31:06,2:43
48,HOU,2017-01-01,243,1,46,1,1,133,103,29:08,Sun,16,17,@,TEN,L 17-24,26,48,22,54.2,243,1,0,2.1,0.0,78.3,4,35,7.69,5.1,4.67,5.48,5.06,9.3,29,103,3.6,1,16,26,61.5,133,1,4,17,1,71.5,22,46,2.1,1,289,74,3.91,59,4.00,1,29:08,3:11
49,HOU,2017-09-10,110,1,93,0,4,125,155,29:55,Sun,1,1,,JAX,L 7-29,19,36,17,52.8,110,1,1,2.8,2.8,62.7,10,54,21.74,3.1,2.39,2.36,1.85,5.8,39,155,4.0,1,11,21,52.4,125,1,0,0,0,86.4,23,93,4.0,0,203,69,2.94,60,4.67,4,29:55,3:06
50,HOU,2017-09-14,98,0,168,1,0,213,82,32:15,Thu,2,2,@,CIN,W 13-9,15,24,9,62.5,98,0,0,0.0,0.0,75.9,3,27,11.11,4.1,3.63,4.08,3.63,6.5,24,82,3.4,0,20,35,57.1,213,0,3,11,0,75.1,35,168,4.8,1,266,62,4.29,62,4.76,0,32:15,3:04
51,HOU,2017-09-24,292,2,125,0,2,337,59,33:38,Sun,3,3,@,NWE,L 33-36,22,33,11,66.7,292,2,2,6.1,6.1,90.6,2,9,5.71,8.8,8.34,7.33,6.91,13.3,20,59,3.0,0,25,35,71.4,337,5,5,41,0,141.3,32,125,3.9,0,417,67,6.22,60,6.60,2,33:38,3:19
52,HOU,2017-10-01,272,4,173,2,1,109,86,39:41,Sun,4,4,,TEN,W 57-14,25,34,9,73.5,272,4,1,11.8,2.9,125.0,2,11,5.56,8.0,7.56,9.03,8.53,10.9,19,86,4.5,2,10,20,50.0,109,0,2,8,4,26.9,42,173,4.1,2,445,78,5.71,41,4.76,1,39:41,2:56
53,HOU,2017-10-08,248,5,144,0,1,323,127,21:43,Sun,5,5,,KAN,L 34-42,16,31,15,51.6,248,5,0,16.1,0.0,119.8,3,13,8.82,8.0,7.29,11.23,10.24,15.5,35,127,3.6,0,29,37,78.4,323,3,1,1,0,130.1,23,144,6.3,0,392,57,6.88,73,6.16,1,21:43,3:24
54,HOU,2017-10-15,217,3,123,0,1,113,134,29:04,Sun,6,6,,CLE,W 33-17,17,29,12,58.6,217,3,1,10.3,3.4,103.4,1,8,3.33,7.5,7.23,8.00,7.73,12.8,22,134,6.1,0,20,37,54.1,113,1,4,27,3,35.1,33,123,3.7,0,340,63,5.40,63,3.92,1,29:04,2:59
55,HOU,2017-10-29,367,4,142,1,3,446,33,30:22,Sun,7,8,@,SEA,L 38-41,19,30,11,63.3,367,4,3,13.3,10.0,106.9,5,35,14.29,12.2,10.49,10.40,8.91,19.3,21,33,1.6,0,26,41,63.4,446,4,2,6,1,122.6,34,142,4.2,1,509,69,7.38,64,7.48,3,30:22,3:19
56,HOU,2017-11-05,194,1,94,0,1,279,92,29:01,Sun,8,9,,IND,L 14-20,19,44,25,43.2,194,1,0,2.3,0.0,66.4,2,25,4.35,4.4,4.22,4.86,4.65,10.2,28,92,3.3,0,20,30,66.7,279,2,3,29,0,118.6,21,94,4.5,0,288,67,4.30,61,6.08,1,29:01,3:12
57,HOU,2017-11-12,194,1,89,0,4,339,104,28:29,Sun,9,10,@,LAR,L 7-33,18,36,18,50.0,194,1,2,2.8,5.6,55.4,3,27,7.69,5.4,4.97,3.44,3.18,10.8,25,104,4.2,0,26,38,68.4,339,3,3,22,0,122.6,25,89,3.6,0,283,64,4.42,66,6.71,4,28:29,3:06
58,HOU,2017-11-19,223,2,134,2,2,244,48,33:46,Sun,10,11,,ARI,W 31-21,22,32,10,68.8,223,2,1,6.3,3.1,97.1,1,7,3.03,7.0,6.76,6.81,6.61,10.1,18,48,2.7,0,22,34,64.7,244,3,2,13,2,90.8,34,134,3.9,2,357,67,5.33,54,5.41,2,33:46,3:11
59,HOU,2017-11-27,237,0,66,1,3,155,139,30:16,Mon,11,12,@,BAL,L 16-23,22,37,15,59.5,237,0,2,0.0,5.4,57.5,2,15,5.13,6.4,6.08,3.97,3.77,10.8,31,139,4.5,2,21,33,63.6,155,0,1,8,0,74.7,25,66,2.6,1,303,64,4.73,65,4.52,3,30:16,3:06
60,HOU,2017-12-03,331,1,53,0,1,146,198,33:49,Sun,12,13,@,TEN,L 13-24,31,49,18,63.3,331,1,1,2.0,2.0,84.1,4,34,7.55,6.8,6.25,6.24,5.77,10.7,25,198,7.9,2,15,23,65.2,146,1,2,4,0,97.4,22,53,2.4,0,384,75,5.12,50,6.88,1,33:49,3:29
61,HOU,2017-12-10,221,2,90,0,1,314,102,25:11,Sun,13,14,,SFO,L 16-26,20,38,18,52.6,221,2,0,5.3,0.0,89.6,3,17,7.32,5.8,5.39,6.87,6.37,11.1,31,102,3.3,1,20,33,60.6,314,1,2,20,1,89.7,23,90,3.9,0,311,64,4.86,66,6.30,1,25:11,3:19
62,HOU,2017-12-17,99,1,87,0,1,326,138,26:42,Sun,14,15,@,JAX,L 7-45,12,31,19,38.7,99,1,1,3.2,3.2,48.9,4,29,11.43,3.2,2.83,2.39,2.11,8.3,38,138,3.6,3,21,29,72.4,326,3,1,0,0,143.7,21,87,4.1,0,186,56,3.32,68,6.82,1,26:42,3:16
63,HOU,2017-12-25,51,1,176,0,2,226,104,29:04,Mon,15,16,,PIT,L 6-34,8,17,9,47.1,51,1,1,5.9,5.9,59.2,7,42,29.17,3.0,2.13,1.53,1.08,6.4,28,104,3.7,2,20,30,66.7,226,2,0,0,0,111.2,28,176,6.3,0,227,52,4.37,58,5.69,2,29:04,2:56
64,HOU,2017-12-31,124,0,85,1,1,104,146,28:47,Sun,16,17,@,IND,L 13-22,14,24,10,58.3,124,0,1,0.0,4.2,57.1,2,13,7.69,5.2,4.77,3.29,3.04,8.9,36,146,4.1,1,15,25,60.0,104,1,1,10,0,82.7,27,85,3.1,1,209,53,3.94,62,4.03,1,28:47,2:50
65,HOU,2018-09-09,158,1,167,1,2,267,122,28:50,Sun,1,1,@,NWE,L 20-27,17,34,17,50.0,158,1,1,2.9,2.9,62.9,3,18,8.11,4.6,4.27,3.91,3.59,9.3,31,122,3.9,0,26,39,66.7,267,3,2,10,1,101.1,34,167,4.9,1,325,71,4.58,72,5.40,2,28:50,3:12
66,HOU,2018-09-16,289,2,148,0,1,183,100,29:38,Sun,2,2,@,TEN,L 17-20,22,32,10,68.8,289,2,1,6.3,3.1,107.6,4,21,11.11,9.0,8.03,8.88,7.89,13.1,34,100,2.9,0,15,22,68.2,183,2,1,8,0,123.9,26,148,5.7,0,437,62,7.05,57,4.96,1,29:38,2:57
67,HOU,2018-09-23,368,2,59,0,2,265,114,24:30,Sun,3,3,,NYG,L 22-27,24,40,16,60.0,368,2,1,5.0,2.5,98.4,3,17,6.98,9.2,8.56,9.08,8.44,15.3,27,114,4.2,1,25,29,86.2,265,2,4,32,0,127.7,19,59,3.1,0,427,62,6.89,60,6.32,2,24:30,2:58
68,HOU,2018-09-30,347,2,119,1,1,437,41,40:04,Sun,4,4,@,IND,W 37-34 (OT),29,42,13,69.0,347,2,1,4.8,2.4,102.8,7,28,14.29,8.3,7.08,8.14,6.98,12.0,17,41,2.4,0,40,62,64.5,437,4,4,27,0,106.7,35,119,3.4,1,466,84,5.55,83,5.76,1,40:04,3:57
69,HOU,2018-10-07,374,1,88,0,2,194,98,36:38,Sun,5,5,,DAL,W 19-16 (OT),33,44,11,75.0,374,1,1,2.3,2.3,98.2,1,1,2.22,8.5,8.31,7.93,7.76,11.3,29,98,3.4,0,18,29,62.1,194,1,2,14,2,64.4,31,88,2.8,0,462,76,6.08,60,4.87,2,36:38,3:23
70,HOU,2018-10-14,142,1,74,0,3,129,100,27:00,Sun,6,6,,BUF,W 20-13,15,26,11,57.7,142,1,2,3.8,7.7,59.3,7,35,21.21,5.5,4.30,2.77,2.18,9.5,27,100,3.7,0,16,29,55.2,129,1,2,16,2,49.4,24,74,3.1,0,216,57,3.79,58,3.95,3,27:00,2:55
71,HOU,2018-10-21,131,1,141,1,0,189,70,29:35,Sun,7,7,@,JAX,W 20-7,12,24,12,50.0,131,1,0,4.2,0.0,81.8,1,8,4.00,5.5,5.24,6.29,6.04,10.9,22,70,3.2,0,27,42,64.3,189,1,4,28,1,72.4,37,141,3.8,1,272,62,4.39,68,3.81,0,29:35,2:52
72,HOU,2018-10-25,239,5,188,1,0,254,116,28:51,Thu,8,8,,MIA,W 42-23,16,20,4,80.0,239,5,0,25.0,0.0,156.0,0,0,0.00,12.0,11.95,16.95,16.95,14.9,25,116,4.6,1,22,38,57.9,254,1,2,15,1,76.0,35,188,5.4,1,427,55,7.76,65,5.69,0,28:51,3:21
73,HOU,2018-11-04,192,2,98,0,0,273,75,32:25,Sun,9,9,@,DEN,W 19-17,17,24,7,70.8,192,2,0,8.3,0.0,125.9,4,21,14.29,8.0,6.86,9.67,8.29,11.3,20,75,3.8,1,26,42,61.9,273,1,2,17,0,88.7,33,98,3.0,0,290,61,4.75,64,5.44,0,32:25,3:05
74,HOU,2018-11-18,181,1,139,0,3,154,124,29:03,Sun,10,11,@,WAS,W 23-21,16,24,8,66.7,181,1,2,4.2,8.3,72.9,3,27,11.11,7.5,6.70,4.63,4.11,11.3,29,124,4.3,2,18,39,46.2,154,1,5,35,2,44.2,31,139,4.5,0,320,58,5.52,73,3.81,3,29:03,3:03
75,HOU,2018-11-26,181,2,281,2,0,260,105,29:58,Mon,11,12,,TEN,W 34-17,19,24,5,79.2,181,2,0,8.3,0.0,130.9,4,29,14.29,7.5,6.46,9.21,7.89,9.5,23,105,4.6,0,22,23,95.7,260,2,6,43,0,142.8,34,281,8.3,2,462,62,7.45,52,7.02,0,29:58,2:44
76,HOU,2018-12-02,197,1,187,0,0,397,31,37:35,Sun,12,13,,CLE,W 29-13,22,31,9,71.0,197,1,0,3.2,0.0,102.1,4,27,11.43,6.4,5.63,7.00,6.20,9.0,9,31,3.4,1,29,43,67.4,397,1,0,0,3,75.4,39,187,4.8,0,384,74,5.19,52,8.23,0,37:35,3:02
77,HOU,2018-12-09,226,1,89,2,0,386,50,31:57,Sun,13,14,,IND,L 21-24,27,38,11,71.1,226,1,0,2.6,0.0,99.3,5,41,11.63,5.9,5.26,6.47,5.72,8.4,23,50,2.2,1,27,41,65.9,386,2,2,13,1,102.3,25,89,3.6,2,315,68,4.63,66,6.61,0,31:57,3:10
78,HOU,2018-12-15,239,2,47,0,0,228,90,24:56,Sat,14,15,@,NYJ,W 29-22,22,28,6,78.6,239,2,0,7.1,0.0,134.2,6,55,17.65,8.5,7.03,9.96,8.21,10.9,31,90,2.9,1,24,38,63.2,228,2,3,25,0,97.3,17,47,2.8,0,286,51,5.61,72,4.42,0,24:56,3:09
79,HOU,2018-12-23,309,2,62,2,1,462,57,26:15,Sun,15,16,@,PHI,L 30-32,29,40,11,72.5,309,2,0,5.0,0.0,114.5,4,30,9.09,7.7,7.02,8.73,7.93,10.7,22,57,2.6,0,35,50,70.0,462,4,1,9,1,117.2,19,62,3.3,2,371,63,5.89,73,7.11,1,26:15,3:17
80,HOU,2018-12-30,208,0,134,2,1,89,30,35:07,Sun,16,17,,JAX,W 20-3,25,35,10,71.4,208,0,0,0.0,0.0,89.5,6,26,14.63,5.9,5.07,5.94,5.07,8.3,16,30,1.9,0,15,28,53.6,89,0,3,18,1,45.1,33,134,4.1,2,342,74,4.62,47,2.53,1,35:07,2:53
81,HOU,2019-09-09,234,3,180,1,1,362,148,29:47,Mon,1,1,@,NOR,L 28-30,20,30,10,66.7,234,3,1,10.0,3.3,114.3,6,34,16.67,7.8,6.50,8.30,6.92,11.7,21,148,7.0,1,32,43,74.4,362,2,1,8,1,105.0,23,180,7.8,1,414,59,7.02,65,7.85,1,29:47,3:14
82,HOU,2019-09-15,137,0,126,1,0,178,103,29:59,Sun,2,2,,JAX,W 13-12,16,29,13,55.2,137,0,0,0.0,0.0,70.9,4,22,12.12,4.7,4.15,4.72,4.15,8.6,21,103,4.9,0,23,33,69.7,178,1,4,35,0,92.7,30,126,4.2,1,263,63,4.17,58,4.84,0,29:59,3:04
83,HOU,2019-09-22,337,3,39,1,1,293,73,28:12,Sun,3,3,@,LAC,W 27-20,25,34,9,73.5,337,3,0,8.8,0.0,135.8,2,14,5.56,9.9,9.36,11.68,11.03,13.5,18,73,4.1,0,31,46,67.4,293,2,5,25,0,99.3,19,39,2.1,1,376,55,6.84,69,5.30,1,28:12,3:17
84,HOU,2019-09-29,128,0,136,1,2,203,94,29:22,Sun,4,4,,CAR,L 10-16,21,34,13,61.8,128,0,1,0.0,2.9,60.9,6,32,15.00,3.8,3.20,2.44,2.08,6.1,28,94,3.4,1,24,34,70.6,203,0,3,29,0,85.8,22,136,6.2,1,264,62,4.26,65,4.57,2,29:22,3:06
85,HOU,2019-10-06,426,5,166,1,1,316,57,31:00,Sun,5,5,,ATL,W 53-32,28,33,5,84.8,426,5,0,15.2,0.0,158.3,0,0,0.00,12.9,12.91,15.94,15.94,15.2,20,57,2.9,1,32,46,69.6,316,3,2,14,1,101.4,34,166,4.9,1,592,67,8.84,68,5.49,1,31:00,3:13
86,HOU,2019-10-13,280,1,192,3,3,256,53,39:48,Sun,6,6,@,KAN,W 31-24,30,42,12,71.4,280,1,2,2.4,4.8,77.5,0,0,0.00,6.7,6.67,5.00,5.00,9.3,11,53,4.8,0,19,35,54.3,256,3,1,17,1,94.5,41,192,4.7,3,472,83,5.69,47,6.57,3,39:48,3:07
87,HOU,2019-10-20,291,1,100,1,2,321,62,27:08,Sun,7,7,@,IND,L 23-30,23,34,11,67.6,291,1,2,2.9,5.9,81.5,3,17,8.11,8.6,7.86,6.50,5.97,12.7,26,62,2.4,0,26,40,65.0,321,4,1,5,0,123.0,24,100,4.2,1,391,61,6.41,67,5.72,2,27:08,3:10
88,HOU,2019-10-27,258,3,130,0,0,285,93,35:53,Sun,8,8,,LVR,W 27-24,27,39,12,69.2,258,3,0,7.7,0.0,115.2,3,21,7.14,6.6,6.14,8.15,7.57,9.6,23,93,4.0,0,18,30,60.0,285,3,0,0,0,125.0,32,130,4.1,0,388,74,5.24,53,7.13,0,35:53,3:08
89,HOU,2019-11-03,194,2,216,1,1,282,74,32:33,Sun,9,9,@,JAX,W 26-3,22,28,6,78.6,194,2,0,7.1,0.0,120.4,1,7,3.45,6.9,6.69,8.36,8.07,8.8,15,74,4.9,0,27,47,57.4,282,0,4,27,2,57.2,34,216,6.4,1,410,63,6.51,66,5.39,1,32:33,2:57
90,HOU,2019-11-17,110,0,122,1,2,235,256,23:41,Sun,10,11,@,BAL,L 7-41,18,30,12,60.0,110,0,1,0.0,3.3,61.7,7,59,18.92,3.7,2.97,2.17,1.76,6.1,37,256,6.9,1,20,27,74.1,235,4,0,0,0,139.7,20,122,6.1,1,232,57,4.07,64,7.67,2,23:41,2:56
91,HOU,2019-11-21,297,2,99,0,1,121,175,26:43,Thu,11,12,,IND,W 20-17,19,30,11,63.3,297,2,1,6.7,3.3,104.6,1,1,3.23,9.9,9.58,9.73,9.42,15.6,39,175,4.5,2,16,25,64.0,121,0,1,8,0,75.6,24,99,4.1,0,396,55,7.20,65,4.55,1,26:43,2:58
92,HOU,2019-12-01,224,4,52,0,0,303,145,25:25,Sun,12,13,,NWE,W 28-22,19,26,7,73.1,224,4,0,15.4,0.0,141.0,3,16,10.34,8.6,7.72,11.69,10.48,11.8,29,145,5.0,0,24,47,51.1,303,3,3,23,1,83.9,23,52,2.3,0,276,52,5.31,79,5.67,0,25:25,3:16
93,HOU,2019-12-08,280,1,134,2,3,301,90,28:35,Sun,13,14,,DEN,L 24-38,28,50,22,56.0,280,1,2,2.0,4.0,63.1,3,12,5.66,5.6,5.28,4.20,3.96,10.0,27,90,3.3,1,22,27,81.5,301,3,1,8,1,134.7,22,134,6.1,2,414,75,5.52,55,7.11,3,28:35,3:12
94,HOU,2019-12-15,234,2,140,1,2,269,163,31:20,Sun,14,15,@,TEN,W 24-21,19,27,8,70.4,234,2,2,7.4,7.4,92.1,1,9,3.57,8.7,8.36,6.81,6.57,12.3,28,163,5.8,1,22,37,59.5,269,2,2,10,1,88.7,35,140,4.0,1,374,63,5.94,67,6.45,2,31:20,3:02
95,HOU,2019-12-21,161,0,68,1,2,329,106,29:32,Sat,15,16,@,TAM,W 23-20,19,32,13,59.4,161,0,1,0.0,3.1,62.5,5,23,13.51,5.0,4.35,3.63,3.14,8.5,21,106,5.0,1,25,48,52.1,329,1,3,6,4,46.3,26,68,2.6,1,229,63,3.63,72,6.04,2,29:32,3:15
96,HOU,2019-12-29,192,0,109,2,1,222,245,31:39,Sun,16,17,,TEN,L 14-35,21,36,15,58.3,192,0,1,0.0,2.8,65.2,4,33,10.00,5.3,4.80,4.08,3.68,9.1,39,245,6.3,3,14,21,66.7,222,2,0,0,0,133.4,25,109,4.4,2,301,65,4.63,60,7.78,1,31:39,2:53
97,HOU,2020-09-10,242,1,118,2,1,203,166,25:13,Thu,1,1,@,KAN,L 20-34,20,32,12,62.5,242,1,1,3.1,3.1,84.5,4,11,11.11,7.6,6.72,6.78,6.03,12.1,34,166,4.9,1,24,32,75.0,203,3,1,8,0,122.3,22,118,5.4,2,360,58,6.21,67,5.51,1,25:13,2:53
98,HOU,2020-09-20,253,1,51,0,2,177,230,25:09,Sun,2,2,,BAL,L 16-33,25,36,11,69.4,253,1,1,2.8,2.8,89.5,4,22,10.00,7.0,6.33,6.33,5.70,10.1,37,230,6.2,1,18,24,75.0,177,1,4,27,0,109.2,17,51,3.0,0,304,57,5.33,65,6.26,2,25:09,2:55
99,HOU,2020-09-27,231,2,29,1,1,218,169,23:09,Sun,3,3,@,PIT,L 21-28,19,27,8,70.4,231,2,1,7.4,3.7,110.7,5,33,15.63,8.6,7.22,8.37,7.06,12.2,38,169,4.4,1,23,36,63.9,218,2,2,19,0,99.1,15,29,1.9,1,260,47,5.53,76,5.09,1,23:09,2:57
100,HOU,2020-10-04,290,2,96,0,1,248,162,23:29,Sun,4,4,,MIN,L 23-31,20,33,13,60.6,290,2,0,6.1,0.0,110.7,3,10,8.33,8.8,8.06,10.00,9.17,14.5,40,162,4.1,3,16,22,72.7,248,1,3,12,0,124.8,26,96,3.7,0,386,62,6.23,65,6.31,1,23:29,3:00
101,HOU,2020-10-11,357,3,129,0,2,289,75,28:01,Sun,5,5,,JAX,W 30-14,25,35,10,71.4,357,3,2,8.6,5.7,109.1,1,2,2.78,10.2,9.92,9.34,9.08,14.3,20,75,3.8,0,31,49,63.3,289,2,4,12,0,93.0,22,129,5.9,0,486,58,8.38,73,4.99,2,28:01,2:55
102,HOU,2020-10-18,320,4,92,1,0,344,263,31:40,Sun,6,6,@,TEN,L 36-42 (OT),28,38,10,73.7,320,4,0,10.5,0.0,135.3,2,15,5.00,8.4,8.00,10.53,10.00,11.4,27,263,9.7,2,30,41,73.2,344,4,2,22,1,120.4,27,92,3.4,1,412,67,6.15,70,8.67,0,31:40,3:12
103,HOU,2020-10-25,286,2,79,0,1,283,96,31:06,Sun,7,7,,GNB,L 20-35,29,39,10,74.4,286,2,0,5.1,0.0,114.2,3,23,7.14,7.3,6.81,8.36,7.76,9.9,27,96,3.6,1,23,34,67.6,283,4,0,0,0,132.4,22,79,3.6,0,365,64,5.70,61,6.21,1,31:06,3:03
104,HOU,2020-11-08,267,2,107,1,1,288,115,27:53,Sun,8,9,@,JAX,W 27-25,19,32,13,59.4,267,2,0,6.3,0.0,109.0,2,14,5.88,8.3,7.85,9.59,9.03,14.1,27,115,4.3,2,26,38,68.4,288,1,2,16,1,88.5,28,107,3.8,1,374,62,6.03,67,6.01,1,27:53,3:11
105,HOU,2020-11-15,153,1,90,0,0,125,231,26:40,Sun,9,10,@,CLE,L 7-10,20,30,10,66.7,153,1,0,3.3,0.0,91.4,2,10,6.25,5.1,4.78,5.77,5.41,7.7,41,231,5.6,1,12,20,60.0,125,0,1,7,0,78.1,22,90,4.1,0,243,54,4.50,62,5.74,0,26:40,2:35
106,HOU,2020-11-22,344,2,55,1,0,349,86,27:42,Sun,10,11,,NWE,W 27-20,28,37,9,75.7,344,2,0,5.4,0.0,121.9,0,0,0.00,9.3,9.30,10.38,10.38,12.3,24,86,3.6,1,26,40,65.0,349,1,2,16,0,100.9,19,55,2.9,1,399,56,7.13,66,6.59,0,27:42,3:05
107,HOU,2020-11-26,307,4,77,0,1,279,109,26:16,Thu,11,12,@,DET,W 41-25,17,25,8,68.0,307,4,0,16.0,0.0,150.4,2,11,7.41,12.3,11.37,15.48,14.33,18.1,29,109,3.8,2,28,43,65.1,279,1,4,16,1,81.4,23,77,3.3,0,384,50,7.68,76,5.11,1,26:16,3:14
108,HOU,2020-12-06,308,0,90,2,2,262,109,26:28,Sun,12,13,,IND,L 20-26,26,38,12,68.4,308,0,1,0.0,2.6,85.5,5,33,11.63,8.1,7.16,6.92,6.12,11.8,29,109,3.8,1,27,35,77.1,262,2,3,23,0,116.6,19,90,4.7,2,398,62,6.42,67,5.54,2,26:28,3:10
109,HOU,2020-12-13,155,1,108,0,2,241,169,30:26,Sun,13,14,@,CHI,L 7-36,21,30,9,70.0,155,1,0,3.3,0.0,101.9,7,64,18.92,5.2,4.19,5.83,4.73,7.4,23,169,7.3,1,24,33,72.7,241,3,3,26,0,123.4,27,108,4.0,0,263,64,4.11,59,6.95,2,30:26,4:06
110,HOU,2020-12-20,342,2,83,0,2,223,127,30:50,Sun,14,15,@,IND,L 20-27,33,41,8,80.5,342,2,0,4.9,0.0,120.8,5,31,10.87,8.3,7.43,9.32,8.30,10.4,23,127,5.5,1,22,29,75.9,223,2,1,5,0,120.3,21,83,4.0,0,425,67,6.34,53,6.60,2,30:50,2:49
111,HOU,2020-12-27,322,3,166,1,1,371,169,23:50,Sun,15,16,,CIN,L 31-37,24,33,9,72.7,322,3,0,9.1,0.0,133.9,1,2,2.94,9.8,9.47,11.58,11.24,13.4,33,169,5.1,2,29,38,76.3,371,2,0,0,0,123.9,17,166,9.8,1,488,51,9.57,71,7.61,1,23:50,3:04
112,HOU,2021-01-03,361,3,96,1,1,204,288,28:56,Sun,16,17,,TEN,L 38-41,29,40,11,72.5,361,3,1,7.5,2.5,117.2,4,24,9.09,9.0,8.20,9.40,8.55,12.4,41,288,7.0,4,18,27,66.7,204,1,2,12,0,101.5,17,96,5.6,1,457,61,7.49,70,7.03,1,28:56,3:13
113,HOU,2021-09-12,289,2,160,2,0,319,76,35:04,Sun,1,1,,JAX,W 37-21,21,33,12,63.6,289,2,0,6.1,0.0,112.1,1,2,2.94,8.8,8.50,9.97,9.68,13.8,16,76,4.8,0,28,51,54.9,319,3,1,13,3,69.0,41,160,3.9,2,449,75,5.99,68,5.81,0,35:04,3:24
114,HOU,2021-09-19,220,2,82,1,2,199,156,24:55,Sun,2,2,@,CLE,L 21-31,18,29,11,62.1,220,2,1,6.9,3.4,95.0,1,7,3.33,7.6,7.33,7.41,7.17,12.2,34,156,4.6,3,19,21,90.5,199,1,2,14,1,102.2,28,82,2.9,1,302,58,5.21,57,6.23,2,24:55,3:01
115,HOU,2021-09-23,151,1,42,0,0,290,117,24:15,Thu,3,3,,CAR,L 9-24,19,28,9,67.9,151,1,0,3.6,0.0,95.5,4,17,12.50,5.4,4.72,6.11,5.34,7.9,33,117,3.5,3,23,34,67.6,290,0,3,14,0,94.0,17,42,2.5,0,193,49,3.94,70,5.81,0,24:15,2:52
116,HOU,2021-10-03,61,0,48,0,5,251,199,21:45,Sun,4,4,@,BUF,L 0-40,11,21,10,52.4,61,0,4,0.0,19.0,23.4,3,26,12.50,2.9,2.54,-5.67,-4.96,5.5,40,199,5.0,2,21,31,67.7,251,2,1,5,1,100.3,18,48,2.7,0,109,42,2.60,72,6.25,5,21:45,2:58
117,HOU,2021-10-10,293,3,67,0,1,226,126,29:16,Sun,5,5,,NWE,L 22-25,21,29,8,72.4,293,3,0,10.3,0.0,141.7,3,19,9.38,10.1,9.16,12.17,11.03,14.0,30,126,4.2,1,23,30,76.7,226,1,1,5,1,94.6,24,67,2.8,0,360,56,6.43,61,5.77,1,29:16,3:01
118,HOU,2021-10-17,229,0,124,0,3,214,174,34:33,Sun,6,6,@,IND,L 3-31,29,43,14,67.4,229,0,2,0.0,4.7,62.5,2,14,4.44,5.3,5.09,3.23,3.09,7.9,26,174,6.7,2,11,20,55.0,214,2,2,9,0,125.8,29,124,4.3,0,353,74,4.77,48,8.08,3,34:33,2:55
119,HOU,2021-10-24,118,0,42,0,1,225,172,25:57,Sun,7,7,@,ARI,L 5-31,23,32,9,71.9,118,0,0,0.0,0.0,79.6,2,17,5.88,3.7,3.47,3.69,3.47,5.1,37,172,4.6,1,20,28,71.4,225,3,4,36,1,115.9,15,42,2.8,0,160,49,3.27,69,5.75,1,25:57,2:59
120,HOU,2021-10-31,279,2,44,1,1,302,165,26:25,Sun,8,8,,LAR,L 22-38,29,39,10,74.4,279,2,1,5.1,2.6,103.6,5,31,11.36,7.2,6.34,7.03,6.23,9.6,31,165,5.3,2,22,34,64.7,302,3,1,8,0,122.4,14,44,3.1,1,323,58,5.57,66,7.08,1,26:25,2:55
121,HOU,2021-11-07,199,0,73,0,4,215,47,29:42,Sun,9,9,@,MIA,L 9-17,24,44,20,54.5,199,0,3,0.0,6.8,41.9,5,41,10.20,4.5,4.06,1.45,1.31,8.3,25,47,1.9,1,26,43,60.5,215,1,4,29,2,61.7,18,73,4.1,0,272,67,4.06,72,3.64,4,29:42,3:14
122,HOU,2021-11-21,107,0,83,2,0,317,103,29:38,Sun,10,11,@,TEN,W 22-13,14,24,10,58.3,107,0,0,0.0,0.0,69.3,0,0,0.00,4.5,4.46,4.46,4.46,7.6,25,103,4.1,0,35,52,67.3,317,1,2,6,4,57.9,38,83,2.2,2,190,62,3.06,79,5.32,0,29:38,3:06
123,HOU,2021-11-28,106,2,96,0,1,109,157,26:18,Sun,11,12,,NYJ,L 14-21,17,26,9,65.4,106,2,1,7.7,3.8,91.5,5,52,16.13,4.1,3.42,3.88,3.26,6.2,34,157,4.6,2,14,24,58.3,109,0,4,36,1,52.3,24,96,4.0,0,202,55,3.67,62,4.29,1,26:18,2:57
124,HOU,2021-12-05,57,0,84,0,2,151,238,18:25,Sun,12,13,,IND,L 0-31,11,27,16,40.7,57,0,1,0.0,3.7,35.1,4,37,12.90,2.1,1.84,0.44,0.39,5.2,48,238,5.0,3,16,22,72.7,151,1,1,7,0,106.4,19,84,4.4,0,141,50,2.82,71,5.48,2,18:25,2:55
125,HOU,2021-12-12,317,1,63,0,0,260,193,33:19,Sun,13,14,,SEA,L 13-33,33,49,16,67.3,317,1,0,2.0,0.0,93.2,2,14,3.92,6.5,6.22,6.88,6.61,9.6,29,193,6.7,2,17,28,60.7,260,2,0,0,0,115.2,25,63,2.5,0,380,76,5.00,57,7.95,0,33:19,3:16
126,HOU,2021-12-19,206,2,75,0,1,189,107,30:07,Sun,14,15,@,JAX,W 30-16,19,30,11,63.3,206,2,1,6.7,3.3,92.2,1,3,3.23,6.9,6.65,6.70,6.48,10.8,25,107,4.3,1,22,38,57.9,189,0,3,21,0,71.1,26,75,2.9,0,281,57,4.93,66,4.48,1,30:07,3:03
127,HOU,2021-12-26,248,2,189,2,0,328,89,34:52,Sun,15,16,,LAC,W 41-29,21,27,6,77.8,248,2,0,7.4,0.0,130.6,1,6,3.57,9.2,8.86,10.67,10.29,11.8,21,89,4.2,2,27,35,77.1,328,1,1,8,2,91.1,36,189,5.3,2,437,64,6.83,57,7.32,0,34:52,2:56
128,HOU,2022-01-02,136,1,86,0,1,241,175,30:31,Sun,16,17,@,SFO,L 7-23,21,32,11,65.6,136,1,1,3.1,3.1,75.4,3,27,8.57,4.3,3.89,3.47,3.17,6.5,37,175,4.7,0,16,23,69.6,241,2,1,8,1,114.6,27,86,3.2,0,222,62,3.58,61,6.82,1,30:31,2:57
129,HOU,2022-01-09,289,3,64,0,0,281,124,26:26,Sun,17,18,,TEN,L 25-28,23,33,10,69.7,289,3,0,9.1,0.0,128.5,2,12,5.71,8.8,8.26,10.58,9.97,12.6,32,124,3.9,0,23,32,71.9,281,4,1,6,0,138.2,21,64,3.0,0,353,56,6.30,65,6.23,0,26:26,3:02
130,HOU,2022-09-11,222,2,77,0,1,340,177,30:23,Sun,1,1,,IND,T 20-20 (OT),23,37,14,62.2,222,2,0,5.4,0.0,98.9,3,18,7.50,6.0,5.55,7.08,6.55,9.7,38,177,4.7,1,32,50,64.0,340,1,2,12,1,82.1,28,77,2.8,0,299,68,4.40,90,5.74,1,30:23,3:33
131,HOU,2022-09-18,154,0,80,0,0,201,149,27:27,Sun,2,2,@,DEN,L 9-16,19,38,19,50.0,154,0,0,0.0,0.0,63.2,3,23,7.32,4.1,3.76,4.05,3.76,8.1,31,149,4.8,0,14,31,45.2,201,1,3,18,1,64.0,18,80,4.4,0,234,59,3.97,65,5.38,0,27:27,3:04
132,HOU,2022-09-25,237,1,92,1,2,82,281,28:38,Sun,3,3,@,CHI,L 20-23,20,32,12,62.5,237,1,2,3.1,6.3,70.4,1,8,3.03,7.4,7.18,5.22,5.06,11.9,40,281,7.0,2,8,17,47.1,82,0,5,24,2,21.8,24,92,3.8,1,329,57,5.77,62,5.85,2,28:38,2:55
133,HOU,2022-10-02,215,2,131,1,2,338,81,28:21,Sun,4,4,,LAC,L 24-34,26,35,9,74.3,215,2,2,5.7,5.7,88.5,4,31,10.26,6.1,5.51,4.71,4.23,8.3,27,81,3.0,2,27,39,69.2,338,2,1,2,0,113.0,14,131,9.4,1,346,53,6.53,67,6.25,2,28:21,3:00
134,HOU,2022-10-09,132,0,116,1,0,286,136,31:47,Sun,5,5,@,JAX,W 13-6,16,24,8,66.7,132,0,0,0.0,0.0,81.9,1,8,4.00,5.5,5.28,5.50,5.28,8.3,26,136,5.2,0,25,47,53.2,286,0,0,0,2,54.0,31,116,3.7,1,248,56,4.43,73,5.78,0,31:47,2:58
135,HOU,2022-10-23,296,2,108,0,1,236,164,29:17,Sun,6,7,@,LVR,L 20-38,28,41,13,68.3,296,2,1,4.9,2.4,95.8,1,6,2.38,7.2,7.05,7.10,6.93,10.6,27,164,6.1,3,21,27,77.8,236,1,1,5,0,115.4,23,108,4.7,0,404,65,6.22,55,7.27,1,29:17,2:50
136,HOU,2022-10-30,118,1,43,0,1,40,314,25:12,Sun,7,8,,TEN,L 10-17,17,30,13,56.7,118,1,1,3.3,3.3,67.6,3,34,9.09,3.9,3.58,3.10,2.82,6.9,45,314,7.0,2,6,10,60.0,40,0,3,15,1,29.2,18,43,2.4,0,161,51,3.16,58,6.10,1,25:12,2:51
137,HOU,2022-11-03,135,2,168,0,2,217,143,31:47,Thu,8,9,,PHI,L 17-29,13,22,9,59.1,135,2,2,9.1,9.1,72.9,3,19,12.00,6.1,5.40,3.86,3.40,10.4,31,143,4.6,2,21,27,77.8,217,2,4,26,0,124.8,32,168,5.3,0,303,57,5.32,62,5.81,2,31:47,2:50
138,HOU,2022-11-13,286,1,101,0,2,176,191,26:40,Sun,9,10,@,NYG,L 16-24,22,37,15,59.5,286,1,1,2.7,2.7,85.3,4,33,9.76,7.7,6.98,7.05,6.37,13.0,47,191,4.1,1,13,17,76.5,176,2,3,21,0,148.2,19,101,5.3,0,387,60,6.45,67,5.48,2,26:40,3:12
139,HOU,2022-11-20,127,0,21,1,2,191,153,25:04,Sun,10,11,,WAS,L 10-23,19,33,14,57.6,127,0,2,0.0,6.1,46.1,5,42,13.16,3.8,3.34,1.12,0.97,6.7,40,153,3.8,1,15,27,55.6,191,0,0,0,0,77.9,16,21,1.3,1,148,54,2.74,67,5.13,2,25:04,2:54
140,HOU,2022-11-27,174,1,36,1,3,273,66,27:33,Sun,11,12,@,MIA,L 15-30,26,39,13,66.7,174,1,2,2.6,5.1,67.8,5,41,11.36,4.5,3.95,2.67,2.36,6.7,26,66,2.5,1,23,41,56.1,273,1,5,32,0,84.7,14,36,2.6,1,210,58,3.62,72,4.71,3,27:33,3:03
141,HOU,2022-12-04,201,1,82,0,4,130,174,27:44,Sun,12,13,,CLE,L 14-27,20,39,19,51.3,201,1,2,2.6,5.1,53.5,0,0,0.00,5.2,5.15,3.36,3.36,10.1,38,174,4.6,0,12,22,54.5,130,0,1,1,1,53.2,22,82,3.7,0,283,61,4.64,61,4.98,4,27:44,3:11
142,HOU,2022-12-11,213,1,114,1,2,277,127,33:14,Sun,13,14,@,DAL,L 23-27,20,27,7,74.1,213,1,1,3.7,3.7,93.6,0,0,0.00,7.9,7.89,6.96,6.96,10.7,31,127,4.1,2,24,39,61.5,277,1,1,7,2,70.1,37,114,3.1,1,327,64,5.11,71,5.69,2,33:14,3:06
143,HOU,2022-12-18,125,2,94,1,1,313,189,27:25,Sun,14,15,,KAN,L 24-30 (OT),14,29,15,48.3,125,2,0,6.9,0.0,83.8,1,4,3.33,4.3,4.17,5.69,5.50,8.9,33,189,5.7,2,36,41,87.8,313,2,2,23,0,114.7,28,94,3.4,1,219,58,3.78,76,6.61,1,27:25,3:11
144,HOU,2022-12-24,215,1,70,0,1,88,184,33:03,Sat,15,16,@,TEN,W 19-14,20,32,12,62.5,215,1,1,3.1,3.1,79.9,1,3,3.03,6.7,6.52,5.94,5.76,10.8,31,184,5.9,2,14,23,60.9,88,0,4,11,2,32.5,30,70,2.3,0,285,63,4.52,58,4.69,1,33:03,2:42
145,HOU,2023-01-01,193,0,84,0,1,168,169,30:30,Sun,16,17,,JAX,L 3-31,25,44,19,56.8,193,0,0,0.0,0.0,69.4,2,18,4.35,4.4,4.20,4.39,4.20,7.7,29,169,5.8,3,22,29,75.9,168,0,2,13,2,60.7,21,84,4.0,0,277,67,4.13,60,5.62,1,30:30,2:54
146,HOU,2023-01-08,301,3,59,0,3,202,196,26:07,Sun,17,18,@,IND,W 32-31,24,40,16,60.0,301,3,2,7.5,5.0,88.6,1,10,2.44,7.5,7.34,6.78,6.61,12.5,33,196,5.9,1,23,35,65.7,202,2,2,7,2,76.1,23,59,2.6,0,360,64,5.63,70,5.69,3,26:07,3:09
147,HOU,2023-09-10,196,0,72,0,1,155,110,29:05,Sun,1,1,@,BAL,L 9-25,28,44,16,63.6,196,0,0,0.0,0.0,78.0,5,46,10.20,4.5,4.00,4.45,4.00,7.0,32,110,3.4,3,17,22,77.3,155,0,4,14,1,76.9,23,72,3.1,0,268,72,3.72,58,4.57,1,29:05,3:16
148,HOU,2023-09-17,337,2,52,0,1,227,126,34:58,Sun,2,2,,IND,L 20-31,30,47,17,63.8,337,2,0,4.3,0.0,103.5,6,47,11.32,7.2,6.36,8.02,7.11,11.2,23,126,5.5,3,25,33,75.8,227,1,0,0,0,104.0,26,52,2.0,0,389,79,4.92,56,6.30,1,34:58,3:02
149,HOU,2023-09-24,280,2,86,1,0,288,116,27:57,Sun,3,3,@,JAX,W 37-17,20,30,10,66.7,280,2,0,6.7,0.0,118.7,0,0,0.00,9.3,9.33,10.67,10.67,14.0,27,116,4.3,1,29,42,69.0,288,1,0,0,1,86.2,26,86,3.3,1,366,56,6.54,69,5.86,0,27:57,3:03
150,HOU,2023-10-01,312,3,139,0,0,111,114,32:35,Sun,4,4,,PIT,W 30-6,17,31,14,54.8,312,3,0,9.7,0.0,122.0,0,0,0.00,10.1,10.06,12.00,12.00,18.4,25,114,4.6,0,18,28,64.3,111,0,3,21,1,57.3,38,139,3.7,0,451,69,6.54,56,4.02,0,32:35,2:57
151,HOU,2023-10-08,249,1,64,0,0,351,96,24:28,Sun,5,5,@,ATL,L 19-21,20,35,15,57.1,249,1,0,2.9,0.0,88.9,0,0,0.00,7.1,7.11,7.69,7.69,12.5,36,96,2.7,1,29,38,76.3,351,1,0,0,0,112.9,23,64,2.8,0,313,58,5.40,74,6.04,0,24:28,3:00
152,HOU,2023-10-15,177,2,120,0,1,341,89,28:27,Sun,6,6,,NOR,W 20-13,13,27,14,48.1,177,2,1,7.4,3.7,82.2,2,22,6.90,6.6,6.10,6.37,5.93,13.6,25,89,3.6,0,33,51,64.7,341,1,2,16,1,82.2,31,120,3.9,0,297,60,4.95,78,5.51,1,28:27,3:05
153,HOU,2023-10-29,119,0,110,2,1,180,44,29:31,Sun,7,8,@,CAR,L 13-15,16,24,8,66.7,119,0,0,0.0,0.0,81.9,2,21,7.69,5.0,4.58,4.96,4.58,7.4,24,44,1.8,0,22,31,71.0,180,1,6,55,0,96.2,30,110,3.7,2,229,56,4.09,61,3.67,1,29:31,2:57
154,HOU,2023-11-05,443,5,53,0,1,251,81,28:40,Sun,8,9,,TAM,W 39-37,30,42,12,71.4,443,5,0,11.9,0.0,147.8,3,27,6.67,10.5,9.84,12.93,12.07,14.8,31,81,2.6,2,21,30,70.0,251,2,2,14,0,117.5,17,53,3.1,0,496,62,8.00,63,5.27,1,28:40,3:24
155,HOU,2023-11-12,356,1,188,2,3,314,66,31:30,Sun,9,10,@,CIN,W 30-27,23,39,16,59.0,356,1,1,2.6,2.6,87.1,1,0,2.50,9.1,8.90,8.49,8.28,15.5,16,66,4.1,1,27,40,67.5,314,2,4,33,2,86.9,34,188,5.5,2,544,74,7.35,60,6.33,3,31:30,3:10
156,HOU,2023-11-19,308,2,111,1,3,196,123,31:15,Sun,10,11,,ARI,W 21-16,28,38,10,73.7,308,2,3,5.3,7.9,85.2,4,30,9.52,8.1,7.33,5.61,5.07,11.0,25,123,4.9,1,20,30,66.7,196,1,3,18,1,82.1,25,111,4.4,1,419,67,6.25,58,5.50,3,31:15,2:51
157,HOU,2023-11-26,261,2,91,1,0,364,81,26:06,Sun,11,12,,JAX,L 21-24,26,36,10,72.2,261,2,0,5.6,0.0,116.0,4,43,10.00,7.3,6.53,8.36,7.53,10.0,30,81,2.7,1,23,38,60.5,364,1,0,0,1,90.2,18,91,5.1,1,352,58,6.07,68,6.54,0,26:06,3:08
158,HOU,2023-12-03,264,1,89,1,0,164,118,33:04,Sun,12,13,,DEN,W 22-17,17,28,11,60.7,264,1,0,3.6,0.0,108.0,5,28,15.15,9.4,8.00,10.14,8.61,15.5,30,118,3.9,1,15,26,57.7,164,1,3,22,3,49.7,30,89,3.0,1,353,63,5.60,59,4.78,0,33:04,3:09
159,HOU,2023-12-10,54,0,81,1,0,268,79,22:55,Sun,13,14,@,NYJ,L 6-30,11,28,17,39.3,54,0,0,0.0,0.0,49.0,5,41,15.15,1.9,1.64,1.93,1.64,4.9,26,79,3.0,1,27,36,75.0,268,2,4,33,0,114.1,19,81,4.3,1,135,52,2.60,66,5.26,0,22:55,2:57
160,HOU,2023-12-17,192,1,148,0,1,138,66,36:32,Sun,14,15,@,TEN,W 19-16 (OT),23,36,13,63.9,192,1,1,2.8,2.8,79.5,4,37,10.00,5.3,4.80,4.64,4.18,8.3,30,66,2.2,1,17,26,65.4,138,0,7,61,1,62.7,32,148,4.6,0,340,72,4.72,63,3.24,1,36:32,3:23
161,HOU,2023-12-24,178,2,72,0,2,364,54,26:26,Sun,15,16,,CLE,L 22-36,26,49,23,53.1,178,2,2,4.1,4.1,60.8,3,33,5.77,3.6,3.42,2.61,2.46,6.8,30,54,1.8,2,28,44,63.6,364,3,1,10,2,93.4,16,72,4.5,0,250,68,3.68,75,5.57,2,26:26,3:20
162,HOU,2023-12-31,201,1,111,0,0,134,53,33:11,Sun,16,17,,TEN,W 26-3,24,32,8,75.0,201,1,0,3.1,0.0,102.7,1,12,3.03,6.3,6.09,6.91,6.70,8.4,21,53,2.5,0,18,26,69.2,134,0,6,50,0,81.2,28,111,4.0,0,312,61,5.11,53,3.53,0,33:11,2:39
163,HOU,2024-01-06,246,2,60,1,0,133,227,29:18,Sat,17,18,@,IND,W 23-19,20,26,6,76.9,246,2,0,7.7,0.0,134.1,2,18,7.14,9.5,8.79,11.00,10.21,12.3,37,227,6.1,1,13,24,54.2,133,0,1,8,0,70.3,28,60,2.1,1,306,56,5.46,62,5.81,0,29:18,3:05
