Game Order,Team,Date,Passing Yards,Passings TD,Rushing Yards,Rushing TD,Turnovers,Opponent Passing Yards,Opponent Rushing Yards,Time of Possession,Day of Week,Game Number,Week,Home/Away,Opponent,Result,Passing Completions,Passing Attempts,Passing Incompletions,Passing Completion Percentage,Passing TD,Interceptions,TD Percentage per Pass,Interception Percentage per Pass,Passer Rating,Times Sacked,Sack Yards,Sack Percentage,Yards per Attempt,Net Yards per Attempt,Adjusted Yards per Attempt,Adjusted Net Yards per Attempt,Yards per Completion,Opponent Rushing Attempts,Opponent Rushing Yards per Attempt,Opponent Rushing TD,Opponent Pass Completions,Opponent Pass Attempts,Opponent Completion Percentage,Opponent Passing TD,Opponent Times Sacked,Opponent Sack Yards,Opponent Interceptions,Opponent Passer Rating,Rushing Attempts,Rusing Yards per Attempt,Total Yardage,Offense Number of Plays,Yards per Offensive Play,Defense Number of Plays,Yards Allowed per Defensive Play,Turnovers Lost,Total Time
1,MIN,2014-09-07,170,2,185,1,0,246,72,28:17,Sun,1,1,@,LAR,W 34-6,17,25,8,68.0,2,0,8.0,0.0,113.7,0,0,0.00,6.8,6.80,8.40,8.40,10.0,22,3.3,0,24,36,66.7,0,5,27,2,63.0,32,5.8,355,57,6.23,63,5.05,0,3:03
2,MIN,2014-09-14,163,1,54,0,4,142,150,28:26,Sun,2,2,,NWE,L 7-30,19,36,17,52.8,1,4,2.8,11.1,39.1,6,39,14.29,4.5,3.88,0.08,0.07,8.6,37,4.1,1,14,21,66.7,1,1,7,0,101.7,19,2.8,217,61,3.56,59,4.95,4,3:03
3,MIN,2014-09-21,188,0,59,0,0,288,108,26:27,Sun,3,3,@,NOR,L 9-20,17,30,13,56.7,0,0,0.0,0.0,77.5,2,15,6.25,6.3,5.88,6.27,5.88,11.1,32,3.4,1,27,35,77.1,2,1,5,0,119.7,22,2.7,247,54,4.57,68,5.82,0,2:47
4,MIN,2014-09-28,317,0,241,4,0,288,123,32:52,Sun,4,4,,ATL,W 41-28,19,30,11,63.3,0,0,0.0,0.0,98.9,0,0,0.00,10.6,10.57,10.57,10.57,16.7,22,5.6,1,25,41,61.0,3,1,10,2,86.2,44,5.5,558,74,7.54,64,6.42,0,3:19
5,MIN,2014-10-02,188,0,111,1,3,164,156,32:09,Thu,5,5,@,GNB,L 10-42,22,44,22,50.0,0,2,0.0,4.5,45.8,6,34,12.00,4.3,3.76,2.23,1.96,8.5,28,5.6,2,15,22,68.2,3,2,14,1,110.6,25,4.4,299,75,3.99,52,6.15,3,3:02
6,MIN,2014-10-12,143,0,69,0,3,155,100,27:39,Sun,6,6,,DET,L 3-17,23,37,14,62.2,0,3,0.0,8.1,41.3,8,45,17.78,3.9,3.18,0.22,0.18,6.2,28,3.6,1,19,33,57.6,1,4,30,0,79.7,18,3.8,212,63,3.37,65,3.92,3,3:02
7,MIN,2014-10-19,118,1,158,0,2,255,118,32:23,Sun,7,7,@,BUF,L 16-17,15,26,11,57.7,1,2,3.8,7.7,56.1,5,39,16.13,4.5,3.81,1.85,1.55,7.9,19,6.2,0,31,43,72.1,2,6,28,1,92.7,29,5.4,276,60,4.60,68,5.49,2,3:10
8,MIN,2014-10-26,235,1,97,0,0,159,66,30:34,Sun,8,8,@,TAM,W 19-13 (OT),24,42,18,57.1,1,0,2.4,0.0,81.5,1,6,2.33,5.6,5.47,6.07,5.93,9.8,23,2.9,0,19,28,67.9,1,5,12,1,79.3,22,4.4,332,65,5.11,56,4.02,0,3:09
9,MIN,2014-11-02,252,1,100,3,0,225,122,30:26,Sun,9,9,,WAS,W 29-26,26,42,16,61.9,1,0,2.4,0.0,88.2,2,16,4.55,6.0,5.73,6.48,6.18,9.7,29,4.2,2,18,28,64.3,1,5,26,1,86.2,27,3.7,352,71,4.96,62,5.60,0,3:11
10,MIN,2014-11-16,147,1,96,0,1,330,138,21:22,Sun,10,11,@,CHI,L 13-21,18,28,10,64.3,1,1,3.6,3.6,76.2,2,11,6.67,5.3,4.90,4.36,4.07,8.2,31,4.5,0,31,43,72.1,3,0,0,2,98.0,16,6.0,243,46,5.28,74,6.32,1,2:56
11,MIN,2014-11-23,196,2,112,0,1,207,155,28:15,Sun,11,12,,GNB,L 21-24,21,37,16,56.8,2,1,5.4,2.7,79.8,2,14,5.13,5.3,5.03,5.16,4.90,9.3,32,4.8,1,19,29,65.5,2,1,2,0,109.4,25,4.5,308,64,4.81,62,5.84,1,2:57
12,MIN,2014-11-30,118,2,92,0,0,170,178,24:12,Sun,12,13,,CAR,W 31-13,15,21,6,71.4,2,0,9.5,0.0,120.7,3,20,12.50,5.6,4.92,7.52,6.58,7.9,33,5.4,0,18,35,51.4,1,4,24,1,62.8,24,3.8,210,48,4.38,72,4.83,0,2:50
13,MIN,2014-12-07,297,2,114,0,2,242,168,28:47,Sun,13,14,,NYJ,W 30-24 (OT),19,27,8,70.4,2,1,7.4,3.7,117.7,3,12,10.00,11.0,9.90,10.81,9.73,15.6,42,4.0,0,18,29,62.1,1,3,12,1,85.7,28,4.1,411,58,7.09,74,5.54,2,3:17
14,MIN,2014-12-14,284,1,76,1,2,153,80,34:43,Sun,14,15,@,DET,L 14-16,31,41,10,75.6,1,2,2.4,4.9,84.9,4,31,8.89,6.9,6.31,5.22,4.76,9.2,22,3.6,0,17,28,60.7,1,0,0,0,87.4,21,3.6,360,66,5.45,50,4.66,2,2:49
15,MIN,2014-12-21,238,2,119,2,1,383,110,26:54,Sun,15,16,@,MIA,L 35-37,19,26,7,73.1,2,1,7.7,3.8,114.1,4,21,13.33,9.2,7.93,8.96,7.77,12.5,29,3.8,1,35,47,74.5,4,1,13,1,117.6,28,4.3,357,58,6.16,77,6.40,1,3:28
16,MIN,2014-12-28,190,1,121,0,1,165,99,28:27,Sun,16,17,,CHI,W 13-9,17,25,8,68.0,1,1,4.0,4.0,90.2,3,19,10.71,7.6,6.79,6.60,5.89,11.2,21,4.7,0,23,36,63.9,0,2,7,0,74.4,33,3.7,311,61,5.10,59,4.47,1,2:53
17,MIN,2015-09-14,177,0,71,0,1,165,230,26:58,Mon,1,1,@,SFO,L 3-20,23,32,9,71.9,0,1,0.0,3.1,79.0,5,54,13.51,5.5,4.78,4.13,3.57,7.7,39,5.9,2,17,26,65.4,0,1,0,0,83.0,17,4.2,248,54,4.59,66,5.98,1,2:49
18,MIN,2015-09-20,151,1,199,2,1,285,38,31:06,Sun,2,2,,DET,W 26-16,14,18,4,77.8,1,0,5.6,0.0,120.6,1,2,5.26,8.4,7.95,9.50,9.00,10.8,16,2.4,0,32,53,60.4,2,1,1,1,79.5,42,4.7,350,61,5.74,70,4.61,1,3:17
19,MIN,2015-09-27,121,0,163,3,1,279,90,26:31,Sun,3,3,,LAC,W 31-14,13,24,11,54.2,0,1,0.0,4.2,50.9,0,0,0.00,5.0,5.04,3.17,3.17,9.3,28,3.2,0,26,40,65.0,2,4,30,1,91.6,31,5.3,284,55,5.16,72,5.13,1,3:00
20,MIN,2015-10-04,212,1,113,1,1,200,144,33:54,Sun,4,4,@,DEN,L 20-23,27,41,14,65.9,1,0,2.4,0.0,92.4,7,57,14.58,5.2,4.42,5.66,4.83,7.9,24,6.0,1,17,27,63.0,1,2,13,2,66.9,21,5.4,325,69,4.71,53,6.49,1,3:00
21,MIN,2015-10-18,237,1,84,0,2,271,57,33:07,Sun,5,6,,KAN,W 16-10,17,31,14,54.8,1,2,3.2,6.5,65.1,2,12,6.06,7.6,7.18,5.39,5.06,13.9,18,3.2,0,22,37,59.5,1,2,11,0,91.2,35,2.4,321,68,4.72,57,5.75,2,3:02
22,MIN,2015-10-25,285,2,140,0,1,197,77,36:27,Sun,6,7,@,DET,W 28-19,25,35,10,71.4,2,0,5.7,0.0,118.3,4,31,10.26,8.1,7.31,9.29,8.33,11.4,17,4.5,0,18,26,69.2,2,7,59,0,117.0,35,4.0,425,74,5.74,50,5.48,1,3:02
23,MIN,2015-11-01,180,1,147,0,1,208,97,27:18,Sun,7,8,@,CHI,W 23-20,17,30,13,56.7,1,1,3.3,3.3,72.5,1,7,3.23,6.0,5.81,5.17,5.00,10.6,25,3.9,1,22,33,66.7,1,1,3,0,94.0,25,5.9,327,56,5.84,59,5.17,1,2:58
24,MIN,2015-11-08,148,0,145,2,1,160,160,33:13,Sun,8,9,,LAR,W 21-18 (OT),15,27,12,55.6,0,1,0.0,3.7,57.5,1,11,3.57,5.5,5.29,3.81,3.68,9.9,36,4.4,1,18,33,54.5,0,1,8,0,67.7,35,4.1,293,63,4.65,70,4.57,1,3:31
25,MIN,2015-11-15,122,1,263,1,0,287,84,33:01,Sun,9,10,@,LVR,W 30-14,14,22,8,63.6,1,0,4.5,0.0,96.8,4,18,15.38,5.5,4.69,6.45,5.46,8.7,19,4.4,0,29,43,67.4,2,2,15,2,82.2,33,8.0,385,59,6.53,64,5.80,0,3:06
26,MIN,2015-11-22,248,1,94,1,1,196,124,29:38,Sun,10,11,,GNB,L 13-30,25,38,13,65.8,1,0,2.6,0.0,98.1,6,48,13.64,6.5,5.64,7.05,6.09,9.9,34,3.6,0,16,34,47.1,2,2,16,0,84.9,18,5.2,342,62,5.52,70,4.57,1,3:15
27,MIN,2015-11-29,174,0,191,2,1,210,116,33:28,Sun,11,12,@,ATL,W 20-10,20,28,8,71.4,0,1,0.0,3.6,72.6,0,0,0.00,6.2,6.21,4.61,4.61,8.7,24,4.8,0,22,31,71.0,1,2,20,2,73.3,39,4.9,365,67,5.45,57,5.72,1,2:53
28,MIN,2015-12-06,94,0,31,0,1,260,173,24:50,Sun,12,13,,SEA,L 7-38,17,28,11,60.7,0,1,0.0,3.6,55.4,4,24,12.50,3.4,2.94,1.75,1.53,5.5,36,4.8,2,21,28,75.0,3,2,14,0,139.0,16,1.9,125,48,2.60,66,6.56,1,2:55
29,MIN,2015-12-10,317,1,72,1,3,296,97,28:01,Thu,13,14,@,ARI,L 20-23,25,36,11,69.4,1,0,2.8,0.0,108.0,3,18,7.69,8.8,8.13,9.36,8.64,12.7,29,3.3,0,25,35,71.4,2,2,14,0,115.9,24,3.0,389,63,6.17,66,5.95,3,2:59
30,MIN,2015-12-20,221,4,129,1,0,199,94,32:10,Sun,14,15,,CHI,W 38-17,17,20,3,85.0,4,0,20.0,0.0,154.4,1,10,4.76,11.1,10.52,15.05,14.33,13.0,20,4.7,0,26,37,70.3,2,5,32,1,89.8,36,3.6,350,57,6.14,62,4.73,0,2:50
31,MIN,2015-12-27,150,1,218,3,0,272,91,34:57,Sun,15,16,,NYG,W 49-17,15,25,10,60.0,1,0,4.0,0.0,93.4,3,18,10.71,6.0,5.36,6.80,6.07,10.0,20,4.6,0,20,34,58.8,2,4,30,3,67.3,40,5.5,368,68,5.41,58,6.26,0,3:08
32,MIN,2016-01-03,91,0,151,1,2,274,76,24:18,Sun,16,17,@,GNB,W 20-13,10,19,9,52.6,0,1,0.0,5.3,45.7,3,8,13.64,4.8,4.14,2.42,2.09,9.1,26,2.9,0,28,44,63.6,1,5,17,1,79.2,27,5.6,242,49,4.94,75,4.67,2,3:06
33,MIN,2016-09-11,236,0,65,0,0,252,64,29:35,Sun,1,1,@,TEN,W 25-16,18,33,15,54.5,0,0,0.0,0.0,77.3,0,0,0.00,7.2,7.15,7.15,7.15,13.1,22,2.9,0,25,41,61.0,2,2,19,1,84.6,28,2.3,301,61,4.93,65,4.86,0,2:57
34,MIN,2016-09-18,254,2,30,0,1,180,83,30:18,Sun,2,2,,GNB,W 17-14,22,31,9,71.0,2,0,6.5,0.0,121.2,4,32,11.43,8.2,7.26,9.48,8.40,11.5,23,3.6,1,20,36,55.6,1,5,33,1,66.9,22,1.4,284,57,4.98,64,4.11,1,3:12
35,MIN,2016-09-25,153,1,58,0,0,201,105,25:08,Sun,3,3,@,CAR,W 22-10,18,28,10,64.3,1,0,3.6,0.0,93.0,2,18,6.67,5.5,5.10,6.18,5.77,8.5,28,3.8,1,22,36,61.1,0,8,64,3,41.6,24,2.4,211,54,3.91,72,4.25,0,3:05
36,MIN,2016-10-03,262,1,104,2,0,261,78,35:32,Mon,4,4,,NYG,W 24-10,26,36,10,72.2,1,0,2.8,0.0,101.9,0,0,0.00,7.3,7.28,7.83,7.83,10.1,18,4.3,1,25,45,55.6,0,0,0,1,63.3,33,3.2,366,69,5.30,63,5.38,0,2:54
37,MIN,2016-10-09,255,2,96,1,0,155,59,37:28,Sun,5,5,,HOU,W 31-13,22,30,8,73.3,2,0,6.7,0.0,123.1,2,16,6.25,8.5,7.97,9.83,9.22,11.6,14,4.2,0,19,42,45.2,1,4,29,1,53.2,37,2.6,351,69,5.09,60,3.57,0,3:01
38,MIN,2016-10-23,189,1,93,0,4,138,101,32:08,Sun,6,7,@,PHI,L 10-21,24,41,17,58.5,1,1,2.4,2.4,71.6,6,35,12.77,4.6,4.02,4.00,3.49,7.9,26,3.9,0,16,28,57.1,1,0,0,2,52.4,27,3.4,282,74,3.81,54,4.43,4,3:09
39,MIN,2016-10-31,201,1,57,0,0,245,158,27:19,Mon,7,8,@,CHI,L 10-20,23,37,14,62.2,1,0,2.7,0.0,88.6,5,27,11.90,5.4,4.79,5.97,5.26,8.7,29,5.4,1,20,31,64.5,1,1,7,0,99.5,18,3.2,258,60,4.30,61,6.61,0,2:56
40,MIN,2016-11-06,259,1,78,1,0,214,97,33:08,Sun,8,9,,DET,L 16-22 (OT),31,40,9,77.5,1,0,2.5,0.0,103.4,2,14,4.76,6.5,6.17,6.98,6.64,8.4,25,3.9,0,23,36,63.9,2,1,5,1,87.0,25,3.1,337,67,5.03,62,5.02,0,3:09
41,MIN,2016-11-13,284,2,47,1,1,260,128,30:04,Sun,9,10,@,WAS,L 20-26,31,40,9,77.5,2,1,5.0,2.5,104.9,3,23,6.98,7.1,6.60,6.98,6.49,9.2,28,4.6,0,22,33,66.7,2,1,2,0,110.7,21,2.2,331,64,5.17,62,6.26,1,2:52
42,MIN,2016-11-20,145,1,72,1,1,155,135,28:58,Sun,10,11,,ARI,W 30-24,20,28,8,71.4,1,0,3.6,0.0,98.7,2,24,6.67,5.2,4.83,5.89,5.50,7.3,28,4.8,1,20,38,52.6,2,4,43,2,58.6,24,3.0,217,54,4.02,70,4.14,1,3:11
43,MIN,2016-11-24,224,0,82,1,1,214,94,31:31,Thu,11,12,@,DET,L 13-16,31,37,6,83.8,0,1,0.0,2.7,80.6,0,0,0.00,6.1,6.05,4.84,4.84,7.2,19,4.9,0,23,40,57.5,1,2,18,0,80.6,16,5.1,306,53,5.77,61,5.05,1,2:57
44,MIN,2016-12-01,231,1,87,0,1,124,140,33:17,Thu,12,13,,DAL,L 15-17,33,47,14,70.2,1,0,2.1,0.0,90.1,3,22,6.00,4.9,4.62,5.34,5.02,7.0,28,5.0,1,12,18,66.7,1,3,15,0,104.9,19,4.6,318,69,4.61,49,5.39,1,3:08
45,MIN,2016-12-11,292,1,85,1,1,230,85,30:56,Sun,13,14,@,JAX,W 25-16,24,34,10,70.6,1,0,2.9,0.0,106.5,0,0,0.00,8.6,8.59,9.18,9.18,12.2,24,3.5,0,23,37,62.2,1,4,27,0,88.8,29,2.9,377,63,5.98,65,4.85,1,3:14
46,MIN,2016-12-18,248,0,34,0,3,250,161,22:58,Sun,14,15,,IND,L 6-34,32,42,10,76.2,0,1,0.0,2.4,84.5,5,43,10.64,5.9,5.28,4.83,4.32,7.8,40,4.0,2,21,28,75.0,2,0,0,0,125.6,9,3.8,282,56,5.04,68,6.04,3,2:48
47,MIN,2016-12-24,353,3,93,0,2,308,40,31:01,Sat,15,16,@,GNB,L 25-38,34,50,16,68.0,3,0,6.0,0.0,110.6,4,29,7.41,7.1,6.54,8.26,7.65,10.4,15,2.7,1,28,39,71.8,4,4,39,0,129.0,20,4.7,446,74,6.03,58,6.00,2,3:12
48,MIN,2017-01-01,250,3,124,1,1,140,183,30:12,Sun,16,17,,CHI,W 38-10,25,34,9,73.5,3,1,8.8,2.9,111.2,0,0,0.00,7.4,7.35,7.79,7.79,10.0,37,4.9,0,13,20,65.0,1,2,9,2,62.5,28,4.4,374,62,6.03,59,5.47,1,2:47
49,MIN,2017-09-11,341,3,129,0,0,284,60,31:16,Mon,1,1,,NOR,W 29-19,27,32,5,84.4,3,0,9.4,0.0,143.0,1,5,3.03,10.7,10.33,12.53,12.15,12.6,21,2.9,0,27,37,73.0,1,1,7,0,103.9,30,4.3,470,63,7.46,59,5.83,0,2:55
50,MIN,2017-09-17,146,0,91,1,1,233,102,25:38,Sun,2,2,@,PIT,L 9-26,20,38,18,52.6,0,0,0.0,0.0,64.3,2,21,5.00,3.8,3.65,3.84,3.65,7.3,32,3.2,0,23,35,65.7,2,2,10,0,103.6,20,4.6,237,60,3.95,69,4.86,1,3:11
51,MIN,2017-09-24,369,3,125,1,0,316,26,37:46,Sun,3,3,,TAM,W 34-17,25,33,8,75.8,3,0,9.1,0.0,142.1,0,0,0.00,11.2,11.18,13.00,13.00,14.8,9,2.9,0,28,40,70.0,2,2,12,3,78.7,37,3.4,494,70,7.06,51,6.71,0,3:01
52,MIN,2017-10-01,197,0,87,1,3,154,97,23:33,Sun,4,4,,DET,L 7-14,16,30,14,53.3,0,0,0.0,0.0,76.9,2,22,6.25,6.6,6.16,6.57,6.16,12.3,31,3.1,1,19,31,61.3,0,6,55,0,73.9,22,4.0,284,54,5.26,68,3.69,3,3:05
53,MIN,2017-10-09,141,1,159,1,0,159,115,31:24,Mon,5,5,@,CHI,W 20-17,22,32,10,68.8,1,0,3.1,0.0,92.7,4,35,11.11,4.4,3.92,5.03,4.47,6.4,29,4.0,0,13,26,50.0,2,1,7,1,78.8,31,5.1,300,67,4.48,56,4.89,0,3:10
54,MIN,2017-10-15,239,1,112,1,2,155,72,32:09,Sun,6,6,,GNB,W 23-10,24,38,14,63.2,1,1,2.6,2.6,78.7,0,0,0.00,6.3,6.29,5.63,5.63,10.0,24,3.0,0,20,37,54.1,1,4,20,3,39.8,32,3.5,351,70,5.01,65,3.49,2,3:16
55,MIN,2017-10-22,188,0,169,1,1,144,64,32:01,Sun,7,7,,BAL,W 24-16,20,31,11,64.5,0,1,0.0,3.2,67.7,0,0,0.00,6.1,6.06,4.61,4.61,9.4,20,3.2,0,27,39,69.2,1,5,42,0,83.7,33,5.1,357,64,5.58,64,3.25,1,2:48
56,MIN,2017-10-29,287,2,88,1,1,161,115,37:52,Sun,8,8,@,CLE,W 33-16,27,43,16,62.8,2,1,4.7,2.3,88.1,1,1,2.27,6.7,6.52,6.56,6.41,10.6,22,5.2,2,18,34,52.9,0,3,18,0,65.9,34,2.6,375,78,4.81,59,4.68,1,3:08
57,MIN,2017-11-12,304,4,102,1,2,313,81,28:54,Sun,9,10,@,WAS,W 38-30,21,29,8,72.4,4,2,13.8,6.9,117.0,0,0,0.00,10.5,10.48,10.14,10.14,14.5,27,3.0,2,26,45,57.8,1,1,14,1,77.4,31,3.3,406,60,6.77,73,5.40,2,3:10
58,MIN,2017-11-19,280,1,171,2,0,209,45,37:22,Sun,10,11,,LAR,W 24-7,27,38,11,71.1,1,0,2.6,0.0,100.8,0,0,0.00,7.4,7.37,7.89,7.89,10.4,17,2.6,1,23,37,62.2,0,2,16,0,77.4,35,4.9,451,73,6.18,56,4.54,0,3:06
59,MIN,2017-11-23,272,2,136,2,0,236,53,34:57,Thu,11,12,@,DET,W 30-23,21,30,9,70.0,2,0,6.7,0.0,121.8,2,10,6.25,9.1,8.50,10.40,9.75,13.0,15,3.5,0,20,35,57.1,2,3,14,1,84.9,41,3.3,408,73,5.59,53,5.45,0,3:29
60,MIN,2017-12-03,207,2,105,0,0,173,102,34:02,Sun,12,13,@,ATL,W 14-9,25,30,5,83.3,2,0,6.7,0.0,120.4,2,20,6.25,6.9,6.47,8.23,7.72,8.3,22,4.6,0,16,29,55.2,0,0,0,0,72.9,31,3.4,312,63,4.95,51,5.39,0,2:44
61,MIN,2017-12-10,256,2,100,0,3,129,216,28:42,Sun,13,14,@,CAR,L 24-31,27,44,17,61.4,2,2,4.5,4.5,75.9,6,24,12.00,5.8,5.12,4.68,4.12,9.5,36,6.0,3,13,25,52.0,1,2,8,1,63.6,21,4.8,356,71,5.01,63,5.48,3,3:06
62,MIN,2017-12-17,222,2,124,1,1,115,46,35:52,Sun,14,15,,CIN,W 34-7,20,25,5,80.0,2,1,8.0,4.0,116.0,2,14,7.41,8.9,8.22,8.68,8.04,11.1,20,2.3,1,14,28,50.0,0,3,17,2,31.1,34,3.6,346,61,5.67,51,3.16,1,3:01
63,MIN,2017-12-23,124,1,112,0,0,126,113,31:37,Sat,15,16,@,GNB,W 16-0,14,25,11,56.0,1,0,4.0,0.0,85.2,3,15,10.71,5.0,4.43,5.76,5.14,8.9,24,4.7,0,17,40,42.5,0,1,4,2,29.8,33,3.4,236,61,3.87,65,3.68,0,2:58
64,MIN,2017-12-31,180,1,147,2,0,171,30,35:55,Sun,16,17,,CHI,W 23-10,21,29,8,72.4,1,0,3.4,0.0,101.1,2,9,6.45,6.2,5.81,6.90,6.45,8.6,15,2.0,0,20,37,54.1,0,1,7,0,66.4,36,4.1,327,67,4.88,53,3.79,0,3:05
65,MIN,2018-09-09,227,2,116,0,1,237,90,31:09,Sun,1,1,,SFO,W 24-16,20,36,16,55.6,2,0,5.6,0.0,95.1,3,17,7.69,6.3,5.82,7.42,6.85,11.4,25,3.6,0,15,33,45.5,1,3,24,3,42.1,32,3.6,343,71,4.83,61,5.36,1,3:12
66,MIN,2018-09-16,412,4,68,0,1,253,98,31:52,Sun,2,2,@,GNB,T 29-29 (OT),35,48,13,72.9,4,1,8.3,2.1,118.8,2,13,4.00,8.6,8.24,9.31,8.94,11.8,24,4.1,0,30,42,71.4,1,4,28,0,94.6,18,3.8,480,68,7.06,70,5.01,1,3:37
67,MIN,2018-09-23,278,1,14,0,3,164,128,24:15,Sun,3,3,,BUF,L 6-27,40,55,15,72.7,1,1,1.8,1.8,83.6,4,18,6.78,5.1,4.71,4.60,4.29,7.0,38,3.4,2,15,22,68.2,1,3,32,0,105.1,6,2.3,292,65,4.49,63,4.63,3,3:06
68,MIN,2018-09-27,392,3,54,0,1,456,100,32:14,Thu,4,4,@,LAR,L 31-38,36,50,14,72.0,3,0,6.0,0.0,117.2,4,30,7.41,7.8,7.26,9.04,8.37,10.9,20,5.0,0,26,34,76.5,5,1,9,0,157.5,17,3.2,446,71,6.28,55,10.11,1,3:07
69,MIN,2018-10-07,298,1,77,0,1,283,81,32:47,Sun,5,5,@,PHI,W 23-21,30,37,7,81.1,1,0,2.7,0.0,109.6,1,3,2.63,8.1,7.84,8.59,8.37,9.9,17,4.8,0,24,35,68.6,2,3,28,0,112.0,23,3.3,375,61,6.15,55,6.62,1,3:02
70,MIN,2018-10-14,216,1,195,2,2,208,60,34:22,Sun,6,6,,ARI,W 27-17,24,34,10,70.6,1,1,2.9,2.9,87.0,4,17,10.53,6.4,5.68,5.62,5.03,9.0,20,3.0,1,21,31,67.7,0,4,32,1,73.1,32,6.1,411,70,5.87,55,4.87,2,3:01
71,MIN,2018-10-21,228,2,88,2,0,192,71,32:11,Sun,7,7,@,NYJ,W 37-17,25,40,15,62.5,2,0,5.0,0.0,95.9,1,13,2.44,5.7,5.56,6.70,6.54,9.1,24,3.0,1,17,42,40.5,1,3,14,3,33.0,24,3.7,316,65,4.86,69,3.81,0,3:29
72,MIN,2018-10-28,338,2,85,1,2,164,106,31:23,Sun,8,8,,NOR,L 20-30,31,41,10,75.6,2,1,4.9,2.4,107.7,4,21,8.89,8.2,7.51,8.12,7.40,10.9,29,3.7,1,19,24,79.2,1,0,0,1,91.7,22,3.9,423,67,6.31,53,5.09,2,2:49
73,MIN,2018-11-04,155,1,128,1,2,143,66,23:15,Sun,9,9,,DET,W 24-9,18,22,4,81.8,1,1,4.5,4.5,93.9,1,9,4.35,7.0,6.74,5.91,5.65,8.6,24,2.8,0,25,36,69.4,0,10,56,0,76.5,23,5.6,283,46,6.15,70,2.99,2,2:46
74,MIN,2018-11-18,246,2,22,0,3,160,148,25:31,Sun,10,11,@,CHI,L 20-25,30,46,16,65.2,2,2,4.3,4.3,76.5,2,16,4.17,5.3,5.13,4.26,4.08,8.2,39,3.8,0,20,31,64.5,1,1,5,2,61.2,14,1.6,268,62,4.32,71,4.34,3,3:03
75,MIN,2018-11-25,325,3,91,0,0,172,82,34:37,Sun,11,12,,GNB,W 24-17,29,38,9,76.3,3,0,7.9,0.0,129.5,2,17,5.00,8.6,8.13,10.13,9.63,11.2,19,4.3,1,17,28,60.7,1,4,26,0,90.2,29,3.1,416,69,6.03,51,4.98,0,3:07
76,MIN,2018-12-02,183,1,95,0,2,311,160,26:39,Sun,12,13,@,NWE,L 10-24,32,44,12,72.7,1,2,2.3,4.5,70.4,2,18,4.35,4.2,3.98,2.57,2.46,5.7,39,4.1,2,24,32,75.0,1,0,0,1,102.5,13,7.3,278,59,4.71,71,6.63,2,2:58
77,MIN,2018-12-10,199,1,77,0,1,60,214,28:11,Mon,13,14,@,SEA,L 7-21,20,33,13,60.6,1,0,3.0,0.0,89.0,2,9,5.71,6.0,5.69,6.64,6.26,10.0,42,5.1,1,10,20,50.0,0,2,12,1,35.4,21,3.7,276,56,4.93,64,4.28,1,2:55
78,MIN,2018-12-16,198,2,220,3,1,37,156,33:16,Sun,14,15,,MIA,W 41-17,14,21,7,66.7,2,1,9.5,4.8,112.2,2,17,8.70,9.4,8.61,9.19,8.39,14.1,20,7.8,1,11,24,45.8,0,9,71,0,52.8,40,5.5,418,63,6.63,53,3.64,1,3:03
79,MIN,2018-12-23,240,3,100,0,0,137,86,28:32,Sun,15,16,@,DET,W 27-9,21,28,7,75.0,3,0,10.7,0.0,137.9,2,13,6.67,8.6,8.00,10.71,10.00,11.4,23,3.7,0,23,43,53.5,0,3,24,0,59.9,28,3.6,340,58,5.86,69,3.23,0,3:09
80,MIN,2018-12-30,101,1,63,0,0,163,169,22:52,Sun,16,17,,CHI,L 10-24,20,33,13,60.6,1,0,3.0,0.0,79.4,4,31,10.81,3.1,2.73,3.67,3.27,5.1,37,4.6,3,18,26,69.2,0,0,0,0,85.9,15,4.2,164,52,3.15,63,5.27,0,2:58
81,MIN,2019-09-08,97,1,172,3,0,272,73,29:47,Sun,1,1,,ATL,W 28-12,8,10,2,80.0,1,0,10.0,0.0,140.8,1,1,9.09,9.7,8.82,11.70,10.64,12.1,17,4.3,0,33,46,71.7,2,4,32,2,82.9,38,4.5,269,49,5.49,67,5.15,0,3:07
82,MIN,2019-09-15,223,1,198,1,4,191,144,25:54,Sun,2,2,@,GNB,L 16-21,14,32,18,43.8,1,2,3.1,6.3,52.9,1,7,3.03,7.0,6.76,4.78,4.64,15.9,33,4.4,1,22,34,64.7,2,2,18,0,99.0,27,7.3,421,60,7.02,69,4.86,4,3:18
83,MIN,2019-09-22,174,1,211,3,0,214,88,31:32,Sun,3,3,,LVR,W 34-14,15,21,6,71.4,1,0,4.8,0.0,112.0,0,0,0.00,8.3,8.29,9.24,9.24,11.6,20,4.4,0,27,34,79.4,2,4,28,1,100.2,38,5.6,385,59,6.53,58,5.21,0,2:49
84,MIN,2019-09-29,182,0,40,1,2,197,72,24:33,Sun,4,4,@,CHI,L 6-16,27,36,9,75.0,0,0,0.0,0.0,91.6,6,51,14.29,5.1,4.33,5.06,4.33,6.7,33,2.2,0,24,33,72.7,1,1,7,0,97.7,16,2.5,222,58,3.83,67,4.01,2,2:59
85,MIN,2019-10-06,279,2,211,0,1,147,64,32:40,Sun,5,5,@,NYG,W 28-10,22,27,5,81.5,2,0,7.4,0.0,138.6,3,27,10.00,10.3,9.30,11.81,10.63,12.7,20,3.2,0,21,38,55.3,1,4,35,1,62.1,34,6.2,490,64,7.66,62,3.40,1,3:03
86,MIN,2019-10-13,325,4,122,1,2,292,108,32:04,Sun,6,6,,PHI,W 38-20,22,29,7,75.9,4,1,13.8,3.4,138.4,1,8,3.33,11.2,10.83,12.41,12.00,14.8,22,4.9,0,26,41,63.4,2,2,14,2,80.5,35,3.5,447,65,6.88,65,6.15,2,3:07
87,MIN,2019-10-20,338,4,166,2,0,352,81,32:10,Sun,7,7,@,DET,W 42-30,24,34,10,70.6,4,0,11.8,0.0,141.5,0,0,0.00,9.9,9.94,12.29,12.29,14.1,20,4.1,0,30,45,66.7,4,2,12,1,110.6,37,4.5,504,71,7.10,67,6.46,0,3:11
88,MIN,2019-10-24,273,0,161,1,1,131,85,36:36,Thu,8,8,,WAS,W 19-9,23,26,3,88.5,0,0,0.0,0.0,112.3,3,12,10.34,10.5,9.41,10.50,9.41,11.9,16,5.3,0,15,21,71.4,0,4,32,1,67.8,38,4.2,434,67,6.48,41,5.27,1,2:39
89,MIN,2019-11-03,212,3,96,0,0,230,147,28:12,Sun,9,9,@,KAN,L 23-26,19,38,19,50.0,3,0,7.9,0.0,94.2,1,8,2.56,5.6,5.44,7.16,6.97,11.2,18,8.2,1,25,35,71.4,1,5,45,0,98.5,27,3.6,308,66,4.67,58,6.50,0,3:07
90,MIN,2019-11-10,211,2,153,1,0,393,50,33:27,Sun,10,10,@,DAL,W 28-24,23,32,9,71.9,2,0,6.3,0.0,111.5,1,9,3.03,6.6,6.39,7.84,7.61,9.2,22,2.3,0,28,47,59.6,3,1,4,1,99.0,36,4.3,364,69,5.28,70,6.33,0,3:02
91,MIN,2019-11-17,284,3,37,1,2,270,124,23:17,Sun,11,11,,DEN,W 27-23,29,35,6,82.9,3,0,8.6,0.0,133.2,5,35,12.50,8.1,7.10,9.83,8.60,9.8,33,3.8,1,18,40,45.0,1,2,8,1,65.6,18,2.1,321,58,5.53,75,5.25,2,3:15
92,MIN,2019-12-02,276,2,78,1,3,226,218,20:15,Mon,12,13,@,SEA,L 30-37,22,38,16,57.9,2,1,5.3,2.6,87.2,0,0,0.00,7.3,7.26,7.13,7.13,12.5,43,5.1,2,21,31,67.7,2,2,14,1,97.0,14,5.6,354,52,6.81,76,5.84,3,3:13
93,MIN,2019-12-08,234,1,120,1,0,161,70,33:43,Sun,13,14,,DET,W 20-7,24,30,6,80.0,1,0,3.3,0.0,111.4,1,8,3.23,7.8,7.55,8.47,8.19,9.8,22,3.2,0,24,40,60.0,1,5,44,2,56.4,39,3.1,354,70,5.06,67,3.45,0,3:07
94,MIN,2019-12-15,207,1,137,2,1,283,62,32:21,Sun,14,15,@,LAC,W 39-10,19,25,6,76.0,1,1,4.0,4.0,96.6,0,0,0.00,8.3,8.28,7.28,7.28,10.9,19,3.3,0,28,39,71.8,1,3,24,3,68.6,37,3.7,344,62,5.55,61,5.66,1,2:59
95,MIN,2019-12-23,82,1,57,0,1,199,184,22:28,Mon,15,16,,GNB,L 10-23,16,32,16,50.0,1,1,3.1,3.1,57.0,5,40,13.51,2.6,2.22,1.78,1.54,5.1,32,5.8,2,26,40,65.0,0,3,17,1,66.6,16,3.6,139,53,2.62,75,5.11,1,3:09
96,MIN,2019-12-29,126,0,174,1,3,179,158,22:20,Sun,16,17,,CHI,L 19-21,12,21,9,57.1,0,2,0.0,9.5,35.1,0,0,0.00,6.0,6.00,1.71,1.71,10.5,34,4.6,1,26,37,70.3,0,4,28,0,80.8,26,6.7,300,47,6.38,75,4.49,3,2:56
97,MIN,2020-09-13,248,2,134,2,1,364,158,18:44,Sun,1,1,,GNB,L 34-43,19,25,6,76.0,2,1,8.0,4.0,118.6,2,11,7.41,9.9,9.19,9.72,9.00,13.1,32,4.9,1,32,44,72.7,4,0,0,0,127.5,22,6.1,382,49,7.80,76,6.87,1,3:12
98,MIN,2020-09-20,95,0,80,1,3,203,151,21:35,Sun,2,2,@,IND,L 11-28,11,26,15,42.3,0,3,0.0,11.5,15.9,3,18,10.34,3.7,3.28,-1.54,-1.38,8.6,40,3.8,1,19,25,76.0,1,2,11,1,95.9,18,4.4,175,47,3.72,67,5.28,3,2:52
99,MIN,2020-09-27,238,3,226,1,3,310,134,28:28,Sun,3,3,,TEN,L 30-31,16,27,11,59.3,3,2,11.1,7.4,96.4,2,13,6.90,8.8,8.21,7.70,7.17,14.9,34,3.9,2,23,37,62.2,0,2,11,1,77.5,33,6.8,464,62,7.48,73,6.08,3,3:10
100,MIN,2020-10-04,248,1,162,3,0,290,96,36:31,Sun,4,4,@,HOU,W 31-23,16,22,6,72.7,1,0,4.5,0.0,127.1,3,12,12.00,11.3,9.92,12.18,10.72,15.5,26,3.7,0,20,33,60.6,2,3,10,0,109.4,40,4.1,410,65,6.31,62,6.23,0,3:00
101,MIN,2020-10-11,248,2,201,1,2,190,124,39:28,Sun,5,5,@,SEA,L 26-27,27,39,12,69.2,2,1,5.1,2.6,92.8,3,1,7.14,6.4,5.90,6.23,5.79,9.2,16,7.8,1,20,32,62.5,3,4,27,1,97.1,41,4.9,449,83,5.41,52,6.04,2,3:07
102,MIN,2020-10-18,333,3,32,0,3,363,99,19:53,Sun,6,6,,ATL,L 23-40,24,36,12,66.7,3,3,8.3,8.3,90.4,1,10,2.70,9.3,9.00,7.17,6.97,13.9,37,2.7,0,30,40,75.0,4,2,8,0,135.7,13,2.5,365,50,7.30,79,5.85,3,3:03
103,MIN,2020-11-01,151,1,173,3,0,291,109,27:48,Sun,7,8,@,GNB,W 28-22,11,14,3,78.6,1,0,7.1,0.0,138.1,1,9,6.67,10.8,10.07,12.21,11.40,13.7,24,4.5,0,27,41,65.9,3,1,0,0,110.9,34,5.1,324,49,6.61,66,6.06,0,3:11
104,MIN,2020-11-08,212,3,275,2,0,292,129,27:11,Sun,8,9,,DET,W 34-20,13,20,7,65.0,3,0,15.0,0.0,141.7,1,8,4.76,10.6,10.10,13.60,12.95,16.3,27,4.8,0,31,45,68.9,2,2,13,3,73.6,34,8.1,487,55,8.85,74,5.69,0,2:59
105,MIN,2020-11-16,286,2,99,0,2,108,41,35:50,Mon,9,10,@,CHI,W 19-13,25,36,11,69.4,2,1,5.6,2.8,100.7,1,6,2.70,7.9,7.73,7.81,7.59,11.4,17,2.4,0,16,31,51.6,0,2,16,1,46.2,33,3.0,385,70,5.50,50,2.98,2,2:58
106,MIN,2020-11-22,305,3,125,1,2,196,180,31:49,Sun,10,11,,DAL,L 28-31,22,30,8,73.3,3,0,10.0,0.0,140.1,2,9,6.25,10.2,9.53,12.17,11.41,13.9,31,5.8,1,22,32,68.8,3,1,7,1,103.1,29,4.3,430,61,7.05,64,5.88,2,3:03
107,MIN,2020-11-29,291,3,96,0,3,267,107,31:13,Sun,11,12,,CAR,W 28-27,34,45,11,75.6,3,0,6.7,0.0,115.7,2,16,4.26,6.5,6.19,7.80,7.47,8.6,28,3.8,0,19,36,52.8,1,0,0,1,74.7,24,4.0,387,71,5.45,64,5.84,3,3:20
108,MIN,2020-12-06,275,3,145,0,2,266,124,37:33,Sun,12,13,,JAX,W 27-24 (OT),28,43,15,65.1,3,1,7.0,2.3,99.5,4,30,8.51,6.4,5.85,6.74,6.17,9.8,25,5.0,1,28,42,66.7,1,2,14,2,72.1,38,3.8,420,85,4.94,69,5.65,2,3:39
109,MIN,2020-12-13,173,1,162,1,1,196,107,39:03,Sun,13,14,@,TAM,L 14-26,24,37,13,64.9,1,0,2.7,0.0,90.5,6,52,13.95,4.7,4.02,5.22,4.49,7.2,26,4.1,1,15,23,65.2,2,0,0,0,120.9,33,4.9,335,76,4.41,49,6.18,1,2:53
110,MIN,2020-12-20,249,2,158,1,1,198,199,27:01,Sun,14,15,,CHI,L 27-33,24,35,11,68.6,2,1,5.7,2.9,98.6,3,22,7.89,7.1,6.55,6.97,6.42,10.4,42,4.7,2,15,21,71.4,1,1,4,1,96.9,28,5.6,407,66,6.17,64,6.20,1,3:03
111,MIN,2020-12-25,274,3,90,2,0,319,264,23:13,Fri,15,16,@,NOR,L 33-52,27,41,14,65.9,3,0,7.3,0.0,110.9,2,17,4.65,6.7,6.37,8.15,7.77,10.1,45,5.9,7,21,28,75.0,0,0,0,2,82.3,17,5.3,364,60,6.07,73,7.99,0,3:11
112,MIN,2021-01-03,383,3,125,2,0,288,129,35:13,Sun,16,17,@,DET,W 37-35,28,40,12,70.0,3,0,7.5,0.0,127.6,3,22,6.98,9.6,8.91,11.08,10.30,13.7,22,5.9,2,20,31,64.5,3,1,5,1,113.4,31,4.0,508,74,6.86,54,7.72,0,3:07
113,MIN,2021-09-12,336,2,67,1,1,217,149,35:09,Sun,1,1,@,CIN,L 24-27 (OT),37,50,13,74.0,2,0,4.0,0.0,107.2,3,26,5.66,6.7,6.34,7.52,7.09,9.1,36,4.1,1,20,27,74.1,2,5,44,0,122.0,22,3.0,403,75,5.37,68,5.38,1,3:38
114,MIN,2021-09-19,242,3,177,0,0,371,103,28:08,Sun,2,2,@,ARI,L 33-34,22,32,10,68.8,3,0,9.4,0.0,122.4,1,2,3.03,7.6,7.33,9.44,9.15,11.0,21,4.9,1,29,36,80.6,3,3,29,2,114.2,27,6.6,419,60,6.98,60,7.90,0,3:13
115,MIN,2021-09-26,313,3,140,0,0,283,106,35:53,Sun,3,3,,SEA,W 30-17,30,38,8,78.9,3,0,7.9,0.0,128.4,1,10,2.56,8.2,8.03,9.82,9.56,10.4,18,5.9,1,23,32,71.9,1,2,15,0,109.2,34,4.1,453,73,6.21,52,7.48,0,2:57
116,MIN,2021-10-03,190,1,65,0,1,143,184,24:28,Sun,4,4,,CLE,L 7-14,20,38,18,52.6,1,1,2.6,2.6,66.0,2,13,5.00,5.0,4.75,4.34,4.13,9.5,38,4.8,1,15,33,45.5,0,3,12,0,58.0,23,2.8,255,63,4.05,74,4.42,1,3:10
117,MIN,2021-10-10,264,1,120,0,2,180,108,32:06,Sun,5,5,,DET,W 19-17,25,34,9,73.5,1,1,2.9,2.9,94.6,2,11,5.56,7.8,7.33,7.03,6.64,10.6,24,4.5,1,21,35,60.0,0,4,23,1,61.6,28,4.3,384,64,6.00,63,4.57,2,2:55
118,MIN,2021-10-17,373,3,198,1,1,188,118,37:38,Sun,6,6,@,CAR,W 34-28 (OT),33,48,15,68.8,3,0,6.3,0.0,112.6,0,0,0.00,7.8,7.77,9.02,9.02,11.3,23,5.1,1,17,41,41.5,1,4,19,1,53.7,36,5.5,571,84,6.80,68,4.50,1,3:41
119,MIN,2021-10-31,177,1,101,0,0,341,78,27:28,Sun,7,8,,DAL,L 16-20,23,36,13,63.9,1,0,2.8,0.0,85.9,1,7,2.70,4.9,4.78,5.47,5.32,7.7,24,3.3,0,25,41,61.0,2,3,19,1,93.6,24,4.2,278,61,4.56,68,6.16,0,3:11
120,MIN,2021-11-07,187,2,131,1,0,253,247,23:40,Sun,8,9,@,BAL,L 31-34 (OT),17,28,11,60.7,2,0,7.1,0.0,104.3,0,0,0.00,6.7,6.68,8.11,8.11,11.0,45,5.5,1,27,41,65.9,3,3,13,2,86.7,24,5.5,318,52,6.12,89,5.62,0,3:32
121,MIN,2021-11-14,278,2,103,1,1,171,82,36:10,Sun,9,10,@,LAC,W 27-20,25,37,12,67.6,2,0,5.4,0.0,109.5,2,16,5.13,7.5,7.13,8.59,8.15,11.1,19,4.3,1,20,34,58.8,1,2,24,1,69.6,33,3.1,381,72,5.29,55,4.60,1,3:17
122,MIN,2021-11-21,318,3,90,1,0,372,95,31:01,Sun,10,11,,GNB,W 34-31,24,35,11,68.6,3,0,8.6,0.0,128.4,2,23,5.41,9.1,8.59,10.80,10.22,13.3,19,5.0,0,23,33,69.7,4,2,13,0,146.7,29,3.1,408,66,6.18,54,8.65,0,2:58
123,MIN,2021-11-28,256,2,67,1,2,215,208,22:53,Sun,11,12,@,SFO,L 26-34,21,33,12,63.6,2,1,6.1,3.0,95.8,1,6,2.94,7.8,7.53,7.61,7.38,12.2,39,5.3,3,17,26,65.4,1,2,15,1,87.8,18,3.7,323,52,6.21,67,6.31,2,3:09
124,MIN,2021-12-05,326,2,100,1,1,272,100,33:04,Sun,12,13,@,DET,L 27-29,30,41,11,73.2,2,0,4.9,0.0,113.9,3,14,6.82,8.0,7.41,8.93,8.32,10.9,27,3.7,0,25,41,61.0,3,3,24,1,94.8,27,3.7,426,71,6.00,71,5.24,1,3:10
125,MIN,2021-12-09,216,2,242,2,2,269,106,30:28,Thu,13,14,,PIT,W 36-28,14,31,17,45.2,2,2,6.5,6.5,63.4,0,0,0.00,7.0,6.97,5.35,5.35,15.4,24,4.4,1,28,40,70.0,3,5,39,1,103.0,36,6.7,458,67,6.84,69,5.43,2,3:20
126,MIN,2021-12-20,61,2,132,0,1,255,115,30:45,Mon,14,15,@,CHI,W 17-9,12,24,12,50.0,2,1,8.3,4.2,69.3,4,26,14.29,2.5,2.18,2.33,2.00,5.1,28,4.1,0,26,39,66.7,1,3,30,0,93.4,33,4.0,193,61,3.16,70,5.29,1,3:06
127,MIN,2021-12-26,295,1,66,1,1,197,159,30:00,Sun,15,16,,LAR,L 23-30,27,38,11,71.1,1,1,2.6,2.6,93.6,3,20,7.32,7.8,7.20,7.11,6.59,10.9,33,4.8,1,21,37,56.8,1,0,0,3,46.8,22,3.0,361,63,5.73,70,5.09,1,3:01
128,MIN,2022-01-02,179,1,27,0,0,307,174,21:27,Sun,16,17,@,GNB,L 10-37,24,39,15,61.5,1,0,2.6,0.0,82.6,2,15,4.88,4.6,4.37,5.10,4.85,7.5,32,5.4,2,31,42,73.8,2,0,0,0,109.9,11,2.5,206,52,3.96,74,6.50,0,3:04
129,MIN,2022-01-09,227,3,104,0,0,266,90,23:13,Sun,17,18,,CHI,W 31-17,14,22,8,63.6,3,0,13.6,0.0,142.0,3,23,12.00,10.3,9.08,13.05,11.48,16.2,25,3.6,0,33,48,68.8,1,7,59,2,72.0,22,4.7,331,47,7.04,80,4.45,0,2:51
130,MIN,2022-09-11,269,2,126,0,0,227,111,31:23,Sun,1,1,,GNB,W 23-7,23,32,9,71.9,2,0,6.3,0.0,118.9,1,8,3.03,8.4,8.15,9.66,9.36,11.7,18,6.2,1,26,39,66.7,0,4,33,1,71.2,28,4.5,395,61,6.48,61,5.54,0,3:03
131,MIN,2022-09-19,202,1,62,0,3,323,163,23:46,Mon,2,2,@,PHI,L 7-24,27,46,19,58.7,1,3,2.2,6.5,51.1,2,19,4.17,4.4,4.21,1.89,1.81,7.5,34,4.8,2,26,31,83.9,1,3,10,1,107.4,11,5.6,264,59,4.47,68,7.15,3,2:48
132,MIN,2022-09-25,250,2,123,2,1,277,139,25:56,Sun,3,3,,DET,W 28-24,24,41,17,58.5,2,0,4.9,0.0,93.5,1,10,2.38,6.1,5.95,7.07,6.90,10.4,35,4.0,2,25,41,61.0,1,0,0,1,79.0,25,4.9,373,67,5.57,76,5.47,1,3:14
133,MIN,2022-10-02,263,1,81,1,1,227,111,32:13,Sun,4,4,@,NOR,W 28-25,26,39,13,66.7,1,1,2.6,2.6,86.1,3,23,7.14,6.7,6.26,6.10,5.67,10.1,27,4.1,2,20,28,71.4,1,2,9,0,107.3,25,3.2,344,67,5.13,57,5.93,1,3:02
134,MIN,2022-10-09,312,1,117,3,1,193,78,36:44,Sun,5,5,,CHI,W 29-22,33,42,9,78.6,1,1,2.4,2.4,96.3,1,7,2.33,7.4,7.26,6.83,6.67,9.5,24,3.3,1,15,21,71.4,1,2,15,0,115.8,31,3.8,429,74,5.80,47,5.77,1,2:52
135,MIN,2022-10-16,156,2,78,1,0,385,73,24:31,Sun,6,6,@,MIA,W 24-16,20,30,10,66.7,2,0,6.7,0.0,104.2,3,19,9.09,5.2,4.73,6.53,5.94,7.8,20,3.7,0,30,47,63.8,2,6,33,2,85.9,17,4.6,234,50,4.68,73,6.27,0,3:07
136,MIN,2022-10-30,208,2,173,3,1,297,78,29:27,Sun,7,8,,ARI,W 34-26,24,36,12,66.7,2,0,5.6,0.0,103.0,3,24,7.69,5.8,5.33,6.89,6.36,8.7,22,3.5,0,31,44,70.5,3,4,29,2,92.7,29,6.0,381,68,5.60,70,5.36,1,3:26
137,MIN,2022-11-06,245,2,56,0,1,126,137,29:13,Sun,8,9,@,WAS,W 20-17,23,41,18,56.1,2,1,4.9,2.4,81.6,2,17,4.65,6.0,5.70,5.85,5.58,10.7,30,4.6,0,15,28,53.6,2,3,23,1,74.4,22,2.5,301,65,4.63,61,4.31,1,3:08
138,MIN,2022-11-13,334,1,147,2,2,311,175,35:02,Sun,9,10,@,BUF,W 33-30 (OT),30,50,20,60.0,1,2,2.0,4.0,71.8,4,23,7.41,6.7,6.19,5.28,4.89,11.1,27,6.5,2,29,43,67.4,1,2,19,2,76.8,25,5.9,481,79,6.09,72,6.75,2,3:46
139,MIN,2022-11-20,110,0,73,0,1,307,151,22:36,Sun,10,11,,DAL,L 3-40,17,30,13,56.7,0,0,0.0,0.0,71.4,7,49,18.92,3.7,2.97,3.67,2.97,6.5,40,3.8,2,26,30,86.7,2,0,0,0,131.5,17,4.3,183,54,3.39,70,6.54,1,3:03
140,MIN,2022-11-24,301,3,57,0,1,364,45,36:17,Thu,11,12,,NWE,W 33-26,31,38,7,81.6,3,1,7.9,2.6,116.0,1,9,2.56,7.9,7.72,8.32,8.10,9.7,13,3.5,0,28,39,71.8,2,3,18,0,117.9,27,2.1,358,66,5.42,55,7.44,1,3:00
141,MIN,2022-12-04,159,1,128,2,0,366,120,28:22,Sun,12,13,,NYJ,W 27-22,21,35,14,60.0,1,0,2.9,0.0,82.2,2,14,5.41,4.5,4.30,5.11,4.84,7.6,24,5.0,1,31,58,53.4,0,1,3,2,58.5,29,4.4,287,66,4.35,83,5.86,0,3:17
142,MIN,2022-12-11,394,2,22,1,2,330,134,28:06,Sun,13,14,@,DET,L 23-34,31,41,10,75.6,2,0,4.9,0.0,124.5,4,31,8.89,9.6,8.76,10.59,9.64,12.7,30,4.5,1,27,39,69.2,3,0,0,0,120.7,17,1.3,416,62,6.71,69,6.72,2,3:13
143,MIN,2022-12-17,426,4,92,1,3,170,171,33:20,Sat,14,15,,IND,W 39-36 (OT),34,55,21,61.8,4,2,7.3,3.6,97.5,7,34,11.29,7.7,6.87,7.56,6.71,12.5,43,4.0,0,19,33,57.6,1,3,12,0,81.6,24,3.8,518,86,6.02,79,4.32,3,4:01
144,MIN,2022-12-24,270,3,83,0,0,319,126,30:47,Sat,15,16,,NYG,W 27-24,34,48,14,70.8,3,0,6.3,0.0,107.9,4,29,7.69,5.6,5.19,6.88,6.35,7.9,21,6.0,1,30,42,71.4,1,3,15,1,91.3,19,4.4,353,71,4.97,66,6.74,0,3:04
145,MIN,2023-01-01,244,2,102,0,4,152,163,25:56,Sun,16,17,@,GNB,L 17-41,22,35,13,62.9,2,3,5.7,8.6,69.0,2,18,5.41,7.0,6.59,4.26,4.03,11.1,33,4.9,2,17,27,63.0,1,1,16,0,90.4,20,5.1,346,57,6.07,61,5.16,4,2:54
146,MIN,2023-01-08,341,1,141,2,2,141,118,36:36,Sun,17,18,@,CHI,W 29-13,28,33,5,84.8,1,1,3.0,3.0,107.2,0,0,0.00,10.3,10.33,9.58,9.58,12.2,22,5.4,1,13,27,48.1,1,1,6,2,45.4,38,3.7,482,71,6.79,50,5.18,2,2:56
147,MIN,2023-09-10,328,2,41,0,3,169,73,29:21,Sun,1,1,,TAM,L 17-20,33,44,11,75.0,2,1,4.5,2.3,102.8,2,16,4.35,7.5,7.13,7.34,7.02,9.9,33,2.2,0,21,34,61.8,2,1,4,0,93.9,17,2.4,369,63,5.86,68,3.56,3,3:03
148,MIN,2023-09-14,346,4,28,0,4,171,259,20:32,Thu,2,2,@,PHI,L 28-34,31,44,13,70.5,4,0,9.1,0.0,125.6,2,18,4.35,7.9,7.52,9.68,9.26,11.2,48,5.4,3,18,23,78.3,1,4,22,1,94.0,9,3.1,374,55,6.80,75,5.73,4,3:04
149,MIN,2023-09-24,345,3,130,0,2,445,30,33:13,Sun,3,3,,LAC,L 24-28,32,50,18,64.0,3,1,6.0,2.0,97.7,4,22,7.41,6.9,6.39,7.20,6.67,10.8,15,2.0,0,41,48,85.4,4,1,9,0,133.1,24,5.4,475,78,6.09,64,7.42,2,3:16
150,MIN,2023-10-01,130,2,135,0,2,149,83,21:31,Sun,4,4,@,CAR,W 21-13,12,19,7,63.2,2,2,10.5,10.5,80.7,2,9,9.52,6.8,6.19,4.21,3.81,10.8,31,2.7,0,25,32,78.1,0,5,55,0,86.1,23,5.9,265,44,6.02,68,3.41,2,2:43
151,MIN,2023-10-08,259,2,70,0,1,266,67,28:01,Sun,5,5,,KAN,L 20-27,29,47,18,61.7,2,0,4.3,0.0,92.9,3,25,6.00,5.5,5.18,6.36,5.98,8.9,21,3.2,1,31,41,75.6,2,2,15,0,108.4,18,3.9,329,68,4.84,64,5.20,1,3:00
152,MIN,2023-10-15,174,1,46,0,1,113,162,24:49,Sun,6,6,@,CHI,W 19-13,21,31,10,67.7,1,0,3.2,0.0,93.6,2,7,6.06,5.6,5.27,6.26,5.88,8.3,36,4.5,1,16,24,66.7,0,5,28,2,42.5,22,2.1,220,55,4.00,65,4.23,1,2:55
153,MIN,2023-10-23,378,2,74,0,1,260,65,34:56,Mon,7,7,,SFO,W 22-17,35,45,10,77.8,2,1,4.4,2.2,107.2,0,0,0.00,8.4,8.40,8.29,8.29,10.8,22,3.0,1,21,30,70.0,1,1,12,2,79.9,21,3.5,452,66,6.85,53,6.13,1,2:56
154,MIN,2023-10-29,284,2,62,1,1,196,74,36:22,Sun,8,8,@,GNB,W 24-10,26,35,9,74.3,2,0,5.7,0.0,118.4,3,13,7.89,8.1,7.47,9.26,8.53,10.9,17,4.4,0,24,41,58.5,1,4,33,1,68.8,31,2.0,346,69,5.01,62,4.35,1,3:08
155,MIN,2023-11-05,217,2,146,1,2,260,110,31:32,Sun,9,9,@,ATL,W 31-28,25,36,11,69.4,2,0,5.6,0.0,105.8,4,19,10.00,6.0,5.43,7.14,6.43,8.7,28,3.9,1,21,38,55.3,1,1,8,1,74.5,33,4.4,363,73,4.97,67,5.52,2,3:15
156,MIN,2023-11-12,263,1,125,2,0,215,65,33:06,Sun,10,10,,NOR,W 27-19,23,34,11,67.6,1,0,2.9,0.0,101.1,1,5,2.86,7.7,7.51,8.32,8.09,11.4,15,4.3,0,26,43,60.5,2,3,17,2,69.4,33,3.8,388,68,5.71,61,4.59,0,3:22
157,MIN,2023-11-19,210,1,175,1,3,249,46,34:58,Sun,11,11,@,DEN,L 20-21,20,32,12,62.5,1,1,3.1,3.1,80.3,2,11,5.88,6.6,6.18,5.78,5.44,10.5,15,3.1,0,27,35,77.1,1,2,10,0,105.5,36,4.9,385,70,5.50,52,5.67,3,3:02
158,MIN,2023-11-27,169,1,73,0,4,199,118,24:10,Mon,12,12,,CHI,L 10-12,22,32,10,68.8,1,4,3.1,12.5,54.3,2,16,5.88,5.3,4.97,0.28,0.26,7.7,28,4.2,0,27,37,73.0,0,3,18,0,85.3,17,4.3,242,51,4.75,68,4.66,4,2:51
159,MIN,2023-12-10,99,0,132,0,0,146,56,32:11,Sun,13,14,@,LVR,W 3-0,19,36,17,52.8,0,0,0.0,0.0,63.0,5,47,12.20,2.8,2.41,2.75,2.41,5.2,17,3.3,0,21,32,65.6,0,4,25,1,62.8,30,4.4,231,71,3.25,53,3.81,0,3:07
160,MIN,2023-12-16,281,2,143,1,2,298,80,33:41,Sat,14,15,@,CIN,L 24-27 (OT),26,34,8,76.5,2,2,5.9,5.9,98.0,3,22,8.11,8.3,7.59,6.79,6.24,10.8,22,3.6,1,29,42,69.0,2,5,26,1,95.1,30,4.8,424,67,6.33,69,5.48,2,3:19
161,MIN,2023-12-24,373,2,17,1,4,246,143,21:38,Sun,15,16,,DET,L 24-30,22,36,14,61.1,2,4,5.6,11.1,79.5,4,38,10.00,10.4,9.33,6.47,5.83,17.0,36,4.0,3,30,40,75.0,1,1,11,0,98.5,11,1.5,390,51,7.65,77,5.05,4,3:15
162,MIN,2023-12-31,144,1,67,0,2,293,177,22:28,Sun,16,17,,GNB,L 10-33,18,32,14,56.3,1,1,3.1,3.1,69.8,4,36,11.11,4.5,4.00,3.72,3.31,8.0,39,4.5,1,25,34,73.5,3,0,0,0,128.7,16,4.2,211,52,4.06,73,6.44,2,2:57
163,MIN,2024-01-07,359,2,89,0,2,311,70,34:59,Sun,17,18,@,DET,L 20-30,30,44,14,68.2,2,2,4.5,4.5,92.6,4,37,8.33,8.2,7.48,7.02,6.44,12.0,23,3.0,2,23,32,71.9,2,1,9,0,123.3,22,4.0,448,70,6.40,56,6.80,2,3:05
