Game Order,Team,Date,Turnovers,Opponent Turnovers,Penalties,Penalty Yards,Opponent Penalties,Opponent Penalty Yards,Field Goals Made,Opponent Field Goals Made,3rd Down %,Oppoenent 3rd Down %,Day of Week,Game Number,Week,Home/Away,Opponent,Result,1st Downs,1st Downs by Rush,1st Downs by Pass,1st Downs by Pen,3rd Down Attempts,3rd Down Conversions,3rd Down Conversion %,4th Down Attempts,4th Down Conversions,4th Down Conversion %,Opponent Total Yards,Opponent Turnovers,Penalties,Penalty Yards,Opponent Penalties,Opponent Penalty Yards,Combined Penalties,Combined Penalty Yards,Opponent TD,Opponent XPA,Opponent XPM,Opponent Field Goals Attempted,Opponent Field Goals Made,Opponent Safeties,Total Yards,Offensive Plays,Yards per Play,Defensive Plays,Defensive Yards per Play,Turnovers,Time of Possession,Time,Opponent 1st Downs,Opponent 1st Downs by Rush,Opponent 1st Downs by Pass,Opponent 1st Downs by Penalty,Opponent 3rd Down Attempts,Opponent 3rd Down Conversions,Opponent 3rd Down Conversion %,Opponent 4th Down Attempts,Opponent 4th Down Conversions,Opponent 4th Down Conversion %,Total TD,XPA,XPM,Field Goals Attempted,Field Goals Made,2PA,2PM,Safeties
1,DEN,2014-09-07,0,2,7,70,9,45,1,1,50.0,30.8,Sun,1,1,,IND,W 31-24,24,8,13,3,14,7,50.0,0,0,,408,2,7,70,9,45,16,115,3,3,3,1,1,0,361,69,5.23,70,5.83,0,32:24,3:13,24,2,20,2,13,4,30.8,4,2,50.0,4,4,4,1,1,0,0,0
2,DEN,2014-09-14,0,0,11,71,7,62,1,1,37.5,68.8,Sun,2,2,,KAN,W 24-17,19,4,14,1,8,3,37.5,1,1,100.0,380,0,11,71,7,62,18,133,2,2,2,2,1,0,325,46,7.07,75,5.07,0,23:46,3:08,28,6,18,4,16,11,68.8,1,0,0.0,3,3,3,1,1,0,0,0
3,DEN,2014-09-21,2,1,4,27,7,34,1,2,37.5,41.2,Sun,3,3,@,SEA,L 20-26 (OT),20,1,18,1,16,6,37.5,0,0,,384,1,4,27,7,34,11,61,3,2,2,3,2,0,332,70,4.74,75,5.12,2,27:42,3:33,26,8,16,2,17,7,41.2,0,0,,2,1,1,1,1,1,1,1
4,DEN,2014-10-05,2,0,7,67,3,15,2,2,43.8,18.8,Sun,4,5,,ARI,W 41-20,24,5,18,1,16,7,43.8,0,0,,215,0,7,67,3,15,10,82,2,2,2,2,2,0,568,76,7.47,56,3.84,2,35:17,3:16,9,1,7,1,16,3,18.8,0,0,,5,5,5,3,2,0,0,0
5,DEN,2014-10-12,0,2,11,101,2,9,1,1,43.8,35.7,Sun,5,6,@,NYJ,W 31-17,21,7,13,1,16,7,43.8,0,0,,204,2,11,101,2,9,13,110,2,2,2,1,1,0,359,68,5.28,62,3.29,0,33:34,3:16,15,1,13,1,14,5,35.7,0,0,,4,4,4,1,1,0,0,0
6,DEN,2014-10-19,0,1,8,75,6,62,0,1,55.6,23.1,Sun,6,7,,SFO,W 42-17,23,6,14,3,9,5,55.6,0,0,,310,1,8,75,6,62,14,137,2,2,2,2,1,0,419,56,7.48,70,4.43,0,27:59,3:08,22,3,16,3,13,3,23.1,2,1,50.0,6,6,6,0,0,0,0,0
7,DEN,2014-10-23,0,2,9,71,7,77,0,0,61.5,40.0,Thu,7,8,,SDG,W 35-21,27,9,14,4,13,8,61.5,0,0,,306,2,9,71,7,77,16,148,3,3,3,0,0,0,425,65,6.54,58,5.28,0,30:46,3:05,22,3,15,4,10,4,40.0,1,1,100.0,5,5,5,1,0,0,0,0
8,DEN,2014-11-02,2,1,10,72,9,71,0,3,27.3,37.5,Sun,8,9,@,NWE,L 21-43,26,2,20,4,11,3,27.3,4,0,0.0,398,1,10,72,9,71,19,143,5,4,4,3,3,0,472,75,6.29,79,5.04,2,30:33,3:32,29,3,22,4,16,6,37.5,1,1,100.0,3,3,3,1,0,0,0,0
9,DEN,2014-11-09,2,3,12,95,4,37,2,1,46.7,27.8,Sun,9,10,@,OAK,W 41-17,25,7,17,1,15,7,46.7,1,1,100.0,222,3,12,95,4,37,16,132,2,2,2,1,1,0,471,76,6.20,62,3.58,2,32:22,3:08,10,0,9,1,18,5,27.8,0,0,,5,5,5,2,2,0,0,0
10,DEN,2014-11-16,2,0,8,62,3,25,0,5,33.3,35.3,Sun,10,11,@,STL,L 7-22,21,1,19,1,12,4,33.3,3,0,0.0,337,0,8,62,3,25,11,87,1,1,1,5,5,0,397,66,6.02,65,5.18,2,24:10,3:02,16,4,12,0,17,6,35.3,0,0,,1,1,1,0,0,0,0,0
11,DEN,2014-11-23,1,1,9,98,6,50,1,0,69.2,50.0,Sun,11,12,,MIA,W 39-36,29,10,15,4,13,9,69.2,1,1,100.0,313,1,9,98,6,50,15,148,5,4,4,0,0,0,450,71,6.34,58,5.40,1,34:17,3:10,25,5,17,3,8,4,50.0,1,1,100.0,5,4,4,2,1,1,1,0
12,DEN,2014-11-30,1,3,5,32,5,35,5,1,42.9,11.1,Sun,12,13,@,KAN,W 29-16,21,9,11,1,21,9,42.9,2,2,100.0,151,3,5,32,5,35,10,67,2,1,1,1,1,0,388,80,4.85,44,3.43,1,38:47,3:05,11,2,8,1,9,1,11.1,2,1,50.0,2,2,2,5,5,0,0,0
13,DEN,2014-12-07,3,3,5,45,11,98,1,1,40.0,56.3,Sun,13,14,,BUF,W 24-17,15,10,3,2,10,4,40.0,0,0,,415,3,5,45,11,98,16,143,2,2,2,1,1,0,306,49,6.24,77,5.39,3,26:31,3:07,24,6,18,0,16,9,56.3,3,2,66.7,3,3,3,1,1,0,0,0
14,DEN,2014-12-14,0,2,7,71,8,65,5,1,25.0,46.2,Sun,14,15,@,SDG,W 22-10,18,4,10,4,12,3,25.0,0,0,,288,2,7,71,8,65,15,136,1,1,1,3,1,0,337,61,5.52,61,4.72,0,32:44,3:06,20,3,13,4,13,6,46.2,0,0,,1,1,1,5,5,0,0,0
15,DEN,2014-12-22,4,2,6,72,7,45,0,3,41.7,18.2,Mon,15,16,@,CIN,L 28-37,22,6,15,1,12,5,41.7,0,0,,353,2,6,72,7,45,13,117,4,4,4,3,3,0,385,65,5.92,62,5.69,4,28:22,3:20,20,10,8,2,11,2,18.2,1,1,100.0,4,4,4,1,0,0,0,0
16,DEN,2014-12-28,1,2,1,16,9,86,4,0,46.7,33.3,Sun,16,17,,OAK,W 47-14,25,9,13,3,15,7,46.7,1,1,100.0,199,2,1,16,9,86,10,102,2,2,2,0,0,0,451,74,6.09,57,3.49,1,33:01,3:18,10,3,7,0,15,5,33.3,1,0,0.0,5,5,5,4,4,0,0,0
17,DEN,2015-09-13,1,2,8,45,3,15,4,2,44.4,15.4,Sun,1,1,,BAL,W 19-13,16,4,11,1,18,8,44.4,0,0,,173,2,8,45,3,15,11,60,1,1,1,2,2,0,219,69,3.17,57,3.04,1,37:17,2:56,11,6,4,1,13,2,15.4,1,1,100.0,1,1,1,4,4,0,0,0
18,DEN,2015-09-17,1,5,8,85,9,60,1,1,37.5,0.0,Thu,2,2,@,KAN,W 31-24,21,3,15,3,16,6,37.5,1,0,0.0,314,5,8,85,9,60,17,145,3,3,3,1,1,0,299,70,4.27,58,5.41,1,31:01,3:23,20,7,9,4,7,0,0.0,0,0,,4,4,4,1,1,0,0,0
19,DEN,2015-09-27,2,3,9,94,9,75,1,0,33.3,33.3,Sun,3,3,@,DET,W 24-12,19,3,14,2,12,4,33.3,1,1,100.0,290,3,9,94,9,75,18,169,2,1,0,0,0,0,354,62,5.71,68,4.26,2,28:52,3:19,22,3,14,5,12,4,33.3,1,0,0.0,3,3,3,1,1,0,0,0
20,DEN,2015-10-04,2,1,8,40,9,63,3,2,22.2,37.5,Sun,4,4,,MIN,W 23-20,18,4,11,3,9,2,22.2,1,1,100.0,325,1,8,40,9,63,17,103,2,2,2,3,2,0,344,53,6.49,69,4.71,2,26:06,3:00,19,5,13,1,16,6,37.5,2,2,100.0,2,2,2,3,3,0,0,0
21,DEN,2015-10-11,2,3,6,103,6,41,3,1,15.4,43.8,Sun,5,5,@,OAK,W 16-10,15,2,11,2,13,2,15.4,0,0,,288,3,6,103,6,41,12,144,1,1,1,3,1,0,297,55,5.40,68,4.24,2,25:51,3:02,20,3,13,4,16,7,43.8,2,1,50.0,1,1,1,3,3,0,0,0
22,DEN,2015-10-18,3,3,8,81,6,30,4,1,22.2,40.0,Sun,6,6,@,CLE,W 26-23 (OT),21,6,15,0,18,4,22.2,1,1,100.0,298,3,8,81,6,30,14,111,3,2,2,1,1,0,442,81,5.46,76,3.92,3,36:44,3:44,20,8,10,2,15,6,40.0,1,0,0.0,2,2,2,5,4,0,0,0
23,DEN,2015-11-01,1,0,11,93,2,15,2,1,50.0,25.0,Sun,7,8,,GNB,W 29-10,24,9,15,0,12,6,50.0,0,0,,140,0,11,93,2,15,13,108,1,1,1,1,1,0,500,63,7.94,46,3.04,1,33:27,2:52,14,7,3,4,8,2,25.0,0,0,,3,3,3,2,2,0,0,1
24,DEN,2015-11-08,2,0,8,56,4,30,1,2,50.0,60.0,Sun,8,9,@,IND,L 24-27,16,2,13,1,12,6,50.0,0,0,,365,0,8,56,4,30,12,86,3,3,3,2,2,0,309,51,6.06,77,4.74,2,21:21,3:06,27,7,13,7,20,12,60.0,0,0,,3,3,3,1,1,0,0,0
25,DEN,2015-11-15,5,0,5,55,11,102,0,5,21.4,25.0,Sun,9,10,,KAN,L 13-29,18,4,11,3,14,3,21.4,3,2,66.7,303,0,5,55,11,102,16,157,2,2,2,6,5,0,221,65,3.40,65,4.66,5,26:33,3:22,13,8,4,1,16,4,25.0,1,1,100.0,2,1,1,0,0,1,0,0
26,DEN,2015-11-22,0,2,8,118,0,0,1,3,42.9,33.3,Sun,10,11,@,CHI,W 17-15,21,7,14,0,14,6,42.9,1,0,0.0,347,2,8,118,0,0,8,118,1,0,0,3,3,0,389,68,5.72,59,5.88,0,33:13,3:01,19,5,9,5,12,4,33.3,1,0,0.0,2,2,2,1,1,0,0,0
27,DEN,2015-11-29,1,1,6,46,5,47,1,1,25.0,15.4,Sun,11,12,,NWE,W 30-24 (OT),23,9,12,2,16,4,25.0,1,1,100.0,301,1,6,46,5,47,11,93,3,3,3,1,1,0,433,77,5.62,61,4.93,1,36:31,3:28,16,1,13,2,13,2,15.4,1,0,0.0,4,3,3,2,1,0,0,0
28,DEN,2015-12-06,1,3,3,18,8,72,1,1,46.2,35.7,Sun,12,13,@,SDG,W 17-3,19,9,8,2,13,6,46.2,0,0,,272,3,3,18,8,72,11,90,0,0,0,2,1,0,293,66,4.44,62,4.39,1,32:57,3:03,15,6,8,1,14,5,35.7,2,0,0.0,2,2,2,2,1,0,0,0
29,DEN,2015-12-13,2,0,4,27,10,70,4,0,22.2,20.0,Sun,13,14,,OAK,L 12-15,20,3,14,3,18,4,22.2,3,1,33.3,126,0,4,27,10,70,14,97,2,1,1,1,0,1,310,77,4.03,55,2.29,2,35:58,3:18,8,1,6,1,15,3,20.0,0,0,,0,0,0,5,4,0,0,0
30,DEN,2015-12-20,2,2,12,127,9,63,0,2,52.9,46.7,Sun,14,15,@,PIT,L 27-34,20,4,14,2,17,9,52.9,2,0,0.0,377,2,12,127,9,63,21,190,4,4,4,2,2,0,385,71,5.42,75,5.03,2,28:44,3:31,28,3,21,4,15,7,46.7,0,0,,4,4,3,0,0,0,0,0
31,DEN,2015-12-28,1,1,5,40,6,45,2,1,36.4,58.8,Mon,15,16,,CIN,W 20-17 (OT),22,5,13,4,11,4,36.4,0,0,,294,1,5,40,6,45,11,85,2,2,2,2,1,0,390,63,6.19,70,4.20,1,27:50,3:22,22,6,14,2,17,10,58.8,0,0,,2,2,2,3,2,0,0,0
32,DEN,2016-01-03,5,1,6,35,7,45,2,2,45.5,33.3,Sun,16,17,,SDG,W 27-20,21,11,10,0,11,5,45.5,0,0,,317,1,6,35,7,45,13,80,2,2,2,2,2,0,503,65,7.74,67,4.73,5,25:28,3:21,15,5,8,2,18,6,33.3,2,0,0.0,3,3,3,2,2,0,0,0
33,DEN,2016-09-08,3,1,4,22,8,85,0,2,50.0,60.0,Thu,1,1,,CAR,W 21-20,21,9,11,1,10,5,50.0,1,1,100.0,333,1,4,22,8,85,12,107,2,2,2,3,2,0,307,57,5.39,68,4.90,3,27:41,3:12,21,8,12,1,15,9,60.0,0,0,,3,3,3,0,0,0,0,0
34,DEN,2016-09-18,1,2,8,54,8,94,4,2,45.5,42.9,Sun,2,2,,IND,W 34-20,24,7,13,4,11,5,45.5,0,0,,253,2,8,54,8,94,16,148,2,2,2,2,2,0,400,65,6.15,66,3.83,1,30:41,3:12,19,4,11,4,14,6,42.9,1,1,100.0,3,2,2,5,4,1,1,0
35,DEN,2016-09-25,1,2,5,41,9,69,1,1,50.0,41.7,Sun,3,3,@,CIN,W 29-17,21,3,13,5,12,6,50.0,0,0,,332,2,5,41,9,69,14,110,2,2,2,1,1,0,355,60,5.92,64,5.19,1,27:54,3:05,20,7,12,1,12,5,41.7,1,0,0.0,4,3,2,1,1,1,0,0
36,DEN,2016-10-02,0,3,9,88,9,69,2,0,23.1,31.3,Sun,4,4,@,TAM,W 27-7,22,4,14,4,13,3,23.1,0,0,,215,3,9,88,9,69,18,157,1,1,1,0,0,0,307,67,4.58,66,3.26,0,31:24,4:32,15,3,9,3,16,5,31.3,1,0,0.0,3,3,3,2,2,0,0,0
37,DEN,2016-10-09,1,1,8,57,7,78,3,3,25.0,16.7,Sun,5,5,,ATL,L 16-23,18,5,10,3,16,4,25.0,4,4,100.0,372,1,8,57,7,78,15,135,2,2,2,3,3,0,267,65,4.11,62,6.00,1,31:08,2:58,19,8,10,1,12,2,16.7,3,2,66.7,1,1,1,3,3,0,0,0
38,DEN,2016-10-13,2,2,12,103,3,20,2,4,40.0,23.1,Thu,6,6,@,SDG,L 13-21,16,6,10,0,15,6,40.0,1,0,0.0,265,2,12,103,3,20,15,123,1,1,1,4,4,1,304,68,4.47,60,4.42,2,26:32,3:18,16,5,9,2,13,3,23.1,1,1,100.0,1,1,1,3,2,0,0,0
39,DEN,2016-10-24,0,2,7,83,2,15,2,3,27.3,38.9,Mon,7,7,,HOU,W 27-9,19,11,8,0,11,3,27.3,0,0,,271,2,7,83,2,15,9,98,0,0,0,3,3,0,347,60,5.78,67,4.04,0,30:38,3:05,14,5,8,1,18,7,38.9,2,0,0.0,3,3,3,2,2,0,0,0
40,DEN,2016-10-30,3,3,6,45,8,52,2,0,33.3,41.2,Sun,8,8,,SDG,W 27-19,15,5,10,0,15,5,33.3,1,0,0.0,369,3,6,45,8,52,14,97,3,2,1,1,0,0,324,64,5.06,77,4.79,3,26:52,3:29,21,5,14,2,17,7,41.2,2,0,0.0,3,3,3,2,2,0,0,0
41,DEN,2016-11-06,2,0,12,104,8,72,2,3,27.3,35.7,Sun,9,9,@,OAK,L 20-30,13,1,9,3,11,3,27.3,1,0,0.0,397,0,12,104,8,72,20,176,3,3,3,4,3,0,299,51,5.86,76,5.22,2,18:32,3:18,30,11,12,7,14,5,35.7,0,0,,2,2,2,2,2,0,0,0
42,DEN,2016-11-13,2,4,1,10,3,25,3,1,57.9,44.4,Sun,10,10,@,NOR,W 25-23,24,3,20,1,19,11,57.9,0,0,,373,4,1,10,3,25,4,35,3,3,2,1,1,0,337,83,4.06,51,7.31,2,39:22,3:05,19,4,15,0,9,4,44.4,0,0,,2,2,2,4,3,0,0,0
43,DEN,2016-11-27,1,0,15,97,9,71,2,2,45.0,29.4,Sun,11,12,,KAN,L 27-30 (OT),21,6,12,3,20,9,45.0,1,1,100.0,273,0,15,97,9,71,24,168,3,2,2,2,2,1,464,77,6.03,76,3.59,1,37:19,3:57,23,5,14,4,17,5,29.4,1,1,100.0,3,3,3,3,2,0,0,0
44,DEN,2016-12-04,0,3,4,32,6,65,2,1,7.7,33.3,Sun,12,13,@,JAX,W 20-10,10,4,5,1,13,1,7.7,0,0,,333,3,4,32,6,65,10,97,1,1,1,1,1,0,206,54,3.81,81,4.11,0,25:26,3:07,19,7,10,2,18,6,33.3,2,1,50.0,2,2,2,2,2,0,0,0
45,DEN,2016-12-11,2,0,9,87,5,55,1,2,27.3,37.5,Sun,13,14,@,TEN,L 10-13,19,0,19,0,11,3,27.3,2,1,50.0,253,0,9,87,5,55,14,142,1,1,1,2,2,0,348,64,5.44,65,3.89,2,27:33,3:02,16,11,4,1,16,6,37.5,0,0,,1,1,1,1,1,0,0,0
46,DEN,2016-12-18,3,0,5,49,4,30,1,3,16.7,29.4,Sun,14,15,,NWE,L 3-16,15,4,10,1,12,2,16.7,1,0,0.0,313,0,5,49,4,30,9,79,1,1,1,3,3,0,309,61,5.07,73,4.29,3,26:24,2:56,20,6,11,3,17,5,29.4,1,0,0.0,0,0,0,1,1,0,0,0
47,DEN,2016-12-25,3,1,9,70,8,65,1,2,26.7,52.9,Sun,15,16,@,KAN,L 10-33,14,3,9,2,15,4,26.7,2,1,50.0,484,1,9,70,8,65,17,135,4,4,3,3,2,0,246,57,4.32,74,6.54,3,21:59,3:22,23,10,11,2,17,9,52.9,0,0,,1,1,1,1,1,0,0,0
48,DEN,2017-01-01,1,3,5,43,13,125,1,0,33.3,18.2,Sun,16,17,,OAK,W 24-6,18,5,8,5,15,5,33.3,3,1,33.3,221,3,5,43,13,125,18,168,1,0,0,0,0,0,349,67,5.21,50,4.42,1,35:25,3:05,11,2,7,2,11,2,18.2,1,0,0.0,3,3,3,2,1,0,0,0
49,DEN,2017-09-11,2,1,3,62,4,40,1,0,53.3,25.0,Mon,1,1,,LAC,W 24-21,22,7,14,1,15,8,53.3,0,0,,249,1,3,62,4,40,7,102,3,3,3,1,0,0,321,68,4.72,56,4.45,2,34:13,2:54,17,3,12,2,12,3,25.0,2,1,50.0,3,3,3,2,1,0,0,0
50,DEN,2017-09-17,2,2,8,61,8,69,0,1,60.0,21.4,Sun,2,2,,DAL,W 42-17,26,11,12,3,15,9,60.0,0,0,,268,2,8,61,8,69,16,130,2,2,2,1,1,0,380,73,5.21,66,4.06,2,33:50,4:15,16,1,12,3,14,3,21.4,5,2,40.0,6,6,6,1,0,0,0,0
51,DEN,2017-09-24,2,0,10,79,8,69,3,4,42.9,37.5,Sun,3,3,@,BUF,L 16-26,21,7,10,4,14,6,42.9,2,0,0.0,272,0,10,79,8,69,18,148,2,2,2,4,4,0,366,66,5.55,63,4.32,2,29:34,3:03,16,4,11,1,16,6,37.5,0,0,,1,1,1,3,3,0,0,0
52,DEN,2017-10-01,0,1,6,40,7,75,3,1,31.3,16.7,Sun,4,4,,OAK,W 16-10,16,5,10,1,16,5,31.3,0,0,,254,1,6,40,7,75,13,115,1,1,1,1,1,0,298,62,4.81,53,4.79,0,32:57,2:58,11,1,10,0,12,2,16.7,3,0,0.0,1,1,1,4,3,0,0,0
53,DEN,2017-10-15,3,0,5,46,5,77,1,3,29.4,28.6,Sun,5,6,,NYG,L 10-23,20,4,14,2,17,5,29.4,2,0,0.0,266,0,5,46,5,77,10,123,2,2,2,4,3,0,412,75,5.49,54,4.93,3,29:24,3:05,12,4,8,0,14,4,28.6,0,0,,1,1,1,3,1,0,0,0
54,DEN,2017-10-22,3,0,10,68,9,81,0,0,21.4,25.0,Sun,6,7,@,LAC,L 0-21,12,3,8,1,14,3,21.4,2,0,0.0,242,0,10,68,9,81,19,149,3,3,3,0,0,0,251,59,4.25,55,4.40,3,31:04,2:53,14,2,8,4,12,3,25.0,1,0,0.0,0,0,0,0,0,0,0,0
55,DEN,2017-10-30,5,2,7,53,7,69,2,5,38.5,16.7,Mon,7,8,@,KAN,L 19-29,23,8,13,2,13,5,38.5,1,0,0.0,276,2,7,53,7,69,14,122,2,2,2,5,5,0,364,70,5.20,59,4.68,5,31:23,3:05,16,5,9,2,12,2,16.7,0,0,,2,1,1,2,2,1,0,0
56,DEN,2017-11-05,2,1,14,105,5,35,3,1,23.1,38.5,Sun,8,9,@,PHI,L 23-51,14,1,12,1,13,3,23.1,1,1,100.0,419,1,14,105,5,35,19,140,7,7,6,1,1,0,226,60,3.77,67,6.25,2,30:06,3:21,25,9,13,3,13,5,38.5,4,2,50.0,2,2,2,3,3,0,0,0
57,DEN,2017-11-12,2,0,5,28,1,5,3,2,53.3,36.4,Sun,9,10,,NWE,L 16-41,17,5,11,1,15,8,53.3,0,0,,396,0,5,28,1,5,6,33,5,5,5,2,2,0,339,61,5.56,67,5.91,2,30:17,3:00,28,6,18,4,11,4,36.4,3,1,33.3,1,1,1,3,3,0,0,0
58,DEN,2017-11-19,2,0,5,50,3,14,1,0,57.1,46.7,Sun,10,11,,CIN,L 17-20,20,5,15,0,21,12,57.1,2,1,50.0,190,0,5,50,3,14,8,64,3,3,2,0,0,0,341,79,4.32,53,3.58,2,35:11,3:04,12,1,9,2,15,7,46.7,0,0,,2,2,2,2,1,0,0,0
59,DEN,2017-11-26,1,1,9,75,7,68,0,0,35.7,38.5,Sun,11,12,@,OAK,L 14-21,12,1,10,1,14,5,35.7,1,1,100.0,348,1,9,75,7,68,16,143,3,3,3,1,0,0,216,57,3.79,63,5.52,1,24:06,3:09,21,6,10,5,13,5,38.5,0,0,,2,2,2,0,0,0,0,0
60,DEN,2017-12-03,3,3,9,57,7,85,1,1,7.7,26.7,Sun,12,13,@,MIA,L 9-35,14,3,10,1,13,1,7.7,1,0,0.0,367,3,9,57,7,85,16,142,4,4,4,1,1,2,270,67,4.03,64,5.73,3,25:38,3:20,15,4,10,1,15,4,26.7,0,0,,1,0,0,1,1,1,0,0
61,DEN,2017-12-10,0,2,3,21,4,20,3,0,41.2,23.1,Sun,13,14,,NYJ,W 23-0,17,5,10,2,17,7,41.2,1,1,100.0,100,2,3,21,4,20,7,41,0,0,0,0,0,0,273,68,4.01,48,2.08,0,37:35,2:45,6,4,1,1,13,3,23.1,1,0,0.0,2,2,2,4,3,0,0,0
62,DEN,2017-12-14,1,0,12,80,4,39,1,2,46.7,46.2,Thu,14,15,@,IND,W 25-13,23,10,11,2,15,7,46.7,3,1,33.3,228,0,12,80,4,39,16,119,1,1,1,2,2,0,462,74,6.24,53,4.30,1,36:51,3:00,15,4,9,2,13,6,46.2,1,0,0.0,3,2,2,2,1,1,1,0
63,DEN,2017-12-24,3,2,3,30,6,35,1,2,29.4,38.5,Sun,15,16,@,WAS,L 11-27,18,9,7,2,17,5,29.4,2,1,50.0,386,2,3,30,6,35,9,65,3,3,3,2,2,0,330,71,4.65,66,5.85,3,30:27,3:03,19,7,12,0,13,5,38.5,0,0,,1,0,0,1,1,1,1,0
64,DEN,2017-12-31,3,2,4,30,4,40,1,2,41.7,36.4,Sun,16,17,,KAN,L 24-27,22,8,13,1,12,5,41.7,2,1,50.0,379,2,4,30,4,40,8,70,3,3,3,2,2,0,336,65,5.17,65,5.83,3,30:57,3:07,23,7,14,2,11,4,36.4,1,1,100.0,3,3,3,1,1,0,0,0
65,DEN,2018-09-09,3,3,7,60,7,45,2,1,33.3,16.7,Sun,1,1,,SEA,W 27-24,25,8,15,2,12,4,33.3,0,0,,306,3,7,60,7,45,14,105,3,3,3,2,1,0,470,72,6.53,55,5.56,3,35:08,3:06,13,1,10,2,12,2,16.7,0,0,,3,3,3,2,2,0,0,0
66,DEN,2018-09-16,1,0,6,35,4,30,2,2,50.0,30.0,Sun,2,2,,OAK,W 20-19,20,10,9,1,16,8,50.0,1,1,100.0,373,0,6,35,4,30,10,65,2,2,1,2,2,0,385,64,6.02,60,6.22,1,27:04,3:07,21,3,16,2,10,3,30.0,1,0,0.0,2,2,2,2,2,0,0,0
67,DEN,2018-09-23,1,0,13,120,7,52,0,2,42.9,50.0,Sun,3,3,@,BAL,L 14-27,18,8,8,2,14,6,42.9,1,0,0.0,342,0,13,120,7,52,20,172,3,3,3,3,2,0,293,61,4.80,70,4.89,1,29:46,3:10,20,5,13,2,16,8,50.0,0,0,,2,2,2,0,0,0,0,0
68,DEN,2018-10-01,1,0,3,25,10,93,3,2,18.2,46.7,Mon,4,4,,KAN,L 23-27,21,10,10,1,11,2,18.2,3,2,66.7,446,0,3,25,10,93,13,118,3,3,3,2,2,0,385,59,6.53,72,6.19,1,24:58,3:04,22,8,13,1,15,7,46.7,2,2,100.0,2,2,2,3,3,0,0,0
69,DEN,2018-10-07,1,2,6,45,4,33,1,2,28.6,46.2,Sun,5,5,@,NYJ,L 16-34,26,5,19,2,14,4,28.6,1,0,0.0,512,2,6,45,4,33,10,78,4,4,4,3,2,0,436,72,6.06,61,8.39,1,31:06,3:09,18,11,7,0,13,6,46.2,0,0,,2,1,1,1,1,1,0,0
70,DEN,2018-10-14,1,1,6,61,10,81,2,3,30.0,47.1,Sun,6,6,,LAR,L 20-23,23,3,14,6,10,3,30.0,1,0,0.0,444,1,6,61,10,81,16,142,2,2,2,4,3,0,357,60,5.95,72,6.17,1,24:50,3:16,24,13,9,2,17,8,47.1,1,1,100.0,2,2,2,2,2,0,0,0
71,DEN,2018-10-18,1,5,5,50,7,45,1,1,38.5,28.6,Thu,7,7,@,ARI,W 45-10,15,6,8,1,13,5,38.5,0,0,,223,5,5,50,7,45,12,95,1,1,1,1,1,0,309,55,5.62,66,3.38,1,30:49,3:04,14,4,8,2,14,4,28.6,1,0,0.0,6,6,6,1,1,0,0,0
72,DEN,2018-10-28,2,1,10,83,7,50,1,1,33.3,30.0,Sun,8,8,@,KAN,L 23-30,22,10,11,1,12,4,33.3,1,1,100.0,340,1,10,83,7,50,17,133,4,4,3,1,1,0,411,69,5.96,54,6.30,2,32:41,3:10,20,2,15,3,10,3,30.0,1,1,100.0,3,2,2,2,1,1,0,0
73,DEN,2018-11-04,1,0,8,50,7,60,1,2,35.7,30.8,Sun,9,9,,HOU,L 17-19,19,5,13,1,14,5,35.7,2,2,100.0,290,0,8,50,7,60,15,110,2,2,1,2,2,0,348,64,5.44,61,4.75,1,27:35,3:05,17,4,11,2,13,4,30.8,1,0,0.0,2,2,2,3,1,0,0,0
74,DEN,2018-11-18,0,2,7,43,14,120,1,3,30.0,60.0,Sun,10,11,@,LAC,W 23-22,16,6,7,3,10,3,30.0,2,1,50.0,479,2,7,43,14,120,21,163,2,2,1,3,3,0,325,52,6.25,72,6.65,0,22:11,3:10,26,5,18,3,15,9,60.0,0,0,,3,2,2,1,1,1,0,0
75,DEN,2018-11-25,0,4,6,50,5,34,1,1,27.3,35.7,Sun,11,12,,PIT,W 24-17,17,5,12,0,11,3,27.3,0,0,,527,4,6,50,5,34,11,84,2,2,2,2,1,0,308,53,5.81,76,6.93,0,25:00,3:03,25,4,19,2,14,5,35.7,1,1,100.0,3,3,3,1,1,0,0,0
76,DEN,2018-12-02,1,3,7,60,12,100,1,1,38.5,38.5,Sun,12,13,@,CIN,W 24-10,16,9,6,1,13,5,38.5,0,0,,313,3,7,60,12,100,19,160,1,1,1,1,1,0,361,57,6.33,64,4.89,1,28:40,3:13,20,6,12,2,13,5,38.5,0,0,,3,3,3,2,1,0,0,0
77,DEN,2018-12-09,0,1,11,62,11,87,0,2,13.3,30.8,Sun,13,14,@,SFO,L 14-20,22,8,9,5,15,2,13.3,7,5,71.4,389,1,11,62,11,87,22,149,2,2,2,2,2,0,274,71,3.86,66,5.89,0,29:19,3:19,24,3,15,6,13,4,30.8,1,0,0.0,2,2,2,0,0,0,0,0
78,DEN,2018-12-15,2,2,8,51,6,75,3,1,35.7,41.7,Sat,14,15,,CLE,L 16-17,22,3,17,2,14,5,35.7,2,1,50.0,309,2,8,51,6,75,14,126,2,2,2,1,1,0,270,70,3.86,61,5.07,2,32:42,3:06,21,5,13,3,12,5,41.7,2,1,50.0,1,1,1,3,3,0,0,0
79,DEN,2018-12-24,2,0,11,91,6,50,0,2,42.9,38.5,Mon,15,16,@,OAK,L 14-27,19,4,12,3,14,6,42.9,2,1,50.0,273,0,11,91,6,50,17,141,3,3,3,2,2,0,300,62,4.84,57,4.79,2,29:52,3:00,16,6,8,2,13,5,38.5,0,0,,2,2,2,1,0,0,0,0
80,DEN,2018-12-30,4,4,11,99,6,51,1,0,28.6,36.4,Sun,16,17,,LAC,L 9-23,19,7,11,1,14,4,28.6,2,1,50.0,276,4,11,99,6,51,17,150,3,3,3,0,0,0,370,74,5.00,55,5.02,4,31:48,3:03,17,5,10,2,11,4,36.4,0,0,,1,0,0,1,1,1,0,0
81,DEN,2019-09-09,0,0,6,44,9,62,3,1,46.2,71.4,Mon,1,1,@,OAK,L 16-24,18,4,11,3,13,6,46.2,0,0,,357,0,6,44,9,62,15,106,3,3,3,1,1,0,344,57,6.04,54,6.61,0,27:15,2:49,19,8,11,0,14,10,71.4,0,0,,1,1,1,4,3,0,0,0
82,DEN,2019-09-15,1,0,10,81,7,65,2,3,21.4,27.3,Sun,2,2,,CHI,L 14-16,27,5,19,3,14,3,21.4,3,3,100.0,273,0,10,81,7,65,17,146,1,1,1,3,3,0,372,76,4.89,56,4.88,1,32:59,3:06,18,7,7,4,11,3,27.3,1,1,100.0,1,0,0,2,2,1,1,0
83,DEN,2019-09-22,3,0,3,27,7,53,1,2,53.3,22.2,Sun,3,3,@,GNB,L 16-27,20,8,12,0,15,8,53.3,2,1,50.0,312,0,3,27,7,53,10,80,3,3,3,3,2,0,310,73,4.25,52,6.00,3,35:34,2:58,16,7,8,1,9,2,22.2,0,0,,2,2,1,1,1,0,0,0
84,DEN,2019-09-29,1,0,5,48,12,104,1,4,36.4,28.6,Sun,4,4,,JAX,L 24-26,19,2,15,2,11,4,36.4,0,0,,455,0,5,48,12,104,17,152,2,2,2,4,4,0,371,54,6.87,76,5.99,1,20:48,3:15,25,11,12,2,14,4,28.6,1,1,100.0,3,3,3,1,1,0,0,0
85,DEN,2019-10-06,2,3,12,122,4,43,2,2,27.3,30.8,Sun,5,5,@,LAC,W 20-13,15,8,6,1,11,3,27.3,0,0,,246,3,12,122,4,43,16,165,1,1,1,3,2,0,350,55,6.36,64,3.84,2,29:36,3:03,19,0,14,5,13,4,30.8,1,0,0.0,2,2,2,3,2,0,0,0
86,DEN,2019-10-13,1,3,8,51,6,40,3,0,14.3,14.3,Sun,6,6,,TEN,W 16-0,11,4,7,0,14,2,14.3,0,0,,204,3,8,51,6,40,14,91,0,0,0,0,0,0,270,59,4.58,62,3.29,1,29:46,2:55,12,0,9,3,14,2,14.3,2,0,0.0,1,1,1,3,3,0,0,0
87,DEN,2019-10-17,1,0,4,33,6,46,0,3,7.7,33.3,Thu,7,7,,KAN,L 6-30,15,4,8,3,13,1,7.7,3,1,33.3,271,0,4,33,6,46,10,79,3,3,3,3,3,0,205,64,3.20,58,4.67,1,27:47,2:53,14,5,7,2,15,5,33.3,1,1,100.0,1,0,0,1,0,1,0,0
88,DEN,2019-10-27,0,1,10,88,10,103,2,3,16.7,33.3,Sun,8,8,@,IND,L 13-15,21,7,8,6,12,2,16.7,0,0,,318,1,10,88,10,103,20,191,1,1,0,4,3,0,279,63,4.43,60,5.30,0,30:44,3:14,19,7,9,3,12,4,33.3,0,0,,1,1,1,2,2,0,0,0
89,DEN,2019-11-03,1,0,7,55,5,40,1,4,33.3,40.0,Sun,9,9,,CLE,W 24-19,13,5,6,2,9,3,33.3,0,0,,351,0,7,55,5,40,12,95,1,1,1,4,4,0,302,43,7.02,73,4.81,1,24:30,3:08,21,5,13,3,15,6,40.0,2,0,0.0,3,3,3,1,1,0,0,0
90,DEN,2019-11-17,1,2,6,35,5,49,3,0,27.8,41.7,Sun,10,11,@,MIN,L 23-27,20,6,11,3,18,5,27.8,4,4,100.0,321,2,6,35,5,49,11,84,4,3,3,0,0,0,394,75,5.25,58,5.53,1,36:43,3:15,19,5,13,1,12,5,41.7,2,2,100.0,2,2,2,4,3,0,0,0
91,DEN,2019-11-24,1,1,7,70,12,90,1,2,18.2,50.0,Sun,11,12,@,BUF,L 3-20,9,3,4,2,11,2,18.2,0,0,,424,1,7,70,12,90,19,160,2,2,2,2,2,0,134,46,2.91,73,5.81,1,24:56,2:57,22,13,8,1,16,8,50.0,0,0,,0,0,0,1,1,0,0,0
92,DEN,2019-12-01,1,2,3,25,7,82,3,2,46.7,33.3,Sun,12,13,,LAC,W 23-20,13,3,8,2,15,7,46.7,0,0,,359,2,3,25,7,82,10,107,2,2,2,3,2,0,218,53,4.11,61,5.89,1,27:51,3:01,17,5,11,1,15,5,33.3,1,1,100.0,2,2,2,3,3,0,0,0
93,DEN,2019-12-08,1,3,7,50,9,44,1,1,62.5,46.2,Sun,13,14,@,HOU,W 38-24,22,5,14,3,8,5,62.5,0,0,,414,3,7,50,9,44,16,94,3,3,3,1,1,0,391,55,7.11,75,5.52,1,31:25,3:12,26,9,16,1,13,6,46.2,4,2,50.0,5,5,5,1,1,0,0,0
94,DEN,2019-12-15,1,1,7,72,5,45,1,3,35.7,54.5,Sun,14,15,@,KAN,L 3-23,15,3,10,2,14,5,35.7,3,1,33.3,419,1,7,72,5,45,12,117,2,0,0,3,3,0,251,57,4.40,62,6.76,1,26:27,2:57,27,7,17,3,11,6,54.5,0,0,,0,0,0,1,1,0,0,0
95,DEN,2019-12-22,0,0,6,50,7,68,2,1,41.7,36.4,Sun,15,16,,DET,W 27-17,25,8,13,4,12,5,41.7,1,1,100.0,191,0,6,50,7,68,13,118,2,2,2,1,1,0,348,67,5.19,49,3.90,0,36:08,2:54,13,4,7,2,11,4,36.4,1,0,0.0,3,3,3,2,2,0,0,0
96,DEN,2019-12-29,1,1,9,61,10,107,3,3,25.0,31.3,Sun,16,17,,OAK,W 16-15,16,2,10,4,12,3,25.0,0,0,,477,1,9,61,10,107,19,168,1,0,0,4,3,0,238,57,4.18,70,6.81,1,27:00,3:22,18,3,13,2,16,5,31.3,3,1,33.3,1,1,1,4,3,0,0,0
97,DEN,2020-09-14,1,0,5,56,5,37,0,1,33.3,43.8,Mon,1,1,,TEN,L 14-16,19,6,12,1,9,3,33.3,1,0,0.0,377,0,5,56,5,37,10,93,2,2,1,4,1,0,323,59,5.47,78,4.83,1,27:20,3:06,26,6,17,3,16,7,43.8,1,1,100.0,2,2,2,0,0,0,0,0
98,DEN,2020-09-20,2,2,4,30,10,89,2,1,33.3,16.7,Sun,2,2,@,PIT,L 21-26,23,5,12,6,15,5,33.3,2,0,0.0,410,2,4,30,10,89,14,119,3,3,3,1,1,1,319,72,4.43,64,6.41,2,30:31,3:18,19,4,15,0,12,2,16.7,2,1,50.0,2,1,1,3,2,1,1,0
99,DEN,2020-09-27,2,0,4,30,9,71,1,2,35.7,50.0,Sun,3,3,,TAM,L 10-28,13,2,9,2,14,5,35.7,1,0,0.0,353,0,4,30,9,71,13,101,3,3,2,2,2,1,226,59,3.83,65,5.43,2,26:58,2:59,17,5,12,0,16,8,50.0,1,1,100.0,1,1,1,1,1,0,0,0
100,DEN,2020-10-01,3,0,8,94,11,118,3,5,50.0,42.1,Thu,4,4,@,NYJ,W 37-28,21,4,10,7,12,6,50.0,0,0,,321,0,8,94,11,118,19,212,2,1,1,5,5,0,359,63,5.70,74,4.34,3,31:39,3:29,18,5,11,2,19,8,42.1,2,0,0.0,4,4,4,3,3,0,0,0
101,DEN,2020-10-18,2,3,2,20,1,4,6,2,28.6,30.8,Sun,5,6,@,NWE,W 18-12,15,7,7,1,14,4,28.6,0,0,,288,3,2,20,1,4,3,24,1,0,0,2,2,0,299,63,4.75,56,5.14,2,32:31,2:55,14,5,9,0,13,4,30.8,2,1,50.0,0,0,0,6,6,0,0,0
102,DEN,2020-10-25,4,1,5,34,1,15,1,3,35.7,0.0,Sun,6,7,,KAN,L 16-43,24,12,11,1,14,5,35.7,2,0,0.0,286,1,5,34,1,15,6,49,5,5,4,3,3,0,411,76,5.41,51,5.61,4,33:24,2:58,17,7,9,1,8,0,0.0,0,0,,2,2,1,1,1,0,0,0
103,DEN,2020-11-01,1,2,8,70,6,67,1,3,38.5,43.8,Sun,7,8,,LAC,W 31-30,17,3,11,3,13,5,38.5,0,0,,485,2,8,70,6,67,14,137,3,3,3,3,3,0,351,59,5.95,84,5.77,1,24:07,3:27,28,10,15,3,16,7,43.8,1,0,0.0,4,4,4,1,1,0,0,0
104,DEN,2020-11-08,1,1,5,65,5,61,2,2,43.8,46.2,Sun,8,9,@,ATL,L 27-34,23,3,17,3,16,7,43.8,2,0,0.0,363,1,5,65,5,61,10,126,4,4,4,2,2,0,405,71,5.70,69,5.26,1,26:33,3:14,23,5,15,3,13,6,46.2,0,0,,3,3,3,2,2,0,0,0
105,DEN,2020-11-15,5,0,7,37,8,82,2,3,46.7,46.2,Sun,9,10,@,LVR,L 12-37,20,4,14,2,15,7,46.7,1,1,100.0,357,0,7,37,8,82,15,119,4,4,4,3,3,0,313,68,4.60,66,5.41,5,23:22,3:19,21,11,8,2,13,6,46.2,0,0,,1,0,0,2,2,1,0,0
106,DEN,2020-11-22,2,1,8,70,5,50,2,2,33.3,43.8,Sun,10,11,,MIA,W 20-13,19,8,9,2,12,4,33.3,2,1,50.0,223,1,8,70,5,50,13,120,1,1,1,2,2,0,459,63,7.29,61,3.66,2,30:19,3:04,17,3,11,3,16,7,43.8,0,0,,2,2,2,2,2,0,0,0
107,DEN,2020-11-29,3,1,2,10,5,35,1,1,10.0,46.7,Sun,11,12,,NOR,L 3-31,6,5,1,0,10,1,10.0,0,0,,292,1,2,10,5,35,7,45,4,4,4,1,1,0,112,43,2.60,63,4.63,3,24:14,2:40,19,14,4,1,15,7,46.7,0,0,,0,0,0,1,1,0,0,0
108,DEN,2020-12-06,2,0,4,31,5,44,1,5,53.8,30.0,Sun,12,13,@,KAN,L 16-22,19,7,10,2,13,7,53.8,1,0,0.0,447,0,4,31,5,44,9,75,1,1,1,5,5,0,330,61,5.41,63,7.10,2,30:31,3:00,25,6,18,1,10,3,30.0,0,0,,2,1,1,2,1,1,0,0
109,DEN,2020-12-13,1,0,2,18,7,48,0,2,37.5,42.9,Sun,13,14,@,CAR,W 32-27,23,7,13,3,8,3,37.5,0,0,,370,0,2,18,7,48,9,66,3,3,3,2,2,0,365,58,6.29,65,5.69,1,29:32,3:03,22,8,13,1,14,6,42.9,1,0,0.0,5,4,2,0,0,1,0,0
110,DEN,2020-12-19,1,1,7,33,8,75,0,2,42.9,69.2,Sat,14,15,,BUF,L 19-48,19,8,10,1,14,6,42.9,0,0,,534,1,7,33,8,75,15,108,6,6,6,2,2,0,255,63,4.05,65,8.22,1,26:10,3:20,29,6,19,4,13,9,69.2,1,0,0.0,3,3,1,1,0,0,0,0
111,DEN,2020-12-27,2,0,6,44,6,45,3,4,41.2,25.0,Sun,15,16,@,LAC,L 16-19,23,8,15,0,17,7,41.2,2,2,100.0,316,0,6,44,6,45,12,89,1,1,1,4,4,0,396,77,5.14,55,5.75,2,33:09,3:00,16,3,12,1,12,3,25.0,1,1,100.0,1,1,1,4,3,0,0,0
112,DEN,2021-01-03,0,4,4,28,14,111,3,1,43.8,38.5,Sun,16,17,,LVR,L 31-32,24,5,15,4,16,7,43.8,1,0,0.0,465,4,4,28,14,111,18,139,4,3,3,1,1,0,446,75,5.95,64,7.27,0,33:20,3:29,22,8,13,1,13,5,38.5,2,2,100.0,3,2,2,6,3,1,1,0
113,DEN,2021-09-12,1,1,5,51,4,48,2,0,46.7,50.0,Sun,1,1,@,NYG,W 27-13,24,4,17,3,15,7,46.7,3,3,100.0,314,1,5,51,4,48,9,99,2,1,1,0,0,0,420,66,6.36,59,5.32,1,35:08,2:53,19,3,13,3,12,6,50.0,3,1,33.3,3,3,3,2,2,0,0,0
114,DEN,2021-09-19,0,2,10,101,7,70,3,0,18.2,36.4,Sun,2,2,@,JAX,W 23-13,22,9,11,2,11,2,18.2,2,2,100.0,189,2,10,101,7,70,17,171,2,1,1,2,0,0,398,67,5.94,50,3.78,0,38:52,3:06,12,3,6,3,11,4,36.4,1,1,100.0,2,2,2,3,3,0,0,0
115,DEN,2021-09-26,1,2,6,50,9,90,4,0,36.4,30.8,Sun,3,3,,NYJ,W 26-0,23,9,10,4,11,4,36.4,0,0,,162,2,6,50,9,90,15,140,0,0,0,0,0,0,343,64,5.36,53,3.06,1,35:47,2:54,11,1,10,0,13,4,30.8,2,0,0.0,2,2,2,4,4,0,0,0
116,DEN,2021-10-03,1,0,4,25,6,55,0,3,21.4,41.2,Sun,4,4,,BAL,L 7-23,15,5,9,1,14,3,21.4,0,0,,406,0,4,25,6,55,10,80,2,2,2,3,3,0,254,59,4.31,70,5.80,1,26:53,3:01,20,6,14,0,17,7,41.2,0,0,,1,1,1,0,0,0,0,0
117,DEN,2021-10-10,1,1,7,67,8,59,2,2,16.7,58.3,Sun,5,5,@,PIT,L 19-27,17,3,14,0,12,2,16.7,4,3,75.0,391,1,7,67,8,59,15,126,3,3,3,2,2,0,374,58,6.45,61,6.41,1,26:58,3:04,19,5,12,2,12,7,58.3,0,0,,2,1,1,2,2,1,0,0
118,DEN,2021-10-17,4,0,6,53,6,54,1,2,35.7,36.4,Sun,6,6,,LVR,L 24-34,25,6,18,1,14,5,35.7,3,1,33.3,426,0,6,53,6,54,12,107,4,4,4,3,2,0,421,77,5.47,52,8.19,4,34:33,3:10,16,4,11,1,11,4,36.4,0,0,,3,3,3,1,1,0,0,0
119,DEN,2021-10-21,1,0,2,15,9,60,0,1,45.5,60.0,Thu,7,7,@,CLE,L 14-17,15,3,11,1,11,5,45.5,1,1,100.0,376,0,2,15,9,60,11,75,2,2,2,2,1,0,223,49,4.55,67,5.61,1,23:09,2:54,23,12,11,0,15,9,60.0,1,1,100.0,2,2,2,0,0,0,0,0
120,DEN,2021-10-31,1,2,4,35,4,29,1,1,53.8,35.7,Sun,8,8,,WAS,W 17-10,17,6,10,1,13,7,53.8,0,0,,342,2,4,35,4,29,8,64,1,1,1,3,1,0,273,51,5.35,68,5.03,1,28:10,2:56,21,6,14,1,14,5,35.7,5,1,20.0,2,2,2,2,1,0,0,0
121,DEN,2021-11-07,0,2,5,37,5,38,3,0,53.3,38.5,Sun,9,9,@,DAL,W 30-16,23,12,9,2,15,8,53.3,0,0,,290,2,5,37,5,38,10,75,2,0,0,0,0,0,407,73,5.58,57,5.09,0,41:12,3:02,14,2,11,1,13,5,38.5,4,0,0.0,3,2,1,4,3,1,1,0
122,DEN,2021-11-14,1,1,4,29,7,89,2,3,9.1,46.2,Sun,10,10,,PHI,L 13-30,17,5,9,3,11,1,9.1,2,0,0.0,386,1,4,29,7,89,11,118,3,3,3,3,3,0,308,55,5.60,64,6.03,1,25:02,3:01,22,12,10,0,13,6,46.2,0,0,,1,1,1,3,2,0,0,0
123,DEN,2021-11-28,1,2,5,35,9,75,0,0,72.7,50.0,Sun,11,12,,LAC,W 28-13,23,11,9,3,11,8,72.7,0,0,,357,2,5,35,9,75,14,110,2,1,1,1,0,0,302,59,5.12,64,5.58,1,29:37,3:05,20,3,15,2,14,7,50.0,2,1,50.0,4,4,4,0,0,0,0,0
124,DEN,2021-12-05,3,1,5,37,7,60,1,3,28.6,41.7,Sun,12,13,@,KAN,L 9-22,22,12,10,0,14,4,28.6,6,3,50.0,267,1,5,37,7,60,12,97,2,2,1,3,3,0,404,72,5.61,54,4.94,3,33:30,2:54,15,7,8,0,12,5,41.7,0,0,,1,0,0,1,1,1,0,0
125,DEN,2021-12-12,0,2,2,18,6,53,1,1,66.7,35.7,Sun,13,14,,DET,W 38-10,25,14,10,1,12,8,66.7,1,1,100.0,316,2,2,18,6,53,8,71,1,1,1,1,1,0,358,65,5.51,62,5.10,0,32:07,2:54,17,7,9,1,14,5,35.7,5,3,60.0,5,5,5,1,1,0,0,0
126,DEN,2021-12-19,1,0,6,60,6,38,1,3,43.8,30.8,Sun,14,15,,CIN,L 10-15,19,10,8,1,16,7,43.8,1,0,0.0,249,0,6,60,6,38,12,98,1,0,0,3,3,0,292,71,4.11,51,4.88,1,32:41,3:11,12,5,5,2,13,4,30.8,0,0,,1,1,1,2,1,0,0,0
127,DEN,2021-12-26,0,3,3,30,3,37,2,1,10.0,50.0,Sun,15,16,@,LVR,L 13-17,8,2,4,2,10,1,10.0,1,1,100.0,342,3,3,30,3,37,6,67,2,2,2,1,1,0,158,40,3.95,67,5.10,0,23:23,2:32,22,10,11,1,12,6,50.0,1,1,100.0,1,1,1,3,2,0,0,0
128,DEN,2022-01-02,1,0,3,23,3,22,2,2,27.3,60.0,Sun,16,17,@,LAC,L 13-34,18,5,11,2,11,3,27.3,4,1,25.0,341,0,3,23,3,22,6,45,4,4,4,2,2,0,319,56,5.70,66,5.17,1,29:44,2:51,21,7,13,1,15,9,60.0,1,1,100.0,1,1,1,2,2,0,0,0
129,DEN,2022-01-08,1,0,6,45,5,45,1,2,58.3,57.1,Sat,17,18,,KAN,L 24-28,18,8,9,1,12,7,58.3,0,0,,390,0,6,45,5,45,11,90,3,2,2,2,2,0,364,54,6.74,74,5.27,1,26:56,2:59,28,6,19,3,14,8,57.1,1,1,100.0,3,3,3,1,1,0,0,0
130,DEN,2022-09-12,2,1,12,106,5,77,3,1,53.3,54.5,Mon,1,1,@,SEA,L 16-17,20,5,13,2,15,8,53.3,1,0,0.0,253,1,12,106,5,77,17,183,2,2,2,1,1,0,433,64,6.77,49,5.16,2,33:39,2:57,19,3,9,7,11,6,54.5,1,0,0.0,1,1,1,4,3,0,0,0
131,DEN,2022-09-18,1,0,13,100,8,94,3,3,25.0,15.4,Sun,2,2,,HOU,W 16-9,20,5,11,4,12,3,25.0,1,1,100.0,234,0,13,100,8,94,21,194,0,0,0,3,3,0,350,65,5.38,59,3.97,1,32:33,3:04,15,7,6,2,13,2,15.4,3,1,33.3,1,1,1,3,3,0,0,0
132,DEN,2022-09-25,0,3,5,30,7,40,1,1,31.6,10.0,Sun,3,3,,SFO,W 11-10,14,5,8,1,19,6,31.6,0,0,,267,3,5,30,7,40,12,70,1,1,1,1,1,0,261,70,3.73,52,5.13,0,34:29,3:05,13,3,9,1,10,1,10.0,0,0,,1,0,0,2,1,1,0,1
133,DEN,2022-10-02,1,0,7,50,4,25,1,4,27.3,50.0,Sun,4,4,@,LVR,L 23-32,12,5,7,0,11,3,27.3,2,1,50.0,385,0,7,50,4,25,11,75,3,3,2,4,4,0,299,48,6.23,74,5.20,1,25:08,3:09,25,14,11,0,14,7,50.0,0,0,,3,3,2,1,1,0,0,0
134,DEN,2022-10-06,2,2,7,49,8,64,3,4,13.3,25.0,Thu,5,5,,IND,L 9-12 (OT),18,6,11,1,15,2,13.3,2,1,50.0,306,2,7,49,8,64,15,113,0,0,0,4,4,0,375,71,5.28,73,4.19,2,32:39,3:30,19,4,14,1,16,4,25.0,0,0,,0,0,0,4,3,0,0,0
135,DEN,2022-10-17,1,1,10,151,9,89,3,4,28.6,50.0,Mon,6,6,@,LAC,L 16-19 (OT),13,3,8,2,14,4,28.6,0,0,,297,1,10,151,9,89,19,240,1,1,1,4,4,0,258,55,4.69,83,3.58,1,28:33,3:19,24,7,10,7,22,11,50.0,3,1,33.3,1,1,1,3,3,0,0,0
136,DEN,2022-10-23,1,0,4,34,11,85,1,3,31.3,21.4,Sun,7,7,,NYJ,L 9-16,21,7,10,4,16,5,31.3,3,1,33.3,260,0,4,34,11,85,15,119,1,1,1,3,3,0,324,75,4.32,53,4.91,1,32:23,3:18,10,4,5,1,14,3,21.4,0,0,,1,1,0,2,1,0,0,0
137,DEN,2022-10-30,1,2,12,80,5,54,0,1,18.2,36.4,Sun,8,8,@,JAX,W 21-17,18,7,11,0,11,2,18.2,3,2,66.7,305,2,12,80,5,54,17,134,2,2,2,1,1,0,331,61,5.43,65,4.69,1,25:56,2:58,24,12,6,6,11,4,36.4,0,0,,3,3,3,0,0,0,0,0
138,DEN,2022-11-13,1,1,8,50,9,60,1,1,23.5,37.5,Sun,9,10,@,TEN,L 10-17,18,5,10,3,17,4,23.5,3,2,66.7,307,1,8,50,9,60,17,110,2,2,2,1,1,0,313,73,4.29,60,5.12,1,33:57,3:20,14,2,11,1,16,6,37.5,0,0,,1,1,1,1,1,0,0,0
139,DEN,2022-11-20,0,0,5,45,9,98,3,3,25.0,27.3,Sun,10,11,,LVR,L 16-22 (OT),19,6,11,2,12,3,25.0,0,0,,407,0,5,45,9,98,14,143,2,1,1,4,3,0,320,62,5.16,62,6.56,0,28:57,3:11,20,8,10,2,11,3,27.3,0,0,,1,1,1,4,3,0,0,0
140,DEN,2022-11-27,2,1,4,44,4,34,1,3,28.6,16.7,Sun,11,12,@,CAR,L 10-23,14,4,8,2,14,4,28.6,1,0,0.0,349,1,4,44,4,34,8,78,2,2,2,3,3,0,246,57,4.32,65,5.37,2,22:57,3:06,19,10,9,0,12,2,16.7,2,2,100.0,1,1,1,2,1,0,0,0
141,DEN,2022-12-04,0,2,4,48,3,15,3,1,16.7,23.1,Sun,12,13,@,BAL,L 9-10,12,4,7,1,12,2,16.7,0,0,,285,2,4,48,3,15,7,63,1,1,1,1,1,0,272,52,5.23,69,4.13,0,27:31,2:56,20,9,8,3,13,3,23.1,3,3,100.0,0,0,0,4,3,0,0,0
142,DEN,2022-12-11,2,3,6,38,4,70,0,2,35.3,50.0,Sun,13,14,,KAN,L 28-34,17,6,10,1,17,6,35.3,2,1,50.0,431,3,6,38,4,70,10,108,4,4,4,2,2,0,320,69,4.64,67,6.43,2,29:47,3:11,20,5,15,0,12,6,50.0,0,0,,4,4,4,0,0,0,0,0
143,DEN,2022-12-18,2,3,4,31,7,46,1,3,36.4,16.7,Sun,14,15,,ARI,W 24-15,23,12,10,1,11,4,36.4,0,0,,240,3,4,31,7,46,11,77,1,0,0,3,3,0,324,67,4.84,59,4.07,2,32:58,2:58,13,4,8,1,12,2,16.7,0,0,,3,3,3,2,1,0,0,0
144,DEN,2022-12-25,4,0,6,55,3,6,2,3,30.0,60.0,Sun,15,16,@,LAR,L 14-51,18,7,11,0,10,3,30.0,3,1,33.3,388,0,6,55,3,6,9,61,6,6,6,3,3,0,323,61,5.30,64,6.06,4,23:25,2:58,26,11,14,1,10,6,60.0,1,1,100.0,1,0,0,2,2,1,1,0
145,DEN,2023-01-01,2,2,3,23,5,31,1,0,25.0,22.2,Sun,16,17,@,KAN,L 24-27,21,6,12,3,12,3,25.0,2,1,50.0,374,2,3,23,5,31,8,54,4,3,3,1,0,0,307,66,4.65,58,6.45,2,33:06,3:04,22,3,18,1,9,2,22.2,1,1,100.0,3,3,3,1,1,0,0,0
146,DEN,2023-01-08,2,2,3,36,5,34,1,2,41.7,50.0,Sun,17,18,,LAC,W 31-28,22,12,8,2,12,5,41.7,1,1,100.0,352,2,3,36,5,34,8,70,3,2,2,2,2,0,471,62,7.60,67,5.25,2,31:03,3:03,21,3,17,1,14,7,50.0,0,0,,4,4,4,1,1,0,0,0
147,DEN,2023-09-10,0,1,10,83,10,97,1,1,45.5,45.5,Sun,1,1,,LVR,L 16-17,22,5,11,6,11,5,45.5,0,0,,261,1,10,83,10,97,20,180,2,2,2,1,1,0,260,58,4.48,55,4.75,0,32:08,2:55,22,5,11,6,11,5,45.5,1,1,100.0,2,2,1,2,1,0,0,0
148,DEN,2023-09-17,2,0,9,58,8,71,2,2,33.3,30.0,Sun,2,2,,WAS,L 33-35,21,10,8,3,12,4,33.3,2,2,100.0,388,0,9,58,8,71,17,129,4,3,3,4,2,0,399,62,6.44,66,5.88,2,26:15,3:19,26,11,11,4,10,3,30.0,1,1,100.0,4,3,3,2,2,1,0,0
149,DEN,2023-09-24,3,0,7,46,6,55,2,0,25.0,55.6,Sun,3,3,@,MIA,L 20-70,16,2,13,1,12,3,25.0,1,0,0.0,726,0,7,46,6,55,13,101,10,10,10,0,0,0,363,59,6.15,71,10.23,3,26:39,3:18,30,12,16,2,9,5,55.6,3,1,33.3,2,2,2,2,2,0,0,0
150,DEN,2023-10-01,0,2,7,39,10,91,1,0,54.5,50.0,Sun,4,4,@,CHI,W 31-28,17,6,9,2,11,6,54.5,0,0,,471,2,7,39,10,91,17,130,4,4,4,0,0,0,311,48,6.48,70,6.73,0,26:11,2:55,26,7,17,2,12,6,50.0,3,1,33.3,4,4,4,1,1,0,0,0
151,DEN,2023-10-08,3,2,4,31,9,71,2,5,40.0,25.0,Sun,5,5,,NYJ,L 21-31,18,5,10,3,10,4,40.0,0,0,,407,2,4,31,9,71,13,102,2,2,2,5,5,1,308,57,5.40,62,6.56,3,25:24,3:03,18,8,10,0,12,3,25.0,0,0,,2,1,1,2,2,1,1,0
152,DEN,2023-10-12,3,1,3,34,7,84,0,4,40.0,30.8,Thu,6,6,@,KAN,L 8-19,14,8,4,2,10,4,40.0,1,0,0.0,389,1,3,34,7,84,10,118,1,1,1,4,4,0,197,49,4.02,70,5.56,3,24:11,2:50,22,6,14,2,13,4,30.8,1,0,0.0,1,0,0,0,0,1,1,0
153,DEN,2023-10-22,0,1,8,60,7,56,4,1,41.7,42.9,Sun,7,7,,GNB,W 19-17,18,6,9,3,12,5,41.7,1,0,0.0,331,1,8,60,7,56,15,116,2,2,2,2,1,0,339,55,6.16,61,5.43,0,28:23,2:59,20,5,13,2,14,6,42.9,2,2,100.0,1,1,1,4,4,0,0,0
154,DEN,2023-10-29,1,5,6,35,5,38,1,3,42.9,30.0,Sun,8,8,,KAN,W 24-9,19,10,7,2,14,6,42.9,1,0,0.0,274,5,6,35,5,38,11,73,0,0,0,3,3,0,240,65,3.69,57,4.81,1,33:47,3:00,18,3,12,3,10,3,30.0,3,1,33.3,3,3,3,2,1,0,0,0
155,DEN,2023-11-13,1,4,10,61,5,63,4,0,42.1,37.5,Mon,9,10,@,BUF,W 24-22,19,5,12,2,19,8,42.1,1,1,100.0,369,4,10,61,5,63,15,124,3,2,2,0,0,0,300,71,4.23,52,7.10,1,37:21,3:10,18,12,6,0,8,3,37.5,1,0,0.0,2,1,0,4,4,1,0,0
156,DEN,2023-11-19,0,3,4,48,6,55,5,2,16.7,40.0,Sun,10,11,,MIN,W 21-20,13,2,11,0,12,2,16.7,1,1,100.0,385,3,4,48,6,55,10,103,2,2,2,2,2,0,295,52,5.67,70,5.50,0,25:02,3:02,19,9,9,1,15,6,40.0,4,3,75.0,1,0,0,5,5,1,0,0
157,DEN,2023-11-26,1,3,8,71,8,66,2,2,42.9,15.4,Sun,11,12,,CLE,W 29-12,17,10,5,2,14,6,42.9,1,0,0.0,269,3,8,71,8,66,16,137,1,0,0,2,2,0,294,62,4.74,70,3.84,1,32:48,3:12,19,6,10,3,13,2,15.4,5,2,40.0,3,3,3,2,2,0,0,1
158,DEN,2023-12-03,3,0,2,8,8,81,1,3,0.0,25.0,Sun,12,13,@,HOU,L 17-22,16,9,5,2,11,0,0.0,3,3,100.0,353,0,2,8,8,81,10,89,2,1,1,3,3,0,282,59,4.78,63,5.60,3,26:56,3:09,14,5,8,1,16,4,25.0,1,1,100.0,2,2,2,1,1,0,0,0
159,DEN,2023-12-10,1,2,4,26,2,10,1,0,47.1,0.0,Sun,13,14,@,LAC,W 24-7,19,9,9,1,17,8,47.1,0,0,,283,2,4,26,2,10,6,36,1,1,1,0,0,0,322,66,4.88,67,4.22,1,33:29,3:00,17,3,13,1,12,0,0.0,6,1,16.7,3,3,3,1,1,0,0,0
160,DEN,2023-12-16,1,0,4,40,2,54,1,0,38.5,50.0,Sat,14,15,@,DET,L 17-42,20,7,12,1,13,5,38.5,2,2,100.0,448,0,4,40,2,54,6,94,6,6,6,0,0,0,287,62,4.63,64,7.00,1,28:42,3:03,29,10,18,1,10,5,50.0,1,1,100.0,2,2,2,1,1,0,0,0
161,DEN,2023-12-24,2,1,2,25,3,25,0,2,30.8,23.1,Sun,15,16,,NWE,L 23-26,19,9,10,0,13,4,30.8,2,1,50.0,289,1,2,25,3,25,5,50,3,3,2,3,2,0,276,65,4.25,56,5.16,2,31:18,3:08,12,1,11,0,13,3,23.1,0,0,,3,1,1,1,0,2,2,0
162,DEN,2023-12-31,0,1,7,49,3,48,3,3,41.2,18.2,Sun,16,17,,LAC,W 16-9,16,8,7,1,17,7,41.2,1,1,100.0,301,1,7,49,3,48,10,97,0,0,0,4,3,0,313,67,4.67,63,4.78,0,33:46,2:56,17,6,10,1,11,2,18.2,2,1,50.0,1,1,1,4,3,0,0,0
163,DEN,2024-01-07,1,0,4,35,0,0,0,2,33.3,53.8,Sun,17,18,@,LVR,L 14-27,17,5,12,0,12,4,33.3,3,2,66.7,359,0,4,35,0,0,4,35,3,3,3,2,2,0,286,59,4.85,66,5.44,1,29:24,2:56,22,10,12,0,13,7,53.8,0,0,,2,2,2,0,0,0,0,0